event_fraction,classifier,correction,recalibration,auroc,auprc,cal_intercept,cal_slope,ici,ici_rel,ece,brier,scaled_brier,spiegelhalter_z,oe_ratio,sens_t050,spec_t050,sens_tprev,spec_tprev,mcc_tprev,mae_true,mae_true_rel
0.001,cart,adasyn,beta,0.5903,0.0014,-0.0413,1.2144,0.0002,0.2353,0.0002,0.001,0.0001,-0.5829,0.9645,0.0,1.0,0.4521,0.7202,0.0121,0.0007,0.717
0.001,cart,adasyn,intercept,0.5921,0.0014,-0.1544,0.0969,0.0014,1.3815,0.0013,0.0012,-0.2497,5.9435,0.8986,0.0,0.9998,0.4021,0.7598,0.0121,0.0014,1.3974
0.001,cart,adasyn,isotonic,0.5892,0.0013,-0.039,0.9802,0.0003,0.2911,0.0001,0.001,0.0001,-0.5507,0.9665,0.0,1.0,0.4203,0.747,0.0123,0.0007,0.7116
0.001,cart,adasyn,none,0.5903,0.0014,-7.211,0.0513,0.1977,198.2908,0.1972,0.1495,-149.1282,381.7671,0.0051,0.4031,0.7592,0.505,0.6606,0.0112,0.1977,197.3483
0.001,cart,adasyn,platt,0.5903,0.0014,-0.0467,1.2783,0.0002,0.2305,0.0002,0.001,0.0001,-0.6602,0.9597,0.0,1.0,0.4555,0.7072,0.0112,0.0007,0.7219
0.001,cart,adasyn,prior,0.5924,0.0014,-0.3416,0.0953,0.0015,1.521,0.0014,0.0012,-0.2522,2.972,0.7819,0.0,0.9998,0.4031,0.7592,0.0121,0.0016,1.562
0.001,cart,none,beta,0.5635,0.0013,-0.0414,0.6417,0.0003,0.2559,0.0002,0.001,0.0001,-0.5882,0.9644,0.0,1.0,0.5381,0.5497,0.0064,0.0008,0.757
0.001,cart,none,intercept,0.5618,0.0013,-0.0315,0.0694,0.0011,1.1148,0.0009,0.001,-0.0293,0.4211,0.9775,0.0,1.0,0.2944,0.83,0.0112,0.0012,1.2144
0.001,cart,none,isotonic,0.5635,0.0013,-0.0391,0.6912,0.0006,0.6339,0.0001,0.001,-0.0001,-0.5491,0.9664,0.0,1.0,0.4516,0.655,0.0115,0.0008,0.7654
0.001,cart,none,none,0.5618,0.0013,-0.0414,0.0682,0.0011,1.1516,0.001,0.001,-0.0299,0.2758,0.9789,0.0,1.0,0.2944,0.83,0.0112,0.0012,1.2376
0.001,cart,none,platt,0.5635,0.0013,-0.0481,0.4883,0.0003,0.3017,0.0002,0.001,0.0001,-0.6799,0.9576,0.0,1.0,0.5685,0.5193,0.0055,0.0008,0.7592
0.001,cart,ros,beta,0.5552,0.0013,-0.0297,0.8617,0.0008,0.8182,0.0002,0.001,0.0001,-0.4181,0.9752,0.0,1.0,0.4292,0.6516,0.0084,0.0007,0.7363
0.001,cart,ros,intercept,0.5552,0.0013,-0.0271,0.0772,0.0007,0.7334,0.0012,0.0011,-0.0822,2.1166,0.9771,0.0,0.9999,0.2653,0.8417,0.0095,0.0015,1.5147
0.001,cart,ros,isotonic,0.5536,0.0012,-0.0386,0.7767,0.0008,0.7789,0.0001,0.001,0.0,-0.5453,0.9667,0.0,1.0,0.4292,0.6516,0.0084,0.0007,0.7463
0.001,cart,ros,none,0.5552,0.0013,-6.9263,0.0422,0.1358,136.6403,0.1351,0.1097,-109.5371,411.3145,0.008,0.2779,0.8272,0.2779,0.8272,0.009,0.1365,136.3074
0.001,cart,ros,platt,0.5552,0.0013,-0.0474,0.8159,0.0008,0.8183,0.0002,0.001,0.0,-0.6695,0.9576,0.0,1.0,0.4292,0.6516,0.0084,0.0007,0.7448
0.001,cart,ros,prior,0.5552,0.0013,-0.057,0.0772,0.0008,0.7775,0.0012,0.0011,-0.0845,1.7027,0.9647,0.0,0.9999,0.2779,0.8272,0.009,0.0016,1.5553
0.001,cart,rus,beta,0.5873,0.0013,0.0147,0.7367,0.0002,0.1751,0.0001,0.001,0.0001,0.2053,1.0227,0.0,1.0,0.5415,0.5982,0.0091,0.0007,0.7129
0.001,cart,rus,intercept,0.5873,0.0013,-0.0424,0.2667,0.0007,0.6777,0.0007,0.001,-0.0008,-0.5697,0.9636,0.0,1.0,0.454,0.6798,0.0092,0.0009,0.9443
0.001,cart,rus,isotonic,0.5842,0.0013,-0.0397,0.7424,0.0002,0.2462,0.0001,0.001,0.0001,-0.5621,0.9658,0.0,1.0,0.5415,0.5982,0.0091,0.0007,0.7292
0.001,cart,rus,none,0.5873,0.0013,-7.4678,0.2667,0.4638,466.7245,0.4638,0.2785,-279.6773,213.3737,0.0021,0.4918,0.6543,1.0,0.0,,0.4638,463.0489
0.001,cart,rus,platt,0.5873,0.0013,-0.0765,0.8999,0.0002,0.235,0.0002,0.001,0.0001,-1.0857,0.9316,0.0,1.0,0.5415,0.5982,0.0091,0.0007,0.7423
0.001,cart,rus,prior,0.5873,0.0013,-0.5976,0.2667,0.0013,1.2855,0.0013,0.001,-0.0061,-8.6083,0.5783,0.0,1.0,0.4918,0.6543,0.0098,0.0015,1.5244
0.001,cart,smote,beta,0.5912,0.0014,-0.0439,1.1408,0.0002,0.2489,0.0002,0.001,0.0001,-0.6192,0.9615,0.0,1.0,0.4484,0.7143,0.0117,0.0007,0.7182
0.001,cart,smote,intercept,0.5934,0.0014,-0.12,0.0973,0.0012,1.2136,0.0012,0.0012,-0.1853,4.0806,0.9229,0.0,0.9998,0.4021,0.758,0.0119,0.0014,1.3687
0.001,cart,smote,isotonic,0.5914,0.0014,-0.0385,0.9967,0.0004,0.4407,0.0001,0.001,0.0001,-0.5435,0.9669,0.0,1.0,0.4479,0.7254,0.0123,0.0007,0.7123
0.001,cart,smote,none,0.5912,0.0014,-7.1217,0.0513,0.1989,199.5529,0.1982,0.1505,-150.1622,388.5396,0.005,0.406,0.7561,0.4967,0.675,0.0117,0.199,198.6491
0.001,cart,smote,platt,0.5912,0.0014,-0.0585,1.4574,0.0002,0.2487,0.0002,0.001,0.0001,-0.8284,0.9475,0.0,1.0,0.4745,0.6878,0.0111,0.0007,0.7265
0.001,cart,smote,prior,0.5929,0.0014,-0.2522,0.0959,0.0014,1.3832,0.0014,0.0012,-0.1873,2.1742,0.8147,0.0,0.9998,0.406,0.7561,0.0121,0.0015,1.4898
0.001,cart,weighted,beta,0.5594,0.0013,-0.0334,1.1431,0.0008,0.8078,0.0002,0.001,0.0001,-0.4707,0.9712,0.0,1.0,0.4417,0.6487,0.0093,0.0007,0.7394
0.001,cart,weighted,intercept,0.5594,0.0013,-0.0292,0.0819,0.0008,0.7909,0.001,0.001,-0.0104,-0.107,0.9751,0.0,1.0,0.2779,0.8384,0.0103,0.0015,1.4978
0.001,cart,weighted,isotonic,0.5577,0.0013,-0.0386,0.9751,0.0008,0.8135,0.0001,0.001,0.0,-0.5443,0.9667,0.0,1.0,0.4417,0.6487,0.0093,0.0007,0.7481
0.001,cart,weighted,none,0.5594,0.0013,-6.9074,0.045,0.1399,140.6474,0.1392,0.114,-113.6981,422.0789,0.0076,0.2904,0.8239,0.2904,0.8239,0.0098,0.1406,140.3796
0.001,cart,weighted,platt,0.5594,0.0013,-0.0436,1.0825,0.0008,0.826,0.0002,0.001,0.0001,-0.6162,0.9619,0.0,1.0,0.4417,0.6487,0.0093,0.0007,0.7449
0.001,cart,weighted,prior,0.5594,0.0013,-0.038,0.0819,0.0008,0.8149,0.0011,0.001,-0.0109,-0.2352,0.981,0.0,1.0,0.2904,0.8239,0.0098,0.0015,1.52
0.001,lr,adasyn,beta,0.7297,0.004,-0.0186,0.9521,0.0003,0.2662,0.0003,0.001,0.0008,-0.2596,0.986,0.0,1.0,0.6875,0.6406,0.0223,0.0004,0.4479
0.001,lr,adasyn,intercept,0.7297,0.004,-0.0395,0.6457,0.0004,0.415,0.0004,0.001,-0.0014,-0.4558,0.966,0.0,1.0,0.5827,0.7545,0.0248,0.0006,0.5521
0.001,lr,adasyn,isotonic,0.7231,0.0029,-0.0504,0.8457,0.0003,0.3227,0.0003,0.001,0.0006,-0.6927,0.9551,0.0,1.0,0.6192,0.7262,0.0247,0.0005,0.4822
0.001,lr,adasyn,none,0.7297,0.004,-7.0894,0.6457,0.362,363.86,0.362,0.1905,-190.6815,43.6031,0.0028,0.6254,0.7109,1.0,0.0,0.0002,0.362,361.4198
0.001,lr,adasyn,platt,0.7297,0.004,-0.0716,1.143,0.0002,0.2486,0.0002,0.001,0.0011,-1.0109,0.9347,0.0,1.0,0.6844,0.6429,0.022,0.0004,0.4074
0.001,lr,adasyn,prior,0.7297,0.004,-0.2194,0.6457,0.0005,0.5514,0.0005,0.001,-0.0029,-2.9846,0.8098,0.0,1.0,0.6254,0.7109,0.0234,0.0006,0.6402
0.001,lr,none,beta,0.7345,0.0044,-0.044,0.9791,0.0002,0.1879,0.0002,0.001,0.0012,-0.6245,0.9631,0.0,1.0,0.6694,0.6695,0.0231,0.0003,0.338
0.001,lr,none,intercept,0.7345,0.0044,-0.0392,0.9605,0.0002,0.185,0.0002,0.001,0.0012,-0.5525,0.9664,0.0,1.0,0.6657,0.6757,0.0233,0.0003,0.3336
0.001,lr,none,isotonic,0.7275,0.0029,-0.0526,0.8404,0.0004,0.3596,0.0003,0.001,0.0007,-0.7279,0.9529,0.0,1.0,0.635,0.6971,0.0235,0.0004,0.4477
0.001,lr,none,none,0.7345,0.0044,-0.0757,0.9605,0.0002,0.1966,0.0002,0.001,0.0011,-1.0666,0.9399,0.0,1.0,0.6871,0.6656,0.0236,0.0004,0.3636
0.001,lr,none,platt,0.7345,0.0044,-0.0446,0.9763,0.0002,0.1892,0.0002,0.001,0.0012,-0.6327,0.9626,0.0,1.0,0.6674,0.6699,0.023,0.0003,0.3385
0.001,lr,ros,beta,0.7289,0.0039,-0.0544,0.8351,0.0003,0.2872,0.0002,0.001,0.0009,-0.7612,0.95,0.0,1.0,0.6777,0.6517,0.0226,0.0005,0.4699
0.001,lr,ros,intercept,0.7289,0.0039,-0.0375,0.7532,0.0003,0.2732,0.0003,0.001,0.0002,-0.491,0.9678,0.0,1.0,0.6184,0.7238,0.0242,0.0005,0.4648
0.001,lr,ros,isotonic,0.7225,0.0028,-0.0496,0.8527,0.0003,0.2731,0.0003,0.001,0.0006,-0.682,0.9561,0.0,1.0,0.6001,0.7442,0.0251,0.0005,0.4835
0.001,lr,ros,none,0.7289,0.0039,-6.9755,0.7532,0.3796,381.8225,0.3797,0.1939,-194.2583,18.1637,0.0026,0.6345,0.7026,1.0,0.0,0.0001,0.3796,379.063
0.001,lr,ros,platt,0.7289,0.0039,-0.0719,1.1656,0.0002,0.2341,0.0002,0.001,0.0011,-1.0164,0.9345,0.0,1.0,0.6835,0.6412,0.0218,0.0004,0.4151
0.001,lr,ros,prior,0.7289,0.0039,-0.1053,0.7532,0.0003,0.3186,0.0003,0.001,0.0001,-1.449,0.9076,0.0,1.0,0.6345,0.7026,0.0233,0.0005,0.4932
0.001,lr,rus,beta,0.7161,0.0036,-0.0248,1.2316,0.0002,0.2427,0.0003,0.001,0.0007,-0.3473,0.9815,0.0,1.0,0.6565,0.6532,0.0208,0.0005,0.5138
0.001,lr,rus,intercept,0.7161,0.0036,-0.036,0.6712,0.0004,0.4397,0.0004,0.001,-0.0011,-0.4275,0.9693,0.0,1.0,0.5687,0.7404,0.0222,0.0006,0.5829
0.001,lr,rus,isotonic,0.709,0.0026,-0.0477,0.8584,0.0003,0.306,0.0003,0.001,0.0007,-0.6654,0.9579,0.0,1.0,0.6995,0.6009,0.0201,0.0005,0.5279
0.001,lr,rus,none,0.7161,0.0036,-7.2067,0.6712,0.4043,406.3999,0.4044,0.2194,-219.7474,82.8406,0.0025,0.6461,0.6568,1.0,0.0,0.0002,0.4044,403.7855
0.001,lr,rus,platt,0.7161,0.0036,-0.0742,1.2684,0.0003,0.2575,0.0002,0.001,0.0009,-1.049,0.9322,0.0,1.0,0.6593,0.637,0.0198,0.0005,0.4741
0.001,lr,rus,prior,0.7161,0.0036,-0.3365,0.6712,0.0006,0.556,0.0006,0.001,-0.0045,-4.669,0.7187,0.0,1.0,0.6461,0.6568,0.0202,0.0008,0.7517
0.001,lr,smote,beta,0.7296,0.004,-0.0195,0.9541,0.0003,0.3047,0.0003,0.001,0.0008,-0.2722,0.985,0.0,1.0,0.6866,0.6396,0.0222,0.0004,0.4476
0.001,lr,smote,intercept,0.7296,0.004,-0.0395,0.6477,0.0004,0.3998,0.0004,0.001,-0.0013,-0.457,0.9659,0.0,1.0,0.5827,0.754,0.0248,0.0006,0.5506
0.001,lr,smote,isotonic,0.7242,0.0029,-0.0497,0.845,0.0003,0.2809,0.0003,0.001,0.0007,-0.6838,0.9558,0.0,1.0,0.6151,0.7301,0.0248,0.0005,0.4839
0.001,lr,smote,none,0.7296,0.004,-7.0883,0.6477,0.3624,364.2639,0.3624,0.1907,-190.8664,43.4372,0.0027,0.6234,0.7105,1.0,0.0,0.0002,0.3624,361.8725
0.001,lr,smote,platt,0.7296,0.004,-0.0715,1.1428,0.0002,0.2403,0.0002,0.001,0.0011,-1.0096,0.9348,0.0,1.0,0.6845,0.6426,0.022,0.0004,0.4078
0.001,lr,smote,prior,0.7296,0.004,-0.2181,0.6477,0.0005,0.5201,0.0005,0.001,-0.0029,-2.9684,0.8106,0.0,1.0,0.6234,0.7105,0.0232,0.0006,0.638
0.001,lr,weighted,beta,0.7292,0.0039,-0.0663,0.8541,0.0003,0.3017,0.0003,0.001,0.0009,-0.9337,0.9391,0.0,1.0,0.6842,0.6461,0.0224,0.0005,0.4773
0.001,lr,weighted,intercept,0.7292,0.0039,-0.0377,0.7515,0.0003,0.2894,0.0003,0.001,0.0002,-0.4938,0.9676,0.0,1.0,0.6195,0.7242,0.0243,0.0005,0.4648
0.001,lr,weighted,isotonic,0.7241,0.0029,-0.0494,0.8573,0.0003,0.2684,0.0003,0.001,0.0006,-0.6808,0.9563,0.0,1.0,0.6031,0.7429,0.0251,0.0005,0.4831
0.001,lr,weighted,none,0.7292,0.0039,-6.9753,0.7515,0.3789,381.1212,0.379,0.1936,-193.908,18.118,0.0026,0.6355,0.7033,1.0,0.0,0.0001,0.379,378.3907
0.001,lr,weighted,platt,0.7292,0.0039,-0.072,1.1634,0.0003,0.3009,0.0002,0.001,0.0011,-1.0172,0.9345,0.0,1.0,0.6855,0.6417,0.0219,0.0004,0.4141
0.001,lr,weighted,prior,0.7292,0.0039,-0.1051,0.7515,0.0003,0.3302,0.0003,0.001,0.0001,-1.4452,0.9079,0.0,1.0,0.6355,0.7033,0.0234,0.0005,0.4931
0.001,mlp,adasyn,beta,0.5196,0.0011,-0.0609,0.3752,0.001,1.0186,0.0001,0.001,-0.0002,-0.855,0.945,0.0,1.0,0.4615,0.557,0.0033,0.0008,0.779
0.001,mlp,adasyn,intercept,0.5144,0.0011,-0.0143,0.034,0.001,1.0066,0.0001,0.0016,-0.5869,40.0233,1.003,0.0,0.9993,0.017,0.9899,0.0021,0.002,1.9602
0.001,mlp,adasyn,isotonic,0.5758,0.0013,-0.0431,0.5803,0.0005,0.4996,0.0002,0.001,-0.0002,-0.6037,0.9626,0.0,1.0,0.3451,0.7705,0.0089,0.0008,0.7531
0.001,mlp,adasyn,none,0.5196,0.0011,-2.4407,0.0404,0.0028,2.7739,0.0021,0.0027,-1.7442,40.1956,0.4002,0.0,0.9977,0.0335,0.9793,0.0025,0.0037,3.7052
0.001,mlp,adasyn,platt,0.5172,0.0011,-0.0435,0.3724,0.001,1.0053,0.0001,0.001,-0.0002,-0.6108,0.9625,0.0,1.0,0.4463,0.5694,0.0021,0.0008,0.7719
0.001,mlp,adasyn,prior,0.5068,0.001,4.2111,0.0139,0.0001,0.1411,0.0009,0.0011,-0.0731,80.8035,8.4727,0.0,0.9999,0.0,0.9977,-0.0015,0.0011,1.1267
0.001,mlp,none,beta,0.5169,0.0011,-0.0512,0.2017,0.0002,0.1767,0.0003,0.001,-0.0,-0.7229,0.9544,0.0,1.0,0.4667,0.5378,0.0017,0.0008,0.7729
0.001,mlp,none,intercept,0.4904,0.001,-0.0399,-0.0154,0.0009,0.8818,0.0009,0.001,-0.0021,-0.5117,0.9651,0.0,1.0,0.3023,0.689,-0.0005,0.0011,1.1101
0.001,mlp,none,isotonic,0.4991,0.001,-0.0426,0.0437,0.0008,0.7721,0.0002,0.001,-0.0003,-0.5963,0.9628,0.0,1.0,0.4109,0.5861,-0.0009,0.0008,0.7999
0.001,mlp,none,none,0.4904,0.001,-1.0598,-0.0153,0.0024,2.4185,0.0024,0.001,-0.02,-15.6203,0.3567,0.0,1.0,0.6003,0.392,-0.0004,0.0026,2.5957
0.001,mlp,none,platt,0.5169,0.0011,-0.0397,0.1604,0.0002,0.1926,0.0002,0.001,-0.0,-0.5616,0.9666,0.0,1.0,0.4187,0.6033,0.0013,0.0008,0.7757
0.001,mlp,ros,beta,0.5328,0.0012,-0.0498,0.969,0.001,0.9565,0.0001,0.001,-0.0001,-0.7017,0.9558,0.0,1.0,0.3025,0.7398,0.0068,0.0008,0.7683
0.001,mlp,ros,intercept,0.5325,0.0012,-0.149,0.0967,0.0011,1.0737,0.0012,0.0016,-0.5701,31.713,0.9323,0.002,0.9993,0.0349,0.985,0.0053,0.002,2.0176
0.001,mlp,ros,isotonic,0.5896,0.0013,-0.0413,0.717,0.0003,0.3275,0.0002,0.001,-0.0002,-0.5775,0.9643,0.0,1.0,0.5534,0.5798,0.0095,0.0008,0.7599
0.001,mlp,ros,none,0.5328,0.0012,-0.4035,0.0935,0.0013,1.3028,0.0015,0.0017,-0.6982,31.0721,0.8709,0.002,0.9991,0.0399,0.9825,0.0056,0.0022,2.2416
0.001,mlp,ros,platt,0.5328,0.0012,-0.044,1.0227,0.0009,0.9429,0.0001,0.001,-0.0001,-0.6216,0.9619,0.0,1.0,0.4789,0.5518,0.0066,0.0008,0.7647
0.001,mlp,ros,prior,0.5125,0.0011,5.6386,0.1561,0.0,0.0373,0.001,0.001,-0.0163,138.0046,32.6144,0.0,1.0,0.002,0.9991,0.0014,0.001,1.029
0.001,mlp,rus,beta,0.6153,0.0019,-0.0318,0.8427,0.0003,0.3239,0.0003,0.001,0.0002,-0.447,0.978,0.0,1.0,0.6012,0.5499,0.0109,0.0007,0.6881
0.001,mlp,rus,intercept,0.6153,0.0019,-0.0399,1.1866,0.0002,0.2477,0.0003,0.001,0.0002,-0.5667,0.9655,0.0,1.0,0.5987,0.5601,0.0112,0.0007,0.686
0.001,mlp,rus,isotonic,0.6147,0.0015,-0.0447,0.5545,0.0005,0.4829,0.0002,0.001,-0.0004,-0.6087,0.9606,0.0,1.0,0.501,0.6715,0.0115,0.0007,0.6954
0.001,mlp,rus,none,0.6153,0.0019,-7.1396,1.1866,0.5373,541.2005,0.5373,0.3022,-303.924,245.0455,0.0019,0.7609,0.3535,1.0,0.0,,0.5373,536.4902
0.001,mlp,rus,platt,0.633,0.002,-0.0332,1.1204,0.0002,0.2255,0.0003,0.001,0.0002,-0.4639,0.9737,0.0,1.0,0.5796,0.5931,0.0121,0.0007,0.665
0.001,mlp,rus,prior,0.6153,0.0019,-0.2694,1.1866,0.0004,0.4305,0.0004,0.001,-0.0,-3.814,0.779,0.0,1.0,0.7609,0.3535,0.0075,0.0008,0.8288
0.001,mlp,smote,beta,0.5109,0.0011,-0.0617,0.0778,0.001,1.0284,0.0001,0.001,-0.0003,-0.8666,0.9436,0.0,1.0,0.4408,0.5668,0.0017,0.0008,0.7813
0.001,mlp,smote,intercept,0.5053,0.001,-0.2426,-0.0078,0.0011,1.0796,0.0001,0.0017,-0.6881,45.6411,0.917,0.001,0.9991,0.0139,0.9916,0.0018,0.0021,2.0512
0.001,mlp,smote,isotonic,0.577,0.0012,-0.0413,0.5641,0.0005,0.5397,0.0002,0.001,-0.0002,-0.5781,0.9641,0.0,1.0,0.3938,0.666,0.0061,0.0008,0.7578
0.001,mlp,smote,none,0.5109,0.0011,-2.4568,0.0026,0.0024,2.4402,0.0015,0.0026,-1.644,47.3728,0.4304,0.003,0.9979,0.0178,0.9849,0.0007,0.0034,3.3896
0.001,mlp,smote,platt,0.513,0.0011,-0.0537,0.2749,0.001,1.0233,0.0001,0.001,-0.0003,-0.7535,0.952,0.0,1.0,0.4337,0.5747,0.0015,0.0008,0.7785
0.001,mlp,smote,prior,0.5011,0.001,4.1842,-0.0907,0.0002,0.1773,0.0008,0.0011,-0.1009,79.9329,6.0509,0.0,0.9999,0.003,0.9979,0.0005,0.0012,1.1654
0.001,nb,adasyn,beta,0.6674,0.0024,-0.015,1.6155,0.0002,0.2434,0.0003,0.001,0.0004,-0.2163,0.9928,0.0,1.0,0.611,0.6271,0.0161,0.0006,0.61
0.001,nb,adasyn,intercept,0.6674,0.0024,-0.0384,0.3339,0.0007,0.7176,0.0007,0.001,-0.0017,-0.4613,0.9671,0.0,1.0,0.4796,0.7441,0.0163,0.0009,0.8819
0.001,nb,adasyn,isotonic,0.661,0.0019,-0.0469,0.9212,0.0003,0.3248,0.0003,0.001,0.0003,-0.655,0.9584,0.0,1.0,0.574,0.6414,0.0165,0.0006,0.6443
0.001,nb,adasyn,none,0.6674,0.0024,-6.9093,0.3279,0.2984,299.6494,0.2984,0.1631,-163.0402,67.7568,0.0033,0.4824,0.7442,0.9939,0.0285,0.004,0.2984,297.9995
0.001,nb,adasyn,platt,0.6674,0.0024,-0.0913,1.5444,0.0002,0.2148,0.0003,0.001,0.0004,-1.289,0.916,0.0,1.0,0.6803,0.5517,0.0152,0.0006,0.6386
0.001,nb,adasyn,prior,0.6674,0.0024,-0.0393,0.3341,0.0008,0.762,0.0007,0.001,-0.002,-0.4749,0.9793,0.0,1.0,0.4824,0.7442,0.0164,0.0009,0.898
0.001,nb,none,beta,0.7168,0.0038,-0.086,0.8896,0.0003,0.3436,0.0003,0.001,0.0005,-1.1921,0.921,0.0,1.0,0.6504,0.6741,0.0221,0.0005,0.516
0.001,nb,none,intercept,0.7168,0.0038,-0.0394,0.6763,0.0004,0.364,0.0003,0.001,0.0003,-0.5237,0.9663,0.0,1.0,0.6156,0.7078,0.0227,0.0005,0.509
0.001,nb,none,isotonic,0.7074,0.0025,-0.0523,0.8331,0.0003,0.3025,0.0002,0.001,0.0003,-0.7196,0.9531,0.0,1.0,0.5836,0.7147,0.0216,0.0005,0.5103
0.001,nb,none,none,0.7168,0.0038,-0.0403,0.6763,0.0004,0.4336,0.0004,0.001,0.0002,-0.5383,0.978,0.0,1.0,0.6125,0.709,0.0224,0.0005,0.5323
0.001,nb,none,platt,0.7168,0.0038,-0.0856,0.8909,0.0003,0.3451,0.0003,0.001,0.0005,-1.1836,0.9213,0.0,1.0,0.6484,0.6762,0.0222,0.0005,0.5169
0.001,nb,ros,beta,0.7166,0.0039,-0.0471,1.1045,0.0003,0.3198,0.0003,0.001,0.0007,-0.6673,0.9604,0.0,1.0,0.7238,0.5808,0.0201,0.0005,0.5064
0.001,nb,ros,intercept,0.7166,0.0039,-0.0392,0.6779,0.0003,0.3263,0.0003,0.001,0.0003,-0.522,0.9665,0.0,1.0,0.6156,0.7075,0.0226,0.0005,0.5078
0.001,nb,ros,isotonic,0.7074,0.0026,-0.0517,0.8418,0.0003,0.2893,0.0002,0.001,0.0004,-0.7119,0.9536,0.0,1.0,0.5875,0.7148,0.0219,0.0005,0.5119
0.001,nb,ros,none,0.7166,0.0039,-6.9105,0.6779,0.3664,368.3866,0.3665,0.1868,-187.1002,15.6074,0.0027,0.6134,0.7083,1.0,0.0003,0.0004,0.3665,365.9771
0.001,nb,ros,platt,0.7166,0.0039,-0.0688,1.1849,0.0003,0.2977,0.0002,0.001,0.0009,-0.9739,0.9373,0.0,1.0,0.7042,0.6106,0.0209,0.0005,0.4578
0.001,nb,ros,prior,0.7166,0.0039,-0.0403,0.6779,0.0004,0.3892,0.0003,0.001,0.0002,-0.5381,0.9781,0.0,1.0,0.6134,0.7083,0.0224,0.0005,0.5311
0.001,nb,rus,beta,0.692,0.0025,-0.0397,1.2918,0.0003,0.3013,0.0003,0.001,0.0005,-0.5621,0.9675,0.0,1.0,0.6649,0.605,0.0181,0.0006,0.5887
0.001,nb,rus,intercept,0.692,0.0025,-0.0162,0.4651,0.0006,0.6194,0.0007,0.001,-0.0214,0.4869,0.9904,0.0,1.0,0.4621,0.7867,0.0193,0.0009,0.883
0.001,nb,rus,isotonic,0.6785,0.0019,-0.0489,0.8364,0.0002,0.2534,0.0002,0.001,0.0003,-0.6845,0.9563,0.0,1.0,0.5543,0.6704,0.0156,0.0006,0.6161
0.001,nb,rus,none,0.692,0.0025,-7.6209,0.465,0.4172,419.2324,0.4174,0.2423,-242.5819,163.3885,0.0024,0.662,0.6216,1.0,0.0006,0.0007,0.4174,416.7237
0.001,nb,rus,platt,0.692,0.0025,-0.0632,1.4086,0.0003,0.3202,0.0003,0.001,0.0005,-0.8955,0.9424,0.0,1.0,0.6861,0.5801,0.0177,0.0006,0.5949
0.001,nb,rus,prior,0.692,0.0025,-0.7507,0.465,0.0014,1.407,0.0014,0.0011,-0.1004,-9.5225,0.5123,0.0,0.9999,0.662,0.6216,0.0185,0.0016,1.5856
0.001,nb,smote,beta,0.6674,0.0025,-0.0399,1.46,0.0003,0.2953,0.0003,0.001,0.0004,-0.5615,0.9685,0.0,1.0,0.6095,0.6293,0.0159,0.0006,0.616
0.001,nb,smote,intercept,0.6674,0.0025,-0.0383,0.3345,0.0007,0.7101,0.0007,0.001,-0.0017,-0.4603,0.9672,0.0,1.0,0.4795,0.744,0.0163,0.0009,0.8811
0.001,nb,smote,isotonic,0.6561,0.0019,-0.0467,0.9031,0.0003,0.3226,0.0003,0.001,0.0002,-0.6518,0.9585,0.0,1.0,0.613,0.5926,0.0165,0.0006,0.6446
0.001,nb,smote,none,0.6674,0.0025,-6.9095,0.3284,0.2986,299.9125,0.2987,0.1632,-163.1411,67.6763,0.0033,0.4844,0.7439,0.9939,0.0285,0.004,0.2987,298.2421
0.001,nb,smote,platt,0.6674,0.0025,-0.0904,1.5483,0.0003,0.2852,0.0003,0.001,0.0004,-1.2768,0.9168,0.0,1.0,0.6774,0.5524,0.0151,0.0006,0.6383
0.001,nb,smote,prior,0.6674,0.0025,-0.0393,0.3347,0.0007,0.7098,0.0007,0.001,-0.002,-0.4751,0.9793,0.0,1.0,0.4844,0.7439,0.0166,0.0009,0.8972
0.001,rf,adasyn,beta,0.6305,0.0016,-0.0569,1.3284,0.0002,0.228,0.0002,0.001,0.0002,-0.8059,0.95,0.0,1.0,0.701,0.4826,0.0121,0.0007,0.7103
0.001,rf,adasyn,intercept,0.6305,0.0016,-0.0499,0.1808,0.001,1.0061,0.0011,0.001,-0.015,-0.2694,0.957,0.0,1.0,0.334,0.8151,0.0121,0.0012,1.2213
0.001,rf,adasyn,isotonic,0.6243,0.0015,-0.0435,0.7504,0.0003,0.278,0.0002,0.001,-0.0003,-0.6006,0.9622,0.0,1.0,0.6595,0.5199,0.0118,0.0007,0.7089
0.001,rf,adasyn,none,0.6305,0.0016,-3.2377,0.1333,0.0201,20.179,0.02,0.004,-3.0691,-56.7707,0.0493,0.005,0.9983,0.8436,0.3003,0.0099,0.0201,20.0377
0.001,rf,adasyn,platt,0.6305,0.0016,-0.0494,1.2937,0.0003,0.2585,0.0002,0.001,0.0002,-0.7004,0.9567,0.0,1.0,0.678,0.5059,0.0123,0.0007,0.7059
0.001,rf,adasyn,prior,0.6287,0.0016,3.6208,0.2554,0.0008,0.8552,0.001,0.001,-0.0009,84.4767,38.9656,0.0,1.0,0.005,0.9983,0.0024,0.001,0.973
0.001,rf,none,beta,0.6022,0.0022,-0.04,1.9524,0.0002,0.2419,0.0002,0.001,0.0001,-0.5662,0.9654,0.0,1.0,0.5962,0.5234,0.0102,0.0007,0.734
0.001,rf,none,intercept,0.6022,0.0022,-0.0532,0.1026,0.0011,1.0946,0.001,0.001,-0.0062,-0.5611,0.9535,0.0,1.0,0.388,0.7596,0.0109,0.0012,1.2175
0.001,rf,none,isotonic,0.589,0.0014,-0.0441,0.7894,0.0004,0.3899,0.0002,0.001,-0.0008,-0.5906,0.9612,0.0,1.0,0.4079,0.6875,0.0114,0.0007,0.7454
0.001,rf,none,none,0.6022,0.0022,-0.1161,0.101,0.0011,1.1168,0.0011,0.001,-0.0071,-1.4486,0.907,0.0,1.0,0.406,0.7455,0.0109,0.0013,1.2744
0.001,rf,none,platt,0.6022,0.0022,-0.0408,1.7617,0.0002,0.2194,0.0002,0.001,0.0001,-0.5794,0.9645,0.0,1.0,0.6646,0.4644,0.0102,0.0007,0.7335
0.001,rf,ros,beta,0.574,0.0015,-0.0486,1.4726,0.0006,0.601,0.0002,0.001,0.0001,-0.6868,0.9561,0.0,1.0,0.4941,0.6012,0.0086,0.0007,0.7326
0.001,rf,ros,intercept,0.574,0.0015,-0.035,0.0848,0.0009,0.922,0.0013,0.001,-0.0126,-0.1164,0.9702,0.0,1.0,0.3117,0.8125,0.0102,0.0014,1.4247
0.001,rf,ros,isotonic,0.5655,0.0013,-0.0378,0.8381,0.0006,0.5532,0.0002,0.001,-0.0001,-0.5285,0.9676,0.0,1.0,0.4759,0.6177,0.0086,0.0007,0.7362
0.001,rf,ros,none,0.574,0.0015,-0.993,0.0756,0.0025,2.4917,0.0026,0.0011,-0.0886,-13.837,0.3859,0.0,1.0,0.3757,0.7596,0.01,0.0029,2.9401
0.001,rf,ros,platt,0.574,0.0015,-0.0482,1.2034,0.0006,0.5908,0.0002,0.001,0.0001,-0.6856,0.9582,0.0,1.0,0.4941,0.6012,0.0086,0.0007,0.7307
0.001,rf,ros,prior,0.574,0.0015,5.6186,0.2918,0.0005,0.5395,0.001,0.001,-0.001,234.4894,284.1483,0.0,1.0,0.0,1.0,,0.001,0.9962
0.001,rf,rus,beta,0.6849,0.0025,-0.06,1.3563,0.0002,0.2347,0.0002,0.001,0.0005,-0.8459,0.9452,0.0,1.0,0.6108,0.6397,0.0167,0.0006,0.599
0.001,rf,rus,intercept,0.6849,0.0025,-0.0378,1.0422,0.0002,0.1686,0.0002,0.001,0.0006,-0.5361,0.9676,0.0,1.0,0.6283,0.6349,0.0176,0.0006,0.568
0.001,rf,rus,isotonic,0.6734,0.002,-0.0508,0.824,0.0003,0.2657,0.0002,0.001,-0.0002,-0.6918,0.9541,0.0,1.0,0.6636,0.603,0.0173,0.0006,0.6349
0.001,rf,rus,none,0.6849,0.0025,-6.926,1.0422,0.4558,458.1856,0.4558,0.229,-229.3641,5.2409,0.0022,0.6445,0.6271,1.0,0.0,,0.4558,455.0859
0.001,rf,rus,platt,0.6849,0.0025,-0.0508,1.4402,0.0002,0.1678,0.0002,0.001,0.0006,-0.722,0.9549,0.0,1.0,0.6299,0.6249,0.0171,0.0006,0.5859
0.001,rf,rus,prior,0.6849,0.0025,-0.0558,1.0422,0.0002,0.1889,0.0002,0.001,0.0005,-0.7986,0.96,0.0,1.0,0.6445,0.6271,0.0177,0.0006,0.5907
0.001,rf,smote,beta,0.6311,0.0016,-0.0433,1.6444,0.0002,0.2454,0.0002,0.001,0.0002,-0.6151,0.9625,0.0,1.0,0.6847,0.4972,0.0121,0.0007,0.7066
0.001,rf,smote,intercept,0.6311,0.0016,-0.0519,0.1805,0.001,1.0297,0.0011,0.001,-0.0152,-0.2923,0.955,0.0,1.0,0.3226,0.8148,0.0112,0.0012,1.2239
0.001,rf,smote,isotonic,0.6189,0.0015,-0.0435,0.7837,0.0002,0.2439,0.0002,0.001,-0.0003,-0.6012,0.9622,0.0,1.0,0.5897,0.5969,0.0124,0.0007,0.7134
0.001,rf,smote,none,0.6311,0.0016,-3.2399,0.1342,0.02,20.1122,0.02,0.0041,-3.0839,-56.6815,0.0493,0.003,0.9983,0.8416,0.302,0.0099,0.0201,20.0459
0.001,rf,smote,platt,0.6311,0.0016,-0.0526,1.555,0.0002,0.2403,0.0002,0.001,0.0002,-0.746,0.9531,0.0,1.0,0.6848,0.5004,0.0124,0.0007,0.7084
0.001,rf,smote,prior,0.6295,0.0016,3.6187,0.2544,0.0009,0.8611,0.001,0.001,-0.0009,84.3795,38.8762,0.0,1.0,0.003,0.9983,0.0009,0.001,0.973
0.001,rf,weighted,beta,0.6008,0.0016,-0.0346,1.1592,0.0003,0.3066,0.0002,0.001,0.0001,-0.4911,0.9707,0.0,1.0,0.5641,0.6007,0.0106,0.0007,0.7082
0.001,rf,weighted,intercept,0.6008,0.0016,-0.0388,0.0979,0.001,1.0208,0.001,0.001,-0.0036,-0.4271,0.9664,0.0,1.0,0.4396,0.719,0.0113,0.0012,1.1595
0.001,rf,weighted,isotonic,0.589,0.0014,-0.0402,0.8576,0.0005,0.4588,0.0002,0.001,-0.0002,-0.5577,0.9651,0.0,1.0,0.4313,0.7103,0.0102,0.0007,0.7251
0.001,rf,weighted,none,0.6009,0.0016,-1.3029,0.0831,0.0034,3.4306,0.0032,0.0011,-0.0669,-19.4467,0.2799,0.0,1.0,0.5641,0.6007,0.0106,0.0036,3.545
0.001,rf,weighted,platt,0.6008,0.0016,-0.0258,1.9092,0.0003,0.3168,0.0002,0.001,0.0001,-0.3637,0.9786,0.0,1.0,0.4453,0.6963,0.0114,0.0007,0.7078
0.001,rf,weighted,prior,0.6009,0.0016,5.4089,0.3512,0.001,0.9987,0.001,0.001,-0.001,211.664,232.3633,0.0,1.0,0.0,1.0,,0.001,0.9953
0.001,xgb,adasyn,beta,0.6308,0.0016,-0.0431,1.2323,0.0002,0.211,0.0002,0.001,0.0001,-0.61,0.9624,0.0,1.0,0.6035,0.5833,0.0123,0.0007,0.6923
0.001,xgb,adasyn,intercept,0.6306,0.0016,-0.0439,0.178,0.0011,1.1314,0.0012,0.001,-0.0095,-0.3374,0.9619,0.0,1.0,0.2995,0.824,0.0103,0.0013,1.3111
0.001,xgb,adasyn,isotonic,0.6219,0.0015,-0.0496,0.7105,0.0003,0.3293,0.0002,0.001,-0.0002,-0.6898,0.9563,0.0,1.0,0.5326,0.6623,0.0131,0.0007,0.7225
0.001,xgb,adasyn,none,0.6308,0.0016,-5.7642,0.1756,0.1197,120.2732,0.1197,0.0557,-55.0036,-30.0725,0.0084,0.158,0.9189,0.9384,0.1564,0.0082,0.1197,119.5447
0.001,xgb,adasyn,platt,0.6308,0.0016,-0.0505,1.4071,0.0002,0.218,0.0002,0.001,0.0002,-0.7167,0.9557,0.0,1.0,0.5904,0.5922,0.0121,0.0007,0.6942
0.001,xgb,adasyn,prior,0.6297,0.0016,1.1055,0.1827,0.0008,0.8318,0.0008,0.001,-0.0011,16.6315,3.1247,0.0,1.0,0.158,0.9189,0.0088,0.0009,0.9145
0.001,xgb,none,beta,0.6536,0.002,-0.0426,1.8307,0.0002,0.1659,0.0002,0.001,0.0003,-0.6049,0.963,0.0,1.0,0.5512,0.6418,0.0134,0.0007,0.6713
0.001,xgb,none,intercept,0.6536,0.002,-0.0344,0.3368,0.0008,0.7674,0.0009,0.001,-0.0148,-0.041,0.9713,0.0,1.0,0.3699,0.8095,0.0145,0.0011,1.0826
0.001,xgb,none,isotonic,0.6405,0.0017,-0.0447,0.8403,0.0002,0.2271,0.0002,0.001,0.0002,-0.6281,0.9609,0.0,1.0,0.5127,0.6876,0.0142,0.0007,0.6908
0.001,xgb,none,none,0.6536,0.002,0.3433,0.3368,0.0007,0.674,0.0008,0.001,-0.0078,5.2342,1.4451,0.0,1.0,0.2831,0.8643,0.0136,0.001,0.9512
0.001,xgb,none,platt,0.6536,0.002,-0.0369,1.9856,0.0002,0.1747,0.0002,0.001,0.0003,-0.5248,0.9696,0.0,1.0,0.5482,0.6435,0.0133,0.0007,0.6733
0.001,xgb,ros,beta,0.6364,0.0021,-0.0703,1.1068,0.0003,0.2579,0.0002,0.001,0.0002,-0.9921,0.9371,0.0,1.0,0.6115,0.5848,0.0129,0.0007,0.6974
0.001,xgb,ros,intercept,0.6364,0.0021,-0.0289,0.2541,0.001,0.9755,0.001,0.001,-0.011,-0.0679,0.9761,0.0,1.0,0.3409,0.8141,0.0126,0.0012,1.1785
0.001,xgb,ros,isotonic,0.6252,0.0015,-0.0444,0.6353,0.0003,0.2871,0.0003,0.001,0.0001,-0.6228,0.9611,0.0,1.0,0.4454,0.7203,0.0119,0.0007,0.7193
0.001,xgb,ros,none,0.6364,0.0021,-4.0274,0.2541,0.0403,40.3414,0.0403,0.0101,-9.1187,-74.3314,0.0266,0.0192,0.9922,0.9523,0.1229,0.0072,0.0404,40.2842
0.001,xgb,ros,platt,0.6364,0.0021,-0.0613,1.2702,0.0003,0.2598,0.0002,0.001,0.0002,-0.8663,0.9456,0.0,1.0,0.59,0.6018,0.0128,0.0007,0.6928
0.001,xgb,ros,prior,0.6355,0.0021,2.8412,0.262,0.0009,0.9136,0.0009,0.001,-0.0008,56.8489,19.8855,0.0,1.0,0.0192,0.9922,0.0046,0.0009,0.9429
0.001,xgb,rus,beta,0.6615,0.0022,0.0099,1.0863,0.0002,0.2033,0.0002,0.001,0.0003,0.1337,1.0191,0.0,1.0,0.5351,0.6768,0.0146,0.0006,0.6355
0.001,xgb,rus,intercept,0.6614,0.0022,-0.0326,0.2798,0.0009,0.8664,0.0011,0.001,-0.0127,-0.0604,0.9728,0.0,1.0,0.3379,0.8327,0.0144,0.0012,1.1578
0.001,xgb,rus,isotonic,0.65,0.0018,-0.044,0.824,0.0003,0.2583,0.0002,0.001,0.0003,-0.6173,0.9614,0.0,1.0,0.5055,0.7045,0.0144,0.0007,0.6667
0.001,xgb,rus,none,0.6615,0.0022,-8.3599,0.2798,0.4097,411.7047,0.4096,0.2686,-269.1422,299.4045,0.0024,0.626,0.6168,1.0,0.0,0.0001,0.4096,409.0188
0.001,xgb,rus,platt,0.6615,0.0022,-0.0861,1.6383,0.0002,0.213,0.0002,0.001,0.0004,-1.214,0.9217,0.0,1.0,0.5789,0.6368,0.0142,0.0007,0.6507
0.001,xgb,rus,prior,0.6615,0.0022,-1.4897,0.2798,0.0036,3.6196,0.0036,0.0012,-0.2199,-21.598,0.2381,0.0,1.0,0.626,0.6168,0.0158,0.0038,3.7908
0.001,xgb,smote,beta,0.6303,0.0017,-0.0561,1.1189,0.0003,0.3018,0.0002,0.001,0.0001,-0.7909,0.9491,0.0,1.0,0.6114,0.5842,0.0127,0.0007,0.6987
0.001,xgb,smote,intercept,0.6301,0.0017,-0.0431,0.178,0.0012,1.2084,0.0012,0.001,-0.0095,-0.3246,0.9626,0.0,1.0,0.3104,0.8238,0.0111,0.0013,1.3099
0.001,xgb,smote,isotonic,0.616,0.0014,-0.0474,0.7203,0.0002,0.2429,0.0002,0.001,-0.0002,-0.6603,0.9583,0.0,1.0,0.5738,0.61,0.0123,0.0007,0.719
0.001,xgb,smote,none,0.6303,0.0017,-5.746,0.1757,0.1189,119.4185,0.1188,0.055,-54.3166,-31.7479,0.0085,0.157,0.92,0.9363,0.1599,0.0083,0.1189,118.6998
0.001,xgb,smote,platt,0.6303,0.0017,-0.0495,1.2975,0.0003,0.2552,0.0002,0.001,0.0002,-0.7008,0.957,0.0,1.0,0.5922,0.5946,0.0123,0.0007,0.6931
0.001,xgb,smote,prior,0.6291,0.0017,1.1239,0.183,0.0008,0.8299,0.0008,0.001,-0.0011,16.96,3.2016,0.0,1.0,0.157,0.92,0.0089,0.0009,0.9149
0.001,xgb,weighted,beta,0.6409,0.0018,-0.0596,1.4433,0.0003,0.309,0.0002,0.001,0.0002,-0.8431,0.9471,0.0,1.0,0.5871,0.6077,0.0129,0.0007,0.6855
0.001,xgb,weighted,intercept,0.6409,0.0018,-0.0204,0.2439,0.0009,0.9374,0.0011,0.001,-0.0178,0.2576,0.9845,0.0,1.0,0.3098,0.8336,0.0122,0.0012,1.2207
0.001,xgb,weighted,isotonic,0.6315,0.0016,-0.0424,0.894,0.0003,0.3113,0.0002,0.001,0.0001,-0.5939,0.9634,0.0,1.0,0.4643,0.6946,0.0124,0.0007,0.7031
0.001,xgb,weighted,none,0.6409,0.0018,-3.6741,0.2435,0.0286,28.6342,0.0286,0.0071,-6.1051,-62.3277,0.0375,0.0184,0.9948,0.8917,0.2158,0.0083,0.0287,28.5944
0.001,xgb,weighted,platt,0.6409,0.0018,-0.0786,1.4979,0.0003,0.3173,0.0002,0.001,0.0002,-1.1068,0.9275,0.0,1.0,0.5514,0.6354,0.0127,0.0007,0.6912
0.001,xgb,weighted,prior,0.639,0.0018,3.1912,0.2634,0.0008,0.7971,0.0009,0.001,-0.0008,68.8639,28.1563,0.0,1.0,0.0184,0.9948,0.0054,0.001,0.9586
0.002,cart,adasyn,beta,0.6073,0.003,0.074,1.0259,0.0005,0.246,0.0004,0.002,0.0002,1.5106,1.0854,0.0,1.0,0.5801,0.5832,0.0159,0.0013,0.6633
0.002,cart,adasyn,intercept,0.6073,0.003,0.0877,0.1023,0.0018,0.9099,0.0018,0.0022,-0.0905,5.8637,1.0966,0.001,0.9998,0.4802,0.7078,0.0186,0.0022,1.095
0.002,cart,adasyn,isotonic,0.6085,0.0029,0.0701,0.8676,0.0004,0.1831,0.0004,0.002,0.0003,1.4286,1.0807,0.0,1.0,0.4971,0.6783,0.0175,0.0013,0.6551
0.002,cart,adasyn,none,0.6073,0.003,-6.3084,0.0541,0.2447,120.7513,0.244,0.1698,-82.956,303.8191,0.0084,0.4851,0.7048,0.6601,0.4938,0.014,0.2448,122.2858
0.002,cart,adasyn,platt,0.6073,0.003,0.0694,0.9936,0.0005,0.2415,0.0004,0.002,0.0002,1.4099,1.08,0.0,1.0,0.5314,0.599,0.0122,0.0013,0.6724
0.002,cart,adasyn,prior,0.6073,0.003,0.0182,0.1015,0.002,0.9768,0.0019,0.0022,-0.0915,4.479,1.0344,0.001,0.9998,0.4851,0.7051,0.0188,0.0023,1.1407
0.002,cart,none,beta,0.5906,0.0029,0.0701,0.9275,0.0004,0.2099,0.0004,0.002,0.0002,1.4237,1.0809,0.0,1.0,0.6795,0.3883,0.0064,0.0014,0.6918
0.002,cart,none,intercept,0.5906,0.0029,0.0536,0.1907,0.0015,0.7297,0.0014,0.0021,-0.0158,1.8882,1.0609,0.0,1.0,0.4241,0.7099,0.0137,0.002,0.9859
0.002,cart,none,isotonic,0.5904,0.0027,0.0686,0.7766,0.0004,0.1983,0.0003,0.002,-0.0001,1.4138,1.0789,0.0,1.0,0.4671,0.6603,0.0131,0.0014,0.6927
0.002,cart,none,none,0.5906,0.0029,0.1268,0.1898,0.0015,0.7233,0.0014,0.0021,-0.0148,3.3862,1.1497,0.0,1.0,0.4385,0.7038,0.0143,0.0019,0.9669
0.002,cart,none,platt,0.5906,0.0029,0.0678,0.9307,0.0004,0.2098,0.0004,0.002,0.0002,1.379,1.0784,0.0,1.0,0.6795,0.3883,0.0064,0.0014,0.6925
0.002,cart,ros,beta,0.5891,0.003,0.0673,1.253,0.0009,0.4424,0.0003,0.002,-0.0004,1.3927,1.0775,0.0,1.0,0.5439,0.5922,0.0183,0.0014,0.6827
0.002,cart,ros,intercept,0.5891,0.003,0.0797,0.0903,0.0016,0.7957,0.0021,0.0021,-0.0398,3.4531,1.0851,0.0,0.9999,0.3767,0.7969,0.0195,0.0026,1.2745
0.002,cart,ros,isotonic,0.591,0.0029,0.0729,1.1312,0.0011,0.5307,0.0003,0.002,0.0003,1.4833,1.0836,0.0,1.0,0.5321,0.6113,0.0199,0.0014,0.6753
0.002,cart,ros,none,0.5891,0.003,-6.1831,0.0514,0.18,88.6238,0.1783,0.1336,-64.8895,370.4123,0.0121,0.3803,0.7905,0.4188,0.7353,0.0163,0.1808,90.3219
0.002,cart,ros,platt,0.5891,0.003,0.0665,1.2038,0.0009,0.4575,0.0003,0.002,0.0002,1.3516,1.0768,0.0,1.0,0.5476,0.5859,0.0178,0.0014,0.6877
0.002,cart,ros,prior,0.5891,0.003,0.1432,0.0913,0.0015,0.7597,0.002,0.0021,-0.0387,4.773,1.1624,0.0,0.9999,0.3803,0.7905,0.0191,0.0025,1.2415
0.002,cart,rus,beta,0.5934,0.0028,0.0863,0.9676,0.0005,0.2266,0.0004,0.002,0.0002,1.7462,1.0984,0.0,1.0,0.5583,0.5412,0.0119,0.0014,0.6824
0.002,cart,rus,intercept,0.5783,0.0027,0.0686,0.2246,0.0015,0.7308,0.0012,0.002,-0.0052,1.6763,1.0793,0.0,1.0,0.3501,0.7466,0.0113,0.0022,1.1056
0.002,cart,rus,isotonic,0.5964,0.0028,0.0715,0.9207,0.0004,0.2106,0.0003,0.002,0.0002,1.4545,1.0825,0.0,1.0,0.4689,0.6466,0.0121,0.0014,0.6798
0.002,cart,rus,none,0.5934,0.0028,-9.0659,0.2225,0.4581,226.0536,0.4581,0.2761,-135.4314,237.9253,0.0044,0.54,0.5953,1.0,0.0,,0.4582,228.8935
0.002,cart,rus,platt,0.5934,0.0028,0.0585,1.081,0.0005,0.2317,0.0004,0.002,0.0002,1.1969,1.0693,0.0,1.0,0.5805,0.5276,0.011,0.0014,0.6918
0.002,cart,rus,prior,0.5934,0.0028,-2.7393,0.2225,0.0223,10.3449,0.0221,0.0217,-9.0718,234.2222,0.4591,0.0331,0.9802,0.54,0.5953,0.0127,0.0226,11.293
0.002,cart,smote,beta,0.6059,0.003,0.0696,0.8926,0.0004,0.1778,0.0004,0.002,-0.0001,1.4324,1.0796,0.0,1.0,0.6129,0.5507,0.0153,0.0013,0.6633
0.002,cart,smote,intercept,0.6059,0.003,0.0568,0.0982,0.0018,0.9003,0.0018,0.0022,-0.0849,4.9186,1.0652,0.0,0.9998,0.486,0.7011,0.0184,0.0022,1.1175
0.002,cart,smote,isotonic,0.6052,0.0029,0.0696,0.8174,0.0004,0.2079,0.0004,0.002,0.0003,1.4212,1.0802,0.0,1.0,0.4617,0.7206,0.0185,0.0013,0.6595
0.002,cart,smote,none,0.6059,0.003,-6.3034,0.0533,0.2436,120.189,0.2427,0.1706,-83.3159,313.8069,0.0085,0.4881,0.7003,0.6469,0.5004,0.0135,0.2436,121.7041
0.002,cart,smote,platt,0.6059,0.003,0.0683,0.9818,0.0004,0.1759,0.0004,0.002,0.0002,1.3891,1.0785,0.0,1.0,0.6278,0.5341,0.015,0.0013,0.6712
0.002,cart,smote,prior,0.6059,0.003,0.0229,0.0978,0.0019,0.9454,0.0019,0.0022,-0.0855,4.2925,1.0349,0.0,0.9998,0.4881,0.7003,0.0185,0.0023,1.143
0.002,cart,weighted,beta,0.5758,0.0029,0.0691,1.4194,0.0007,0.3362,0.0003,0.002,0.0002,1.4049,1.0801,0.0,1.0,0.5918,0.501,0.0193,0.0014,0.6859
0.002,cart,weighted,intercept,0.5758,0.0029,0.0796,0.078,0.0021,1.0139,0.0022,0.0021,-0.0146,2.3405,1.0895,0.0,1.0,0.3636,0.7864,0.017,0.0026,1.2892
0.002,cart,weighted,isotonic,0.5765,0.0028,0.0721,1.2008,0.0006,0.272,0.0003,0.002,0.0003,1.4628,1.083,0.0,1.0,0.5865,0.5072,0.0198,0.0014,0.6817
0.002,cart,weighted,none,0.5758,0.0029,-6.1965,0.0433,0.1799,88.8492,0.1779,0.1302,-63.2412,328.1863,0.0121,0.3602,0.7889,0.4321,0.6955,0.0136,0.1803,90.0676
0.002,cart,weighted,platt,0.5758,0.0029,0.0675,1.3666,0.0007,0.3454,0.0003,0.002,0.0002,1.3692,1.0776,0.0,1.0,0.5473,0.5209,0.014,0.0014,0.6932
0.002,cart,weighted,prior,0.5758,0.0029,0.1297,0.0786,0.002,0.9736,0.0022,0.0021,-0.0126,3.3525,1.1514,0.0,1.0,0.3602,0.7889,0.0169,0.0025,1.2498
0.002,lr,adasyn,beta,0.7415,0.0081,0.0912,0.9497,0.0005,0.2286,0.0004,0.002,0.0022,1.8725,1.1025,0.0,1.0,0.6686,0.6711,0.0334,0.0006,0.2881
0.002,lr,adasyn,intercept,0.7415,0.0081,0.0708,0.7865,0.0005,0.2327,0.0005,0.002,0.0016,1.5366,1.0806,0.0,1.0,0.6335,0.705,0.0337,0.0007,0.3376
0.002,lr,adasyn,isotonic,0.7357,0.0066,0.0665,0.8471,0.0005,0.2334,0.0004,0.002,0.001,1.4405,1.0757,0.0,1.0,0.6719,0.679,0.0343,0.0007,0.3336
0.002,lr,adasyn,none,0.7415,0.0081,-6.339,0.7865,0.39,192.5238,0.3902,0.2045,-100.0838,42.1069,0.0052,0.6677,0.6823,1.0,0.0,0.0001,0.3902,194.9616
0.002,lr,adasyn,platt,0.7415,0.0081,0.0595,0.9907,0.0004,0.176,0.0004,0.002,0.0026,1.2141,1.0699,0.0,1.0,0.6872,0.652,0.0325,0.0005,0.2629
0.002,lr,adasyn,prior,0.7415,0.0081,-0.0121,0.7865,0.0006,0.2898,0.0006,0.002,0.001,-0.1023,1.0042,0.0,1.0,0.6677,0.6823,0.0339,0.0007,0.3651
0.002,lr,none,beta,0.7422,0.008,0.0857,1.0874,0.0004,0.2131,0.0004,0.002,0.0025,1.7266,1.0955,0.0,1.0,0.6959,0.6425,0.0324,0.0005,0.258
0.002,lr,none,intercept,0.7422,0.008,0.0715,1.0515,0.0004,0.2108,0.0004,0.002,0.0026,1.4477,1.0817,0.0,1.0,0.6932,0.6443,0.0323,0.0005,0.2587
0.002,lr,none,isotonic,0.7355,0.0066,0.0682,0.8409,0.0005,0.2372,0.0004,0.002,0.0017,1.443,1.0778,0.0,1.0,0.6811,0.6628,0.0333,0.0007,0.3279
0.002,lr,none,none,0.7422,0.008,0.113,1.0515,0.0005,0.2611,0.0004,0.002,0.0025,2.3301,1.1348,0.0,1.0,0.6892,0.6638,0.0337,0.0005,0.2584
0.002,lr,none,platt,0.7422,0.008,0.0852,1.0824,0.0004,0.2128,0.0004,0.002,0.0025,1.7168,1.0949,0.0,1.0,0.6959,0.6432,0.0325,0.0005,0.2575
0.002,lr,ros,beta,0.7412,0.0081,0.0795,0.9361,0.0004,0.2165,0.0004,0.002,0.0023,1.6264,1.0912,0.0,1.0,0.7077,0.6391,0.0328,0.0006,0.2906
0.002,lr,ros,intercept,0.7412,0.0081,0.0717,0.9012,0.0005,0.2205,0.0004,0.002,0.0022,1.493,1.0819,0.0,1.0,0.6677,0.6772,0.0337,0.0006,0.2923
0.002,lr,ros,isotonic,0.7357,0.0066,0.0685,0.8456,0.0005,0.2309,0.0004,0.002,0.0011,1.4679,1.0786,0.0,1.0,0.668,0.6793,0.034,0.0007,0.3408
0.002,lr,ros,none,0.7412,0.0081,-6.2544,0.9012,0.4,197.453,0.4002,0.2045,-100.1079,17.852,0.0051,0.6713,0.68,1.0,0.0,,0.4002,199.937
0.002,lr,ros,platt,0.7412,0.0081,0.0581,0.9888,0.0004,0.2109,0.0004,0.002,0.0026,1.1848,1.0685,0.0,1.0,0.6894,0.6501,0.0325,0.0005,0.2637
0.002,lr,ros,prior,0.7412,0.0081,0.0723,0.9012,0.0005,0.2315,0.0005,0.002,0.0022,1.5362,1.0918,0.0,1.0,0.6713,0.68,0.0339,0.0006,0.3013
0.002,lr,rus,beta,0.7283,0.0074,0.0528,0.966,0.0005,0.2299,0.0004,0.002,0.002,1.0785,1.0631,0.0,1.0,0.7251,0.5944,0.0296,0.0007,0.3629
0.002,lr,rus,intercept,0.7283,0.0074,0.0689,0.857,0.0006,0.3048,0.0005,0.002,0.0007,1.4971,1.0794,0.0,1.0,0.6359,0.6815,0.0314,0.0008,0.4092
0.002,lr,rus,isotonic,0.723,0.0061,0.0694,0.8684,0.0005,0.2532,0.0004,0.002,0.0011,1.473,1.0799,0.0,1.0,0.6787,0.6494,0.0314,0.0008,0.4009
0.002,lr,rus,none,0.7283,0.0074,-6.3583,0.857,0.4117,203.26,0.4118,0.2163,-105.8941,46.8744,0.0049,0.6652,0.6585,1.0,0.0,,0.4119,205.7682
0.002,lr,rus,platt,0.7283,0.0074,0.0548,1.0142,0.0005,0.2416,0.0003,0.002,0.0022,1.1148,1.0649,0.0,1.0,0.6888,0.6297,0.0303,0.0007,0.3428
0.002,lr,rus,prior,0.7283,0.0074,-0.0317,0.857,0.0006,0.3103,0.0006,0.002,-0.0005,-0.5166,0.9945,0.0,1.0,0.6652,0.6585,0.0307,0.0009,0.4586
0.002,lr,smote,beta,0.7416,0.0082,0.0857,0.9574,0.0004,0.1856,0.0004,0.002,0.0023,1.7527,1.0965,0.0,1.0,0.6707,0.6641,0.0327,0.0006,0.2783
0.002,lr,smote,intercept,0.7416,0.0082,0.0709,0.7868,0.0005,0.2297,0.0005,0.002,0.0016,1.536,1.0806,0.0,1.0,0.6363,0.7048,0.034,0.0007,0.3373
0.002,lr,smote,isotonic,0.7364,0.0067,0.066,0.8509,0.0004,0.2162,0.0004,0.002,0.0011,1.43,1.0751,0.0,1.0,0.6735,0.676,0.0341,0.0007,0.334
0.002,lr,smote,none,0.7416,0.0082,-6.3378,0.7868,0.3901,192.5627,0.3902,0.2044,-100.0473,41.866,0.0052,0.6691,0.6824,1.0,0.0,0.0001,0.3902,194.9406
0.002,lr,smote,platt,0.7416,0.0082,0.0593,0.9902,0.0003,0.1658,0.0004,0.002,0.0026,1.2096,1.0697,0.0,1.0,0.6877,0.652,0.0326,0.0005,0.2634
0.002,lr,smote,prior,0.7416,0.0082,-0.0111,0.7868,0.0005,0.247,0.0006,0.002,0.0011,-0.0843,1.0051,0.0,1.0,0.6691,0.6824,0.034,0.0007,0.3643
0.002,lr,weighted,beta,0.7412,0.0081,0.0744,0.9535,0.0005,0.2218,0.0005,0.002,0.0021,1.5189,1.0878,0.0,1.0,0.7202,0.6252,0.0325,0.0006,0.3224
0.002,lr,weighted,intercept,0.7412,0.0081,0.0718,0.901,0.0004,0.2147,0.0004,0.002,0.0023,1.4939,1.082,0.0,1.0,0.6691,0.6772,0.0338,0.0006,0.2917
0.002,lr,weighted,isotonic,0.7359,0.0067,0.0691,0.8491,0.0005,0.2547,0.0004,0.002,0.0014,1.4677,1.079,0.0,1.0,0.6686,0.6791,0.034,0.0007,0.3393
0.002,lr,weighted,none,0.7412,0.0081,-6.2536,0.901,0.4,197.4428,0.4001,0.2044,-100.0698,17.6496,0.0051,0.6718,0.6802,1.0,0.0,,0.4001,199.8967
0.002,lr,weighted,platt,0.7412,0.0081,0.0581,0.9891,0.0003,0.1677,0.0004,0.002,0.0026,1.1837,1.0685,0.0,1.0,0.6894,0.65,0.0325,0.0005,0.2638
0.002,lr,weighted,prior,0.7412,0.0081,0.0731,0.901,0.0005,0.2371,0.0005,0.002,0.0022,1.5523,1.0926,0.0,1.0,0.6718,0.6802,0.034,0.0006,0.3003
0.002,mlp,adasyn,beta,0.5275,0.0024,0.0691,0.5399,0.0018,0.8747,0.0003,0.002,-0.0001,1.4122,1.0797,0.0,1.0,0.8336,0.1825,0.0125,0.0014,0.7135
0.002,mlp,adasyn,intercept,0.5195,0.0024,-0.0595,0.0523,0.0021,1.0163,0.0002,0.0034,-0.6603,70.7585,0.9828,0.0035,0.9983,0.0234,0.9871,0.0041,0.004,1.9952
0.002,mlp,adasyn,isotonic,0.5757,0.0025,0.069,0.4931,0.0006,0.2915,0.0004,0.002,-0.0003,1.4214,1.0796,0.0,1.0,0.4843,0.6308,0.0109,0.0014,0.6875
0.002,mlp,adasyn,none,0.5275,0.0024,-2.7209,0.0472,0.0054,2.6637,0.0047,0.0057,-1.844,75.56,0.4281,0.0065,0.9953,0.04,0.9736,0.0034,0.0072,3.6148
0.002,mlp,adasyn,platt,0.5275,0.0024,0.0614,0.5309,0.0018,0.8799,0.0003,0.002,-0.0002,1.2591,1.0722,0.0,1.0,0.8326,0.1841,0.0135,0.0014,0.7199
0.002,mlp,adasyn,prior,0.5105,0.0023,3.5276,0.0628,0.0005,0.2693,0.0015,0.0023,-0.1585,102.7778,4.1011,0.001,0.9996,0.0065,0.9953,0.0013,0.0025,1.2526
0.002,mlp,none,beta,0.5251,0.0022,0.0586,-5.7001,0.0004,0.2099,0.0004,0.002,-0.0001,1.1959,1.0682,0.0,1.0,0.726,0.2825,0.0024,0.0014,0.7212
0.002,mlp,none,intercept,0.5084,0.0021,0.0726,0.0271,0.0016,0.7972,0.0016,0.002,-0.0024,1.5807,1.0831,0.0,1.0,0.3553,0.6468,0.0004,0.0019,0.948
0.002,mlp,none,isotonic,0.513,0.0021,0.072,0.1324,0.001,0.5094,0.0004,0.002,-0.0002,1.4694,1.0828,0.0,1.0,0.7787,0.2484,0.0033,0.0015,0.725
0.002,mlp,none,none,0.5084,0.0021,-0.5889,0.0271,0.0027,1.3351,0.0027,0.002,-0.0109,-11.844,0.5744,0.0,1.0,0.5762,0.4275,0.0003,0.0031,1.5662
0.002,mlp,none,platt,0.5251,0.0022,0.0722,0.5866,0.0004,0.2078,0.0004,0.002,-0.0001,1.4682,1.0834,0.0,1.0,0.6768,0.3378,0.0019,0.0014,0.7215
0.002,mlp,ros,beta,0.5331,0.0024,0.0615,1.4826,0.0018,0.8707,0.0003,0.002,-0.0001,1.2614,1.0719,0.0,1.0,0.6451,0.3662,0.0067,0.0014,0.7195
0.002,mlp,ros,intercept,0.5317,0.0024,0.1564,0.0858,0.0019,0.9259,0.001,0.0032,-0.5887,65.3871,1.0834,0.0044,0.9985,0.0324,0.9854,0.0066,0.0038,1.9052
0.002,mlp,ros,isotonic,0.5919,0.0027,0.0681,0.639,0.0004,0.2096,0.0005,0.002,-0.0,1.3976,1.0792,0.0,1.0,0.5335,0.602,0.0129,0.0014,0.6845
0.002,mlp,ros,none,0.5331,0.0024,-0.2254,0.084,0.0022,1.1093,0.0012,0.0034,-0.6976,63.6439,0.9447,0.0034,0.9982,0.035,0.9829,0.0064,0.0041,2.0715
0.002,mlp,ros,platt,0.5331,0.0024,0.0654,2.2333,0.0018,0.8707,0.0003,0.002,-0.0,1.3367,1.0753,0.0,1.0,0.8,0.2,,0.0014,0.7148
0.002,mlp,ros,prior,0.5096,0.0022,5.6477,0.1172,0.0002,0.09,0.0018,0.0021,-0.0538,163.2791,14.1948,0.0,0.9999,0.0034,0.9982,0.0019,0.0022,1.0818
0.002,mlp,rus,beta,0.6319,0.0044,0.053,1.0378,0.0004,0.1872,0.0004,0.002,0.0005,1.083,1.0624,0.0,1.0,0.6361,0.5299,0.0158,0.0013,0.6498
0.002,mlp,rus,intercept,0.6319,0.0044,0.0725,1.4764,0.0004,0.2149,0.0004,0.002,0.0004,1.4677,1.0833,0.0,1.0,0.6542,0.4981,0.0149,0.0013,0.6519
0.002,mlp,rus,isotonic,0.6267,0.0037,0.0725,0.739,0.0004,0.2083,0.0004,0.002,0.0004,1.4944,1.0831,0.0,1.0,0.5637,0.6203,0.0178,0.0013,0.6689
0.002,mlp,rus,none,0.6319,0.0044,-6.2411,1.4764,0.4957,245.0015,0.4956,0.255,-125.6103,75.5036,0.0041,0.6704,0.5004,1.0,0.0,,0.4956,247.6169
0.002,mlp,rus,platt,0.6319,0.0044,0.0713,1.1191,0.0004,0.1818,0.0004,0.002,0.0006,1.4374,1.0818,0.0,1.0,0.6257,0.5377,0.0159,0.0013,0.641
0.002,mlp,rus,prior,0.6319,0.0044,0.0856,1.4764,0.0006,0.3152,0.0006,0.002,0.0002,1.8313,1.1383,0.0,1.0,0.6704,0.5004,0.0164,0.0014,0.6863
0.002,mlp,smote,beta,0.5264,0.0023,0.0529,-0.0079,0.0017,0.8358,0.0003,0.002,-0.0002,1.0914,1.0617,0.0,1.0,0.6549,0.3676,0.006,0.0014,0.7221
0.002,mlp,smote,intercept,0.5225,0.0023,0.081,0.0583,0.002,0.965,0.0009,0.0032,-0.575,59.6881,1.032,0.0019,0.9985,0.0265,0.9846,0.0037,0.0039,1.9388
0.002,mlp,smote,isotonic,0.5769,0.0026,0.07,0.5567,0.0007,0.3423,0.0005,0.002,-0.0004,1.4502,1.0809,0.0,1.0,0.4588,0.6694,0.0126,0.0014,0.6834
0.002,mlp,smote,none,0.5326,0.0024,-2.8962,0.0511,0.0063,3.1231,0.0064,0.0062,-2.097,66.3834,0.3613,0.0073,0.9946,0.056,0.9655,0.0049,0.0082,4.0752
0.002,mlp,smote,platt,0.5326,0.0024,0.0567,0.6368,0.0017,0.8419,0.0003,0.002,-0.0002,1.1696,1.068,0.0,1.0,0.8331,0.1821,0.0117,0.0014,0.7181
0.002,mlp,smote,prior,0.516,0.0022,3.3782,0.0614,0.0005,0.2348,0.0015,0.0023,-0.1267,94.9369,5.1754,0.001,0.9997,0.0073,0.9946,0.0014,0.0024,1.2197
0.002,nb,adasyn,beta,0.6679,0.0046,0.0721,0.927,0.0005,0.2249,0.0004,0.002,0.0008,1.4741,1.082,0.0,1.0,0.6029,0.6177,0.0211,0.0011,0.5293
0.002,nb,adasyn,intercept,0.6679,0.0046,0.0716,0.4066,0.0012,0.5898,0.0011,0.002,-0.0005,1.5647,1.0815,0.0,1.0,0.5428,0.6912,0.0229,0.0014,0.6984
0.002,nb,adasyn,isotonic,0.6596,0.0039,0.0725,0.7264,0.0006,0.2723,0.0005,0.002,0.0005,1.4994,1.0828,0.0,1.0,0.5748,0.6427,0.0212,0.0011,0.5643
0.002,nb,adasyn,none,0.6679,0.0046,-6.1951,0.4058,0.3367,166.1475,0.3368,0.1816,-88.7803,60.7684,0.006,0.531,0.7072,0.9995,0.012,0.0046,0.3368,168.2863
0.002,nb,adasyn,platt,0.6679,0.0046,0.0497,0.9673,0.0004,0.2106,0.0004,0.002,0.0008,1.0108,1.0582,0.0,1.0,0.6708,0.5482,0.0204,0.0011,0.54
0.002,nb,adasyn,prior,0.6679,0.0046,0.1318,0.4066,0.0012,0.5755,0.001,0.002,-0.0004,2.8192,1.1558,0.0,1.0,0.5306,0.7072,0.0236,0.0014,0.6796
0.002,nb,none,beta,0.7316,0.0077,0.0648,0.9219,0.0004,0.1954,0.0003,0.002,0.0022,1.3265,1.0725,0.0,1.0,0.6791,0.6456,0.0309,0.0006,0.3201
0.002,nb,none,intercept,0.7316,0.0077,0.0704,0.8852,0.0004,0.2106,0.0003,0.002,0.0022,1.4469,1.0803,0.0,1.0,0.6669,0.6565,0.0311,0.0007,0.3267
0.002,nb,none,isotonic,0.7261,0.0062,0.0659,0.8357,0.0006,0.2864,0.0004,0.002,0.0008,1.4308,1.0753,0.0,1.0,0.6248,0.7028,0.0327,0.0008,0.3813
0.002,nb,none,none,0.7316,0.0077,0.1294,0.8852,0.0004,0.2091,0.0004,0.002,0.0021,2.6837,1.1536,0.0,1.0,0.6497,0.6814,0.032,0.0007,0.3271
0.002,nb,none,platt,0.7316,0.0077,0.064,0.9177,0.0004,0.1965,0.0003,0.002,0.0022,1.3109,1.0716,0.0,1.0,0.6776,0.6464,0.0309,0.0006,0.3208
0.002,nb,ros,beta,0.7315,0.0077,0.0519,0.8807,0.0004,0.2047,0.0005,0.002,0.0018,1.0559,1.0614,0.0,1.0,0.7003,0.6121,0.0299,0.0007,0.3678
0.002,nb,ros,intercept,0.7315,0.0077,0.0704,0.8864,0.0004,0.1993,0.0003,0.002,0.0022,1.4479,1.0804,0.0,1.0,0.6659,0.6562,0.0309,0.0007,0.326
0.002,nb,ros,isotonic,0.7256,0.0061,0.0644,0.8259,0.0005,0.2336,0.0004,0.002,-0.0002,1.4415,1.0737,0.0,1.0,0.6138,0.7115,0.0327,0.0008,0.3835
0.002,nb,ros,none,0.7315,0.0077,-6.1972,0.8864,0.3965,195.6802,0.3966,0.201,-98.3608,9.2244,0.0051,0.6492,0.6812,1.0,0.0,0.0002,0.3967,198.1662
0.002,nb,ros,platt,0.7315,0.0077,0.0584,0.9849,0.0003,0.1589,0.0003,0.002,0.0022,1.1918,1.0694,0.0,1.0,0.6829,0.6371,0.0304,0.0006,0.3221
0.002,nb,ros,prior,0.7315,0.0077,0.1294,0.8864,0.0005,0.241,0.0004,0.002,0.0021,2.683,1.1536,0.0,1.0,0.6492,0.6812,0.0319,0.0007,0.3262
0.002,nb,rus,beta,0.7171,0.0069,0.0632,0.9868,0.0004,0.189,0.0004,0.002,0.0017,1.2862,1.0715,0.0,1.0,0.7163,0.5956,0.0289,0.0008,0.4212
0.002,nb,rus,intercept,0.7171,0.0069,0.067,0.7431,0.0006,0.2834,0.0006,0.002,-0.002,1.604,1.0761,0.0,1.0,0.6156,0.6913,0.0305,0.001,0.4915
0.002,nb,rus,isotonic,0.7096,0.0051,0.0689,0.8194,0.0004,0.1984,0.0004,0.002,0.0011,1.4423,1.079,0.0,1.0,0.6523,0.6571,0.0297,0.0009,0.4509
0.002,nb,rus,none,0.7171,0.0069,-6.4402,0.7431,0.4168,205.5106,0.4169,0.2233,-109.1444,71.0205,0.0049,0.6717,0.6434,1.0,0.0001,0.0006,0.417,208.3078
0.002,nb,rus,platt,0.7171,0.0069,0.0493,0.9965,0.0003,0.1461,0.0003,0.002,0.0018,1.0,1.0585,0.0,1.0,0.6951,0.608,0.0286,0.0008,0.4022
0.002,nb,rus,prior,0.7171,0.0069,-0.1136,0.7431,0.0008,0.3806,0.0008,0.002,-0.0065,-1.9953,0.9184,0.0,1.0,0.6717,0.6434,0.0296,0.0012,0.5773
0.002,nb,smote,beta,0.6679,0.0046,0.0745,0.9171,0.0004,0.1747,0.0004,0.002,0.0008,1.5292,1.0855,0.0,1.0,0.6001,0.6192,0.0212,0.0011,0.5327
0.002,nb,smote,intercept,0.6679,0.0046,0.0716,0.4056,0.001,0.4896,0.001,0.002,-0.0005,1.5651,1.0815,0.0,1.0,0.5433,0.6915,0.023,0.0014,0.6999
0.002,nb,smote,isotonic,0.6593,0.0039,0.0727,0.7258,0.0004,0.1817,0.0005,0.002,0.0005,1.5046,1.083,0.0,1.0,0.5677,0.6493,0.0212,0.0011,0.5642
0.002,nb,smote,none,0.6679,0.0046,-6.1948,0.4048,0.3366,166.0546,0.3365,0.1815,-88.6946,60.8226,0.006,0.5301,0.7075,0.9995,0.012,0.0046,0.3365,168.1083
0.002,nb,smote,platt,0.6679,0.0046,0.0497,0.9673,0.0003,0.1472,0.0004,0.002,0.0008,1.0102,1.0582,0.0,1.0,0.6688,0.5483,0.0202,0.0011,0.5405
0.002,nb,smote,prior,0.6679,0.0046,0.1319,0.4056,0.001,0.4748,0.001,0.002,-0.0004,2.8211,1.1559,0.0,1.0,0.5301,0.7075,0.0235,0.0014,0.6811
0.002,rf,adasyn,beta,0.6378,0.0034,0.0638,0.9253,0.0006,0.2894,0.0004,0.002,0.0004,1.2994,1.0742,0.0,1.0,0.727,0.4394,0.0164,0.0013,0.6492
0.002,rf,adasyn,intercept,0.6378,0.0034,0.0662,0.2224,0.0019,0.908,0.0018,0.0021,-0.0115,1.9335,1.0759,0.0,1.0,0.3941,0.7721,0.018,0.0021,1.0497
0.002,rf,adasyn,isotonic,0.6317,0.003,0.071,0.7143,0.0005,0.2622,0.0005,0.002,0.0003,1.4522,1.082,0.0,1.0,0.6982,0.4897,0.0173,0.0013,0.6508
0.002,rf,adasyn,none,0.6378,0.0034,-2.9965,0.1837,0.0314,15.5342,0.0314,0.0071,-2.53,-71.064,0.0626,0.0075,0.9976,0.9079,0.2064,0.0129,0.0315,15.7489
0.002,rf,adasyn,platt,0.6378,0.0034,0.069,0.9273,0.0006,0.3105,0.0004,0.002,0.0004,1.403,1.0801,0.0,1.0,0.7155,0.4496,0.0162,0.0013,0.6473
0.002,rf,adasyn,prior,0.6377,0.0034,3.3287,0.2701,0.0018,0.9053,0.002,0.002,-0.0018,103.219,28.6486,0.0,1.0,0.0075,0.9976,0.0043,0.0019,0.963
0.002,rf,none,beta,0.629,0.0042,0.0734,0.8659,0.0006,0.2856,0.0005,0.002,0.0004,1.4918,1.0846,0.0,1.0,0.6935,0.4646,0.0151,0.0014,0.6839
0.002,rf,none,intercept,0.629,0.0042,0.0647,0.1296,0.0015,0.7166,0.0014,0.002,-0.0033,1.5585,1.074,0.0,1.0,0.4764,0.7112,0.0188,0.0019,0.955
0.002,rf,none,isotonic,0.6239,0.0035,0.0682,0.7628,0.0005,0.2539,0.0004,0.002,-0.0003,1.4364,1.0784,0.0,1.0,0.5784,0.5716,0.0157,0.0014,0.6789
0.002,rf,none,none,0.629,0.0042,0.0412,0.1276,0.0015,0.7471,0.0014,0.002,-0.0034,1.1271,1.0576,0.0,1.0,0.489,0.7035,0.019,0.0019,0.9658
0.002,rf,none,platt,0.629,0.0042,0.0727,0.8646,0.0006,0.28,0.0005,0.002,0.0004,1.4787,1.0838,0.0,1.0,0.6935,0.4647,0.0152,0.0014,0.6841
0.002,rf,ros,beta,0.608,0.0033,0.0703,1.0525,0.0004,0.2163,0.0003,0.002,0.0003,1.4283,1.0812,0.0,1.0,0.514,0.668,0.0179,0.0013,0.6691
0.002,rf,ros,intercept,0.608,0.0033,0.0637,0.1002,0.0021,1.0418,0.002,0.002,-0.0105,1.8423,1.0726,0.0,1.0,0.3684,0.7946,0.0182,0.0023,1.1721
0.002,rf,ros,isotonic,0.5993,0.003,0.0703,0.7526,0.0005,0.2648,0.0004,0.002,0.0002,1.441,1.0809,0.0,1.0,0.4223,0.7335,0.0168,0.0014,0.6766
0.002,rf,ros,none,0.608,0.0033,-0.8467,0.0895,0.0045,2.2121,0.0043,0.0022,-0.0701,-16.4646,0.4445,0.0,1.0,0.5688,0.6149,0.0171,0.0047,2.3406
0.002,rf,ros,platt,0.608,0.0033,0.0611,1.0026,0.0004,0.2221,0.0003,0.002,0.0003,1.2471,1.0717,0.0,1.0,0.514,0.668,0.0179,0.0013,0.6724
0.002,rf,ros,prior,0.608,0.0033,5.4052,0.2769,0.0021,1.046,0.002,0.002,-0.002,300.6707,227.9228,0.0,1.0,0.0,1.0,,0.002,0.9952
0.002,rf,rus,beta,0.6884,0.0051,0.0339,0.8759,0.0004,0.1994,0.0004,0.002,0.0011,0.6964,1.0409,0.0,1.0,0.6934,0.5706,0.0244,0.0011,0.5282
0.002,rf,rus,intercept,0.6884,0.0051,0.0714,1.0912,0.0005,0.2505,0.0004,0.002,0.0011,1.4473,1.0822,0.0,1.0,0.6533,0.6008,0.0241,0.001,0.5124
0.002,rf,rus,isotonic,0.6849,0.0045,0.068,0.8326,0.0004,0.2156,0.0004,0.002,0.0008,1.4105,1.0782,0.0,1.0,0.6346,0.6144,0.025,0.0011,0.537
0.002,rf,rus,none,0.6884,0.0051,-6.2111,1.0912,0.4519,222.9102,0.452,0.2277,-111.5362,4.4785,0.0045,0.6401,0.6269,1.0,0.0,,0.452,225.833
0.002,rf,rus,platt,0.6884,0.0051,0.0701,1.1024,0.0005,0.2492,0.0004,0.002,0.0011,1.4105,1.0812,0.0,1.0,0.647,0.6055,0.024,0.001,0.5123
0.002,rf,rus,prior,0.6884,0.0051,0.1156,1.0912,0.0005,0.2679,0.0004,0.002,0.0011,2.3749,1.1375,0.0,1.0,0.6401,0.6269,0.0248,0.001,0.5036
0.002,rf,smote,beta,0.6311,0.0034,0.0673,0.8234,0.0004,0.2075,0.0004,0.002,0.0004,1.3703,1.0781,0.0,1.0,0.7252,0.4375,0.0158,0.0013,0.6488
0.002,rf,smote,intercept,0.6311,0.0034,0.066,0.2091,0.0018,0.8921,0.0018,0.0021,-0.0115,1.9342,1.0755,0.0,1.0,0.387,0.7724,0.0172,0.0021,1.0523
0.002,rf,smote,isotonic,0.6243,0.003,0.0692,0.6336,0.0005,0.2572,0.0005,0.002,0.0002,1.4182,1.08,0.0,1.0,0.6357,0.5599,0.0179,0.0013,0.6548
0.002,rf,smote,none,0.6311,0.0034,-2.9995,0.17,0.0314,15.5587,0.0315,0.0072,-2.5441,-71.0105,0.0625,0.0065,0.9975,0.8995,0.208,0.0121,0.0316,15.7705
0.002,rf,smote,platt,0.6311,0.0034,0.0701,0.8464,0.0004,0.2196,0.0004,0.002,0.0004,1.4252,1.081,0.0,1.0,0.7176,0.4426,0.0155,0.0013,0.6477
0.002,rf,smote,prior,0.631,0.0034,3.3254,0.2574,0.0019,0.9214,0.002,0.002,-0.0018,103.0259,28.5498,0.0,1.0,0.0065,0.9975,0.0033,0.0019,0.963
0.002,rf,weighted,beta,0.6343,0.0037,0.0751,1.0702,0.0005,0.2303,0.0005,0.002,0.0003,1.5249,1.0864,0.0,1.0,0.5976,0.5573,0.0164,0.0013,0.662
0.002,rf,weighted,intercept,0.6343,0.0037,0.0686,0.1199,0.0013,0.6394,0.0013,0.002,-0.0023,1.574,1.0785,0.0,1.0,0.5151,0.6962,0.021,0.0019,0.9305
0.002,rf,weighted,isotonic,0.6305,0.0033,0.071,0.8408,0.0004,0.1997,0.0004,0.002,0.0005,1.4497,1.0817,0.0,1.0,0.5343,0.636,0.0184,0.0013,0.6512
0.002,rf,weighted,none,0.6342,0.0037,-1.1114,0.1025,0.0051,2.5062,0.005,0.0021,-0.0531,-23.1184,0.3392,0.0,1.0,0.7387,0.4345,0.0159,0.0054,2.6871
0.002,rf,weighted,platt,0.6343,0.0037,0.0751,1.0711,0.0005,0.2403,0.0005,0.002,0.0003,1.5264,1.0866,0.0,1.0,0.6038,0.555,0.0167,0.0013,0.6618
0.002,rf,weighted,prior,0.6342,0.0037,5.174,0.3405,0.0021,1.0382,0.002,0.002,-0.002,268.7115,182.58,0.0,1.0,0.0,1.0,,0.002,0.994
0.002,xgb,adasyn,beta,0.6288,0.0034,0.0745,1.0549,0.0004,0.1811,0.0004,0.002,0.0003,1.5163,1.0859,0.0,1.0,0.6273,0.5572,0.0178,0.0013,0.6247
0.002,xgb,adasyn,intercept,0.6288,0.0034,0.0725,0.1968,0.0019,0.9436,0.002,0.002,-0.0065,1.8413,1.0834,0.0,1.0,0.3729,0.772,0.0156,0.0022,1.0803
0.002,xgb,adasyn,isotonic,0.6181,0.003,0.0713,0.6882,0.0005,0.2467,0.0004,0.002,0.0002,1.4619,1.0825,0.0,1.0,0.6143,0.5272,0.0155,0.0013,0.6416
0.002,xgb,adasyn,none,0.6288,0.0034,-5.3929,0.1959,0.172,85.0947,0.1719,0.0834,-40.3401,-21.8176,0.0118,0.2334,0.8741,0.9639,0.1046,0.0101,0.172,85.9411
0.002,xgb,adasyn,platt,0.6288,0.0034,0.0558,1.0504,0.0004,0.1798,0.0004,0.002,0.0004,1.1379,1.0648,0.0,1.0,0.6502,0.528,0.0169,0.0013,0.6279
0.002,xgb,adasyn,prior,0.6287,0.0034,0.934,0.1985,0.0015,0.7434,0.0015,0.002,-0.0011,19.861,2.6036,0.0,1.0,0.2334,0.8741,0.0145,0.0017,0.8323
0.002,xgb,none,beta,0.6619,0.0043,0.069,0.9852,0.0004,0.2019,0.0004,0.002,0.0007,1.4073,1.0797,0.0,1.0,0.6201,0.6035,0.0213,0.0012,0.6003
0.002,xgb,none,intercept,0.6619,0.0043,0.0704,0.4089,0.0014,0.6663,0.0014,0.002,-0.0076,1.8694,1.0802,0.0,1.0,0.4632,0.7556,0.023,0.0018,0.8796
0.002,xgb,none,isotonic,0.6576,0.0036,0.0698,0.7584,0.0005,0.2371,0.0004,0.002,0.0004,1.4409,1.0807,0.0,1.0,0.6281,0.6021,0.0217,0.0013,0.6268
0.002,xgb,none,none,0.6619,0.0043,0.3539,0.4089,0.0013,0.6627,0.0013,0.002,-0.0037,7.589,1.4439,0.0,1.0,0.3783,0.8121,0.0219,0.0016,0.8037
0.002,xgb,none,platt,0.6619,0.0043,0.0682,1.0234,0.0004,0.2039,0.0004,0.002,0.0007,1.3915,1.0786,0.0,1.0,0.6119,0.6086,0.0212,0.0012,0.6028
0.002,xgb,ros,beta,0.6366,0.0036,0.0661,1.0028,0.0004,0.1907,0.0004,0.002,0.0004,1.3467,1.0757,0.0,1.0,0.6313,0.547,0.0173,0.0012,0.6199
0.002,xgb,ros,intercept,0.6366,0.0036,0.0698,0.2746,0.0017,0.8164,0.0017,0.002,-0.0069,1.8064,1.0797,0.0,1.0,0.42,0.7604,0.0191,0.002,0.9913
0.002,xgb,ros,isotonic,0.6307,0.0032,0.0669,0.6224,0.0004,0.2137,0.0004,0.002,-0.0054,1.6041,1.0769,0.0,1.0,0.628,0.5401,0.017,0.0013,0.6427
0.002,xgb,ros,none,0.6366,0.0036,-4.2418,0.2746,0.0899,44.5777,0.0897,0.0279,-12.8934,-101.5701,0.0232,0.0705,0.9738,0.9787,0.0643,0.0077,0.0898,44.8758
0.002,xgb,ros,platt,0.6366,0.0036,0.0603,1.0181,0.0004,0.1849,0.0003,0.002,0.0004,1.2248,1.0699,0.0,1.0,0.6336,0.5461,0.017,0.0012,0.6216
0.002,xgb,ros,prior,0.6366,0.0036,2.0848,0.2758,0.0017,0.8182,0.0018,0.002,-0.0012,50.9987,8.5577,0.0,1.0,0.0705,0.9738,0.0123,0.0018,0.8803
0.002,xgb,rus,beta,0.6704,0.0044,0.0726,1.0698,0.0004,0.2013,0.0004,0.002,0.0008,1.4771,1.084,0.0,1.0,0.6361,0.596,0.0222,0.0011,0.5723
0.002,xgb,rus,intercept,0.6704,0.0044,0.0694,0.3153,0.0018,0.8848,0.0018,0.0021,-0.0123,2.0813,1.0804,0.0,1.0,0.4043,0.802,0.0235,0.0021,1.0305
0.002,xgb,rus,isotonic,0.6639,0.0038,0.0682,0.8283,0.0005,0.221,0.0004,0.002,0.0006,1.4023,1.0789,0.0,1.0,0.6806,0.5494,0.0216,0.0012,0.5966
0.002,xgb,rus,none,0.6704,0.0044,-7.4067,0.3153,0.4074,201.0601,0.4075,0.2632,-128.9975,276.9559,0.005,0.6284,0.6192,1.0,0.0002,0.0008,0.4075,203.5938
0.002,xgb,rus,platt,0.6704,0.0044,0.0585,1.1313,0.0004,0.2007,0.0004,0.002,0.0008,1.1897,1.0678,0.0,1.0,0.6503,0.5802,0.0217,0.0011,0.5726
0.002,xgb,rus,prior,0.6704,0.0044,-1.08,0.3153,0.0047,2.2862,0.0047,0.0023,-0.1406,-21.098,0.3597,0.0005,1.0,0.6284,0.6192,0.023,0.005,2.5109
0.002,xgb,smote,beta,0.6272,0.0035,0.0737,1.1154,0.0004,0.1748,0.0004,0.002,0.0003,1.4931,1.0845,0.0,1.0,0.6316,0.541,0.0168,0.0013,0.6292
0.002,xgb,smote,intercept,0.6272,0.0035,0.0693,0.1954,0.002,0.9957,0.002,0.002,-0.0065,1.7759,1.08,0.0,1.0,0.3752,0.7699,0.0155,0.0022,1.0796
0.002,xgb,smote,isotonic,0.6259,0.0031,0.0706,0.7742,0.0005,0.228,0.0004,0.002,0.0003,1.4439,1.0817,0.0,1.0,0.5545,0.6243,0.0179,0.0013,0.6384
0.002,xgb,smote,none,0.6272,0.0035,-5.3943,0.1945,0.1727,85.4447,0.1726,0.0836,-40.4283,-22.9469,0.0118,0.231,0.8743,0.963,0.1028,0.0098,0.1727,86.2982
0.002,xgb,smote,platt,0.6272,0.0035,0.0576,1.0725,0.0003,0.157,0.0004,0.002,0.0004,1.1747,1.0654,0.0,1.0,0.6458,0.5239,0.0162,0.0013,0.6269
0.002,xgb,smote,prior,0.6272,0.0035,0.9323,0.1972,0.0016,0.7814,0.0015,0.002,-0.0011,19.8305,2.601,0.0,1.0,0.231,0.8743,0.0141,0.0017,0.8318
0.002,xgb,weighted,beta,0.6494,0.0037,0.0611,1.0091,0.0005,0.2245,0.0004,0.002,0.0005,1.2441,1.0727,0.0,1.0,0.6272,0.574,0.0196,0.0012,0.606
0.002,xgb,weighted,intercept,0.6494,0.0037,0.0762,0.2891,0.0018,0.8661,0.0017,0.002,-0.0097,2.0761,1.0866,0.0,1.0,0.4173,0.7807,0.0216,0.002,1.0083
0.002,xgb,weighted,isotonic,0.6391,0.0033,0.0722,0.7173,0.0005,0.2443,0.0004,0.002,-0.0003,1.5052,1.0835,0.0,1.0,0.5858,0.6093,0.0194,0.0012,0.6242
0.002,xgb,weighted,none,0.6494,0.0037,-3.9718,0.2891,0.0702,34.8495,0.0701,0.021,-9.4649,-91.3879,0.0296,0.0461,0.9813,0.9722,0.0928,0.0099,0.0702,35.093
0.002,xgb,weighted,platt,0.6494,0.0037,0.0454,1.03,0.0005,0.2292,0.0004,0.002,0.0005,0.9259,1.0533,0.0,1.0,0.6353,0.5705,0.0197,0.0012,0.6073
0.002,xgb,weighted,prior,0.6493,0.0037,2.3548,0.2909,0.0018,0.8648,0.0018,0.002,-0.0014,60.2748,11.2078,0.0,1.0,0.0461,0.9813,0.009,0.0018,0.9055
0.005,cart,adasyn,beta,0.6184,0.0078,-0.0194,0.9389,0.0009,0.169,0.0009,0.0051,-0.0014,-0.4901,0.9823,0.0,1.0,0.6693,0.5012,0.0251,0.0034,0.6868
0.005,cart,adasyn,intercept,0.6184,0.0078,-0.0151,0.1122,0.0041,0.8064,0.004,0.0053,-0.0574,3.5891,0.9873,0.0002,0.9997,0.5196,0.6707,0.0288,0.005,1.0007
0.005,cart,adasyn,isotonic,0.6197,0.0076,-0.0203,0.8548,0.0008,0.1571,0.0005,0.005,0.0008,-0.623,0.9815,0.0,1.0,0.6105,0.5599,0.0257,0.0033,0.6632
0.005,cart,adasyn,none,0.6184,0.0078,-5.3457,0.0682,0.2923,57.6026,0.2921,0.188,-36.2429,238.0115,0.0172,0.5266,0.6651,0.8071,0.3203,0.0195,0.2923,58.3339
0.005,cart,adasyn,platt,0.6184,0.0078,-0.0204,1.0078,0.0011,0.2112,0.0012,0.005,0.0006,-0.6551,0.9814,0.0,1.0,0.7516,0.3991,0.0221,0.0035,0.6984
0.005,cart,adasyn,prior,0.6184,0.0078,-0.0464,0.1118,0.0042,0.8349,0.0041,0.0053,-0.0583,2.6119,0.962,0.0002,0.9997,0.5266,0.6655,0.0289,0.0051,1.02
0.005,cart,none,beta,0.5969,0.0076,-0.0219,1.3503,0.0015,0.2946,0.0013,0.0051,0.0003,-0.7045,0.9799,0.0,1.0,0.7307,0.3182,0.0103,0.0037,0.7339
0.005,cart,none,intercept,0.5969,0.0076,-0.0202,0.1399,0.0032,0.625,0.0032,0.0052,-0.0288,1.562,0.982,0.0,1.0,0.4257,0.7295,0.0254,0.0047,0.9421
0.005,cart,none,isotonic,0.6007,0.0074,-0.0211,0.8605,0.0006,0.1218,0.0005,0.005,0.0006,-0.6448,0.9807,0.0,1.0,0.4905,0.6514,0.023,0.0035,0.6973
0.005,cart,none,none,0.5969,0.0076,0.0165,0.1393,0.0032,0.6318,0.0032,0.0052,-0.0267,2.6826,1.0195,0.0,1.0,0.4035,0.7499,0.0254,0.0047,0.9284
0.005,cart,none,platt,0.5969,0.0076,-0.0201,1.3424,0.0015,0.2936,0.0013,0.0051,0.0003,-0.6493,0.9817,0.0,1.0,0.7307,0.3182,0.0103,0.0037,0.733
0.005,cart,ros,beta,0.5875,0.0075,-0.0211,1.0355,0.0005,0.1005,0.0006,0.0051,-0.0011,-0.5704,0.9808,0.0,1.0,0.4708,0.6615,0.0205,0.0035,0.6958
0.005,cart,ros,intercept,0.5875,0.0075,-0.0262,0.066,0.0054,1.062,0.0052,0.0052,-0.0317,1.5349,0.9771,0.0002,0.9999,0.4154,0.7456,0.0264,0.0058,1.1637
0.005,cart,ros,isotonic,0.5927,0.0073,-0.0217,0.976,0.0017,0.3408,0.0004,0.005,0.0009,-0.6874,0.9801,0.0,1.0,0.3843,0.7753,0.0273,0.0034,0.6819
0.005,cart,ros,none,0.5875,0.0075,-5.2768,0.039,0.2392,47.1601,0.2349,0.1624,-31.1569,290.5756,0.0212,0.4434,0.7239,0.5676,0.5489,0.0169,0.2392,47.7533
0.005,cart,ros,platt,0.5875,0.0075,-0.0211,1.2083,0.001,0.1951,0.001,0.0051,0.0004,-0.6766,0.9806,0.0,1.0,0.5594,0.5611,0.0174,0.0036,0.717
0.005,cart,ros,prior,0.5875,0.0075,0.0216,0.0663,0.0052,1.0227,0.005,0.0052,-0.0298,3.0309,1.0235,0.0002,0.9999,0.4434,0.7239,0.0267,0.0057,1.1277
0.005,cart,rus,beta,0.6219,0.0081,-0.018,0.9779,0.0011,0.2225,0.001,0.005,0.0008,-0.572,0.9838,0.0,1.0,0.7057,0.435,0.0222,0.0034,0.6856
0.005,cart,rus,intercept,0.5695,0.0068,-0.0219,0.103,0.0048,0.951,0.0061,0.0057,-0.1272,13.4866,0.9833,0.0,1.0,0.117,0.949,0.0202,0.0084,1.6836
0.005,cart,rus,isotonic,0.6227,0.0079,-0.0201,0.9685,0.0007,0.1399,0.0007,0.005,0.0011,-0.6383,0.9818,0.0,1.0,0.609,0.575,0.027,0.0033,0.6662
0.005,cart,rus,none,0.6219,0.0081,-13.6025,0.0903,0.4352,85.7003,0.435,0.2603,-50.4976,216.5453,0.0115,0.6141,0.5744,0.9833,0.0438,0.0126,0.4352,86.8436
0.005,cart,rus,platt,0.6219,0.0081,-0.0184,1.0611,0.0015,0.2976,0.0013,0.005,0.0006,-0.5843,0.9836,0.0,1.0,0.6757,0.4261,0.0194,0.0035,0.7017
0.005,cart,rus,prior,0.6219,0.0081,-8.304,0.109,0.0317,6.2495,0.0318,0.0327,-5.4787,160.289,0.2089,0.0634,0.972,0.6141,0.5744,0.0275,0.0332,6.6236
0.005,cart,smote,beta,0.6187,0.0078,-0.0226,0.9675,0.0006,0.1204,0.0007,0.0051,-0.0006,-0.6415,0.9794,0.0,1.0,0.6569,0.5207,0.026,0.0034,0.6827
0.005,cart,smote,intercept,0.6187,0.0078,-0.0144,0.1089,0.004,0.787,0.004,0.0053,-0.0404,2.426,0.9882,0.0002,0.9998,0.5306,0.6465,0.0265,0.005,0.9949
0.005,cart,smote,isotonic,0.6189,0.0075,-0.0191,0.8512,0.0007,0.1354,0.0005,0.005,0.0009,-0.5903,0.9827,0.0,1.0,0.4949,0.6795,0.0271,0.0033,0.6621
0.005,cart,smote,none,0.6187,0.0078,-5.3274,0.0676,0.2918,57.5075,0.2915,0.19,-36.6312,262.847,0.0172,0.5287,0.6513,0.7974,0.3403,0.0208,0.2918,58.2389
0.005,cart,smote,platt,0.6187,0.0078,-0.0165,1.0225,0.0007,0.141,0.0009,0.005,0.0006,-0.5314,0.9851,0.0,1.0,0.7437,0.4114,0.0227,0.0035,0.6944
0.005,cart,smote,prior,0.6187,0.0078,-0.029,0.1086,0.004,0.7987,0.0041,0.0053,-0.0407,1.9913,0.9774,0.0002,0.9998,0.5287,0.6513,0.0269,0.005,1.0046
0.005,cart,weighted,beta,0.5869,0.0074,-0.0255,1.0808,0.0006,0.1223,0.0005,0.005,0.0008,-0.8159,0.9765,0.0,1.0,0.4467,0.6985,0.0229,0.0035,0.6901
0.005,cart,weighted,intercept,0.5869,0.0074,-0.0246,0.0661,0.0055,1.075,0.0052,0.0051,-0.0149,0.4189,0.9786,0.0,1.0,0.4229,0.7367,0.0261,0.0058,1.166
0.005,cart,weighted,isotonic,0.5943,0.0073,-0.0205,0.9902,0.0019,0.3805,0.0004,0.005,0.0009,-0.6507,0.9813,0.0,1.0,0.4073,0.7574,0.0278,0.0034,0.6805
0.005,cart,weighted,none,0.5869,0.0074,-5.2828,0.0388,0.2402,47.3663,0.2357,0.1629,-31.2695,297.2619,0.0211,0.4416,0.7282,0.5718,0.542,0.0164,0.2401,47.9135
0.005,cart,weighted,platt,0.5869,0.0074,-0.0206,1.2992,0.001,0.1953,0.001,0.0051,0.0004,-0.6643,0.9812,0.0,1.0,0.5636,0.5541,0.017,0.0036,0.7197
0.005,cart,weighted,prior,0.5869,0.0074,0.0156,0.0663,0.0053,1.0407,0.005,0.0051,-0.0131,1.6711,1.0181,0.0,1.0,0.4416,0.7282,0.0275,0.0057,1.1334
0.005,lr,adasyn,beta,0.7408,0.0198,-0.0209,0.9717,0.0006,0.1127,0.0006,0.005,0.0063,-0.6346,0.9811,0.0,1.0,0.6767,0.6714,0.0529,0.0009,0.175
0.005,lr,adasyn,intercept,0.7408,0.0198,-0.0207,0.8028,0.0009,0.1703,0.0011,0.005,0.005,-0.3997,0.9813,0.0,1.0,0.6484,0.7003,0.0543,0.0011,0.2288
0.005,lr,adasyn,isotonic,0.7369,0.0164,-0.0217,0.8879,0.0009,0.1801,0.0008,0.005,0.0052,-0.557,0.9803,0.0,1.0,0.7111,0.6283,0.0511,0.0012,0.2376
0.005,lr,adasyn,none,0.7408,0.0198,-5.3696,0.8028,0.3866,76.1923,0.3867,0.2014,-38.9084,30.1341,0.013,0.6643,0.6873,1.0,0.0,0.0005,0.3867,77.1773
0.005,lr,adasyn,platt,0.7408,0.0198,-0.0223,0.987,0.0005,0.1026,0.0005,0.005,0.0065,-0.703,0.9797,0.0,1.0,0.6892,0.6595,0.0525,0.0008,0.1672
0.005,lr,adasyn,prior,0.7408,0.0198,-0.0703,0.8028,0.001,0.2066,0.0012,0.005,0.0042,-1.9191,0.9363,0.0,1.0,0.6643,0.6876,0.0539,0.0012,0.243
0.005,lr,none,beta,0.7415,0.0199,-0.0158,1.0048,0.0004,0.0725,0.0004,0.005,0.0065,-0.5048,0.9856,0.0,1.0,0.6946,0.6581,0.0531,0.0008,0.1587
0.005,lr,none,intercept,0.7415,0.0199,-0.02,0.9507,0.0004,0.0839,0.0005,0.005,0.0064,-0.5991,0.9819,0.0,1.0,0.684,0.6676,0.0533,0.0008,0.1595
0.005,lr,none,isotonic,0.7381,0.0165,-0.0224,0.8932,0.0009,0.1797,0.0008,0.005,0.0053,-0.5701,0.9796,0.0,1.0,0.6737,0.6747,0.0536,0.0012,0.2345
0.005,lr,none,none,0.7415,0.0199,0.0155,0.9507,0.0007,0.1352,0.0006,0.005,0.0064,0.5555,1.019,0.0,1.0,0.6716,0.6828,0.0541,0.0008,0.154
0.005,lr,none,platt,0.7415,0.0199,-0.0183,0.9917,0.0004,0.0731,0.0005,0.005,0.0065,-0.5735,0.9831,0.0,1.0,0.6924,0.6601,0.0532,0.0008,0.1581
0.005,lr,ros,beta,0.7408,0.0199,-0.0182,0.9793,0.0006,0.1128,0.0007,0.005,0.0061,-0.5617,0.9839,0.0,1.0,0.6854,0.6616,0.0526,0.001,0.1955
0.005,lr,ros,intercept,0.7408,0.0199,-0.0199,0.9092,0.0006,0.1121,0.0007,0.005,0.0062,-0.5518,0.982,0.0,1.0,0.6712,0.6754,0.0529,0.0009,0.1819
0.005,lr,ros,isotonic,0.738,0.0163,-0.0221,0.8878,0.0008,0.1609,0.0009,0.005,0.0052,-0.5638,0.9799,0.0,1.0,0.7311,0.6122,0.0504,0.0012,0.2466
0.005,lr,ros,none,0.7408,0.0199,-5.3026,0.9092,0.3967,78.1871,0.3968,0.2023,-39.0851,9.3161,0.0126,0.6672,0.6842,1.0,0.0,0.0002,0.3969,79.2113
0.005,lr,ros,platt,0.7408,0.0199,-0.0217,0.9887,0.0005,0.0997,0.0005,0.005,0.0065,-0.6868,0.9802,0.0,1.0,0.6874,0.6592,0.0522,0.0009,0.1711
0.005,lr,ros,prior,0.7408,0.0199,-0.0041,0.9092,0.0007,0.1431,0.0007,0.005,0.006,-0.0109,0.9997,0.0,1.0,0.6672,0.6842,0.0537,0.0009,0.1789
0.005,lr,rus,beta,0.7378,0.0194,-0.0119,0.9773,0.0005,0.1042,0.0006,0.005,0.0061,-0.3499,0.9899,0.0,1.0,0.6699,0.6726,0.0522,0.0011,0.211
0.005,lr,rus,intercept,0.7378,0.0194,-0.0188,0.8708,0.0009,0.1844,0.0009,0.005,0.0053,-0.435,0.983,0.0,1.0,0.6593,0.6826,0.0525,0.0012,0.2397
0.005,lr,rus,isotonic,0.7356,0.0165,-0.0204,0.8987,0.001,0.1923,0.0007,0.005,0.0052,-0.5429,0.9815,0.0,1.0,0.6952,0.6316,0.05,0.0013,0.2672
0.005,lr,rus,none,0.7378,0.0194,-5.3606,0.8708,0.4009,79.0001,0.401,0.2081,-40.1981,27.8074,0.0125,0.6729,0.6737,1.0,0.0,0.0004,0.4011,80.0434
0.005,lr,rus,platt,0.7378,0.0194,-0.0208,0.9978,0.0004,0.0853,0.0005,0.005,0.0063,-0.6634,0.9811,0.0,1.0,0.6905,0.6561,0.0521,0.001,0.2061
0.005,lr,rus,prior,0.7378,0.0194,-0.0621,0.8708,0.001,0.2055,0.0009,0.005,0.0044,-1.778,0.9447,0.0,1.0,0.6729,0.6737,0.0525,0.0013,0.258
0.005,lr,smote,beta,0.7408,0.0198,-0.0221,0.9689,0.0009,0.1682,0.0006,0.005,0.0063,-0.6643,0.9799,0.0,1.0,0.6758,0.6736,0.0533,0.0009,0.1766
0.005,lr,smote,intercept,0.7408,0.0198,-0.0208,0.8017,0.0012,0.2393,0.0011,0.005,0.005,-0.4032,0.9811,0.0,1.0,0.6488,0.7006,0.0544,0.0011,0.2293
0.005,lr,smote,isotonic,0.7365,0.0162,-0.0223,0.8869,0.0008,0.1579,0.0008,0.005,0.0052,-0.5717,0.9797,0.0,1.0,0.7048,0.6345,0.0513,0.0012,0.2401
0.005,lr,smote,none,0.7408,0.0198,-5.368,0.8017,0.386,76.0848,0.3861,0.2011,-38.8321,29.6041,0.013,0.6645,0.6881,1.0,0.0,0.0005,0.3862,77.0647
0.005,lr,smote,platt,0.7408,0.0198,-0.0224,0.9864,0.0008,0.1514,0.0005,0.005,0.0065,-0.707,0.9796,0.0,1.0,0.69,0.6595,0.0526,0.0008,0.167
0.005,lr,smote,prior,0.7408,0.0198,-0.0695,0.8017,0.0012,0.2447,0.0012,0.005,0.0043,-1.8929,0.937,0.0,1.0,0.6645,0.6881,0.054,0.0012,0.2432
0.005,lr,weighted,beta,0.7408,0.0199,-0.0145,0.9744,0.0006,0.1096,0.0006,0.005,0.0063,-0.436,0.9874,0.0,1.0,0.6755,0.6722,0.053,0.0009,0.1791
0.005,lr,weighted,intercept,0.7408,0.0199,-0.0198,0.9058,0.0006,0.1202,0.0007,0.005,0.0062,-0.5457,0.9821,0.0,1.0,0.6712,0.6761,0.053,0.0009,0.183
0.005,lr,weighted,isotonic,0.7372,0.0161,-0.0218,0.8879,0.0008,0.1481,0.0008,0.005,0.0052,-0.5575,0.9802,0.0,1.0,0.7133,0.6285,0.0512,0.0012,0.2426
0.005,lr,weighted,none,0.7408,0.0199,-5.3024,0.9058,0.3961,78.0719,0.3963,0.2021,-39.0286,9.25,0.0127,0.6668,0.6848,1.0,0.0,0.0002,0.3964,79.1017
0.005,lr,weighted,platt,0.7408,0.0199,-0.0217,0.9894,0.0005,0.1084,0.0005,0.005,0.0065,-0.6872,0.9802,0.0,1.0,0.6887,0.659,0.0524,0.0009,0.1718
0.005,lr,weighted,prior,0.7408,0.0199,-0.0039,0.9058,0.0008,0.1581,0.0008,0.005,0.006,-0.0018,0.9999,0.0,1.0,0.6668,0.6848,0.0537,0.0009,0.18
0.005,mlp,adasyn,beta,0.5663,0.0066,-0.0232,0.9175,0.0028,0.5521,0.0004,0.0051,0.0004,-0.7358,0.9786,0.0,1.0,0.4452,0.6443,0.0202,0.0036,0.7186
0.005,mlp,adasyn,intercept,0.5472,0.0062,-0.166,0.0759,0.0051,1.0112,0.0087,0.0085,-0.6785,111.4626,0.9427,0.0085,0.9956,0.0519,0.9753,0.0125,0.0099,1.9719
0.005,mlp,adasyn,isotonic,0.6087,0.0071,-0.0219,0.7754,0.0007,0.1332,0.0008,0.005,0.0005,-0.678,0.9798,0.0,1.0,0.5692,0.5774,0.0223,0.0035,0.6921
0.005,mlp,adasyn,none,0.5663,0.0066,-4.298,0.0618,0.0207,4.0842,0.0233,0.0191,-2.7884,139.3605,0.2661,0.0406,0.9821,0.122,0.9339,0.0159,0.0238,4.7504
0.005,mlp,adasyn,platt,0.5663,0.0066,-0.0206,0.9534,0.0028,0.5527,0.0004,0.0051,0.0003,-0.6503,0.9812,0.0,1.0,0.4429,0.6452,0.0199,0.0036,0.7195
0.005,mlp,adasyn,prior,0.542,0.0061,0.9996,0.0807,0.0035,0.6838,0.0048,0.0073,-0.4426,118.6751,1.4553,0.0059,0.9971,0.0404,0.9821,0.012,0.0082,1.6428
0.005,mlp,none,beta,0.5911,0.007,-0.0208,0.9424,0.0005,0.1077,0.0005,0.005,0.0005,-0.6625,0.981,0.0,1.0,0.6265,0.4964,0.0178,0.0035,0.6944
0.005,mlp,none,intercept,0.5911,0.007,-0.0184,0.2531,0.0032,0.6236,0.0033,0.0051,-0.0052,-0.1409,0.9835,0.0,1.0,0.4487,0.6719,0.0183,0.0045,0.8931
0.005,mlp,none,isotonic,0.5868,0.0066,-0.0199,0.6637,0.0007,0.1369,0.0007,0.0051,0.0004,-0.621,0.9819,0.0,1.0,0.6287,0.4921,0.0178,0.0035,0.7019
0.005,mlp,none,none,0.5911,0.007,-0.2348,0.2531,0.0038,0.7449,0.0038,0.0051,-0.0094,-6.9334,0.795,0.0,1.0,0.5229,0.6082,0.0191,0.0052,1.0308
0.005,mlp,none,platt,0.5911,0.007,-0.0205,0.9408,0.0006,0.1092,0.0005,0.005,0.0005,-0.653,0.9813,0.0,1.0,0.6255,0.498,0.0179,0.0035,0.6944
0.005,mlp,ros,beta,0.5598,0.0065,-0.0235,0.9001,0.0037,0.7251,0.0003,0.0051,0.0003,-0.7416,0.9782,0.0,1.0,0.4099,0.6821,0.0231,0.0036,0.7212
0.005,mlp,ros,intercept,0.5491,0.0063,-0.1558,0.0787,0.0051,1.0101,0.0086,0.0086,-0.6951,120.0657,0.9556,0.0108,0.9955,0.0508,0.9773,0.0133,0.0098,1.9578
0.005,mlp,ros,isotonic,0.6099,0.0072,-0.0194,0.8075,0.0008,0.1472,0.0007,0.0051,0.0003,-0.5828,0.9823,0.0,1.0,0.5947,0.5516,0.0221,0.0035,0.6905
0.005,mlp,ros,none,0.5598,0.0065,-1.9179,0.072,0.0101,2.0046,0.0129,0.0116,-1.2958,119.5901,0.5559,0.019,0.9916,0.0786,0.963,0.0154,0.0139,2.7716
0.005,mlp,ros,platt,0.5598,0.0065,-0.02,0.9218,0.0037,0.7237,0.0003,0.0051,0.0003,-0.6295,0.9817,0.0,1.0,0.5633,0.5104,0.0246,0.0036,0.7212
0.005,mlp,ros,prior,0.5325,0.0059,3.361,0.0937,0.0016,0.3204,0.004,0.0061,-0.2089,163.0018,3.1854,0.0034,0.9987,0.019,0.9916,0.008,0.0064,1.286
0.005,mlp,rus,beta,0.6885,0.013,-0.0156,0.9818,0.0006,0.1085,0.0006,0.005,0.0031,-0.5039,0.986,0.0,1.0,0.7024,0.5591,0.0385,0.0025,0.4939
0.005,mlp,rus,intercept,0.6885,0.013,-0.0178,1.4712,0.001,0.1922,0.0011,0.005,0.0021,-0.5023,0.9842,0.0,1.0,0.6774,0.5872,0.0401,0.0026,0.5272
0.005,mlp,rus,isotonic,0.6834,0.0114,-0.0188,0.8371,0.0009,0.1854,0.0007,0.005,0.0022,-0.515,0.9832,0.0,1.0,0.6409,0.6045,0.0379,0.0025,0.5085
0.005,mlp,rus,none,0.6885,0.013,-5.267,1.4712,0.4438,87.5355,0.444,0.2218,-42.9516,-32.4876,0.0114,0.6457,0.6303,1.0,0.0,,0.4441,88.6537
0.005,mlp,rus,platt,0.6885,0.013,-0.0226,1.0095,0.0006,0.1223,0.0006,0.005,0.0031,-0.7071,0.9799,0.0,1.0,0.6823,0.5869,0.0399,0.0024,0.484
0.005,mlp,rus,prior,0.6885,0.013,0.0315,1.4712,0.0011,0.217,0.0012,0.005,0.0014,1.0726,1.0471,0.0,1.0,0.6457,0.6303,0.0408,0.0026,0.5286
0.005,mlp,smote,beta,0.5751,0.0069,-0.0214,0.9528,0.0027,0.5192,0.0005,0.005,0.0005,-0.6761,0.9804,0.0,1.0,0.3347,0.7881,0.0215,0.0036,0.7096
0.005,mlp,smote,intercept,0.5556,0.0065,-0.1601,0.0828,0.0051,1.0118,0.0086,0.0083,-0.6495,102.1611,0.9404,0.0097,0.9957,0.0578,0.9729,0.0133,0.0098,1.9605
0.005,mlp,smote,isotonic,0.6132,0.0073,-0.0222,0.8042,0.0007,0.1333,0.0007,0.005,0.0005,-0.6774,0.9797,0.0,1.0,0.6189,0.5538,0.0252,0.0034,0.6865
0.005,mlp,smote,none,0.5751,0.0069,-4.2177,0.0663,0.0221,4.3878,0.0247,0.0198,-2.9269,129.4284,0.2492,0.044,0.981,0.1459,0.9249,0.0189,0.0251,5.0063
0.005,mlp,smote,platt,0.5751,0.0069,-0.0208,0.974,0.0027,0.5238,0.0005,0.005,0.0005,-0.6563,0.9811,0.0,1.0,0.4838,0.6219,0.0228,0.0036,0.7112
0.005,mlp,smote,prior,0.55,0.0064,1.0793,0.089,0.0032,0.6265,0.0058,0.007,-0.3924,110.6353,1.5108,0.0059,0.9974,0.044,0.981,0.0125,0.008,1.5891
0.005,nb,adasyn,beta,0.6942,0.0127,-0.0185,0.9299,0.0007,0.1372,0.0005,0.005,0.003,-0.5708,0.9833,0.0,1.0,0.6583,0.6209,0.0415,0.0023,0.4688
0.005,nb,adasyn,intercept,0.6942,0.0127,-0.0209,0.5332,0.0019,0.3815,0.002,0.005,0.0009,-0.3581,0.9811,0.0,1.0,0.5983,0.6832,0.0431,0.0029,0.5809
0.005,nb,adasyn,isotonic,0.6911,0.0114,-0.0211,0.8254,0.0007,0.1288,0.0006,0.005,0.0019,-0.5568,0.9808,0.0,1.0,0.6941,0.586,0.0412,0.0025,0.4913
0.005,nb,adasyn,none,0.6942,0.0127,-5.2742,0.5332,0.3513,69.2784,0.3514,0.1883,-36.3213,50.9636,0.0143,0.5825,0.6955,0.9973,0.0123,0.0062,0.3515,70.1447
0.005,nb,adasyn,platt,0.6942,0.0127,-0.0245,0.9465,0.0007,0.1277,0.0005,0.005,0.0031,-0.7823,0.9772,0.0,1.0,0.6993,0.5826,0.0409,0.0024,0.4712
0.005,nb,adasyn,prior,0.6942,0.0127,0.0251,0.5332,0.0019,0.3694,0.0019,0.005,0.0012,1.1165,1.0281,0.0,1.0,0.5821,0.6956,0.0429,0.0028,0.5609
0.005,nb,none,beta,0.735,0.0185,-0.0224,0.95,0.0004,0.0761,0.0005,0.005,0.006,-0.6946,0.979,0.0,1.0,0.6839,0.6553,0.051,0.0011,0.2213
0.005,nb,none,intercept,0.735,0.0185,-0.0214,0.8973,0.0005,0.0921,0.0006,0.005,0.0059,-0.6155,0.9805,0.0,1.0,0.6727,0.6674,0.0515,0.0011,0.2262
0.005,nb,none,isotonic,0.7303,0.0157,-0.0241,0.8301,0.001,0.1892,0.0007,0.005,0.002,-0.4542,0.9777,0.0,1.0,0.6191,0.7123,0.0528,0.0014,0.2799
0.005,nb,none,none,0.735,0.0185,0.0207,0.8973,0.0006,0.1255,0.0006,0.005,0.0059,0.7478,1.0238,0.0,1.0,0.6576,0.684,0.0522,0.0011,0.219
0.005,nb,none,platt,0.735,0.0185,-0.0252,0.9379,0.0004,0.0779,0.0005,0.005,0.006,-0.7676,0.9764,0.0,1.0,0.6825,0.6573,0.0512,0.0011,0.2223
0.005,nb,ros,beta,0.7351,0.0185,-0.0173,0.9595,0.0007,0.1301,0.0005,0.005,0.0059,-0.5252,0.9846,0.0,1.0,0.6731,0.6657,0.0513,0.0011,0.2198
0.005,nb,ros,intercept,0.7351,0.0185,-0.0215,0.9,0.0007,0.1379,0.0006,0.005,0.0059,-0.6213,0.9804,0.0,1.0,0.6735,0.6668,0.0516,0.0011,0.2264
0.005,nb,ros,isotonic,0.7309,0.0158,-0.0246,0.8291,0.0007,0.1428,0.0008,0.005,0.0017,-0.4438,0.9773,0.0,1.0,0.6052,0.7264,0.0533,0.0014,0.2818
0.005,nb,ros,none,0.7351,0.0185,-5.2779,0.9,0.3951,77.8877,0.3954,0.201,-38.8258,6.0246,0.0127,0.659,0.6835,1.0,0.0001,0.0007,0.3955,78.9347
0.005,nb,ros,platt,0.7351,0.0185,-0.0233,0.9686,0.0005,0.1052,0.0005,0.005,0.006,-0.727,0.9787,0.0,1.0,0.689,0.6519,0.0512,0.0011,0.2202
0.005,nb,ros,prior,0.7351,0.0185,0.0206,0.9,0.0007,0.1295,0.0006,0.005,0.0059,0.7412,1.0237,0.0,1.0,0.659,0.6835,0.0523,0.0011,0.219
0.005,nb,rus,beta,0.7317,0.018,-0.0206,0.9821,0.0006,0.1152,0.0004,0.005,0.0054,-0.6443,0.9812,0.0,1.0,0.6872,0.6473,0.0502,0.0014,0.2802
0.005,nb,rus,intercept,0.7317,0.018,-0.0206,0.8412,0.001,0.1965,0.0008,0.005,0.0048,-0.4893,0.9812,0.0,1.0,0.6548,0.6809,0.0514,0.0015,0.3
0.005,nb,rus,isotonic,0.7293,0.015,-0.0222,0.8815,0.0007,0.1424,0.0007,0.005,0.0042,-0.5789,0.9797,0.0,1.0,0.7039,0.6209,0.049,0.0016,0.3121
0.005,nb,rus,none,0.7317,0.018,-5.372,0.8412,0.4044,79.6935,0.4045,0.2113,-40.823,34.9525,0.0124,0.6713,0.6665,1.0,0.0001,0.0009,0.4046,80.7429
0.005,nb,rus,platt,0.7317,0.018,-0.0218,0.9879,0.0005,0.095,0.0004,0.005,0.0057,-0.6835,0.98,0.0,1.0,0.6904,0.6482,0.0507,0.0014,0.2719
0.005,nb,rus,prior,0.7317,0.018,-0.0735,0.8412,0.0011,0.2188,0.001,0.005,0.0042,-2.1504,0.9337,0.0,1.0,0.6713,0.6665,0.0509,0.0016,0.322
0.005,nb,smote,beta,0.6944,0.0127,-0.0189,0.9283,0.0005,0.1059,0.0005,0.005,0.003,-0.5823,0.9829,0.0,1.0,0.6569,0.6216,0.0414,0.0024,0.4692
0.005,nb,smote,intercept,0.6944,0.0127,-0.0209,0.532,0.002,0.3915,0.002,0.005,0.0008,-0.3565,0.981,0.0,1.0,0.5975,0.6838,0.0431,0.0029,0.5828
0.005,nb,smote,isotonic,0.6911,0.0115,-0.0207,0.8265,0.0006,0.1272,0.0007,0.005,0.0021,-0.5568,0.9812,0.0,1.0,0.6935,0.5882,0.041,0.0025,0.4915
0.005,nb,smote,none,0.6944,0.0127,-5.2734,0.532,0.3505,69.1127,0.3506,0.188,-36.2485,50.9718,0.0143,0.5811,0.6962,0.9973,0.0126,0.0063,0.3507,69.9974
0.005,nb,smote,platt,0.6944,0.0127,-0.0245,0.9456,0.0005,0.1012,0.0005,0.005,0.0031,-0.7824,0.9772,0.0,1.0,0.6983,0.5827,0.0408,0.0024,0.4715
0.005,nb,smote,prior,0.6944,0.0127,0.0251,0.532,0.002,0.3838,0.0019,0.005,0.0012,1.1206,1.0281,0.0,1.0,0.5811,0.6962,0.0428,0.0028,0.5627
0.005,rf,adasyn,beta,0.6634,0.0095,-0.0167,0.989,0.0005,0.0976,0.0006,0.005,0.0016,-0.5301,0.985,0.0,1.0,0.6608,0.5736,0.0344,0.003,0.6005
0.005,rf,adasyn,intercept,0.6634,0.0095,-0.022,0.4046,0.003,0.5927,0.0031,0.0051,-0.0098,0.235,0.9801,0.0,1.0,0.4888,0.7298,0.0351,0.0042,0.8316
0.005,rf,adasyn,isotonic,0.6614,0.0089,-0.0214,0.8367,0.0007,0.1325,0.0007,0.005,0.0014,-0.6528,0.9805,0.0,1.0,0.6675,0.5713,0.0353,0.0031,0.6126
0.005,rf,adasyn,none,0.6634,0.0095,-2.9194,0.4011,0.0678,13.3734,0.0676,0.0182,-2.6139,-102.9105,0.0701,0.0192,0.9927,0.9724,0.0841,0.0144,0.0678,13.5294
0.005,rf,adasyn,platt,0.6634,0.0095,-0.0231,0.9852,0.0004,0.0883,0.0006,0.005,0.0016,-0.7291,0.9788,0.0,1.0,0.6674,0.5723,0.0348,0.003,0.6024
0.005,rf,adasyn,prior,0.6634,0.0095,2.3798,0.4082,0.0044,0.8704,0.0046,0.0051,-0.0035,94.4674,10.6625,0.0,1.0,0.0192,0.9927,0.0097,0.0045,0.9069
0.005,rf,none,beta,0.6655,0.0121,-0.0209,0.9355,0.0011,0.2202,0.0012,0.005,0.0019,-0.6925,0.9809,0.0,1.0,0.7433,0.4657,0.0304,0.0032,0.6418
0.005,rf,none,intercept,0.6655,0.0121,-0.0184,0.2899,0.0024,0.4734,0.0023,0.0051,-0.001,-0.169,0.9836,0.0,1.0,0.544,0.6924,0.0365,0.0036,0.7252
0.005,rf,none,isotonic,0.662,0.0106,-0.02,0.8636,0.0007,0.1426,0.0006,0.005,0.0018,-0.5552,0.9819,0.0,1.0,0.5684,0.6716,0.0379,0.003,0.6062
0.005,rf,none,none,0.6655,0.0121,-0.0677,0.2882,0.0026,0.5067,0.0024,0.0051,-0.0017,-1.6879,0.9384,0.0,1.0,0.5608,0.6788,0.0365,0.0037,0.7453
0.005,rf,none,platt,0.6655,0.0121,-0.0216,0.932,0.0011,0.2192,0.0012,0.005,0.0019,-0.7145,0.9802,0.0,1.0,0.7419,0.4675,0.0304,0.0032,0.6412
0.005,rf,ros,beta,0.6562,0.0101,-0.022,1.0973,0.0015,0.2882,0.0013,0.005,0.0012,-0.7109,0.9799,0.0,1.0,0.838,0.3366,0.0264,0.0033,0.6622
0.005,rf,ros,intercept,0.6562,0.0101,-0.0234,0.1521,0.0032,0.6275,0.0032,0.0051,-0.0069,0.0436,0.9789,0.0,1.0,0.5164,0.708,0.0352,0.0044,0.8727
0.005,rf,ros,isotonic,0.6546,0.0094,-0.0229,0.8575,0.0007,0.1428,0.0007,0.005,0.0013,-0.6782,0.9789,0.0,1.0,0.5462,0.6757,0.0341,0.0032,0.6286
0.005,rf,ros,none,0.6562,0.0101,-0.9848,0.1348,0.0097,1.9122,0.0097,0.0055,-0.0894,-30.7114,0.388,0.0,1.0,0.7271,0.4871,0.0305,0.0105,2.0878
0.005,rf,ros,platt,0.6562,0.0101,-0.0214,1.0942,0.0015,0.2879,0.0013,0.005,0.0012,-0.6929,0.9804,0.0,1.0,0.819,0.3601,0.0271,0.0033,0.6609
0.005,rf,ros,prior,0.6562,0.0101,4.3092,0.3013,0.005,0.9773,0.005,0.0051,-0.0048,269.0465,73.4843,0.0,1.0,0.0,1.0,,0.0049,0.986
0.005,rf,rus,beta,0.7095,0.014,-0.0269,0.9854,0.0009,0.1819,0.0007,0.005,0.0036,-0.8739,0.9748,0.0,1.0,0.7214,0.5799,0.0436,0.0023,0.45
0.005,rf,rus,intercept,0.7095,0.014,-0.0196,1.1329,0.0009,0.1692,0.0006,0.005,0.0038,-0.6473,0.9822,0.0,1.0,0.6902,0.6099,0.0442,0.0022,0.4413
0.005,rf,rus,isotonic,0.7063,0.0123,-0.0204,0.8632,0.0009,0.1778,0.0008,0.005,0.0029,-0.5583,0.9815,0.0,1.0,0.6545,0.6355,0.0442,0.0023,0.4619
0.005,rf,rus,none,0.7095,0.014,-5.2533,1.1329,0.4368,86.0668,0.4369,0.2182,-42.2105,-16.0518,0.0115,0.6517,0.6489,1.0,0.0,,0.437,87.2136
0.005,rf,rus,platt,0.7095,0.014,-0.0266,0.9919,0.0006,0.124,0.0004,0.005,0.0038,-0.8338,0.9755,0.0,1.0,0.6758,0.6269,0.0448,0.0022,0.4346
0.005,rf,rus,prior,0.7095,0.014,0.0452,1.1329,0.0008,0.1667,0.0006,0.005,0.0037,1.4281,1.048,0.0,1.0,0.6517,0.6489,0.0448,0.0021,0.4259
0.005,rf,smote,beta,0.6626,0.0095,-0.0173,0.9803,0.0006,0.1277,0.0006,0.005,0.0016,-0.5405,0.9842,0.0,1.0,0.6551,0.5771,0.0341,0.003,0.6007
0.005,rf,smote,intercept,0.6626,0.0095,-0.0206,0.4036,0.003,0.5827,0.0031,0.0051,-0.0097,0.2687,0.9814,0.0,1.0,0.4904,0.7298,0.0353,0.0042,0.8287
0.005,rf,smote,isotonic,0.6584,0.0088,-0.0207,0.8245,0.0008,0.1647,0.0007,0.005,0.0013,-0.6232,0.9812,0.0,1.0,0.6241,0.5955,0.0339,0.0031,0.6156
0.005,rf,smote,none,0.6626,0.0095,-2.9156,0.3994,0.0676,13.3214,0.0675,0.0181,-2.5947,-102.9698,0.0702,0.0192,0.9928,0.9767,0.0836,0.0154,0.0676,13.5
0.005,rf,smote,platt,0.6626,0.0095,-0.0245,0.9874,0.0006,0.1153,0.0005,0.005,0.0016,-0.7744,0.9774,0.0,1.0,0.6672,0.5714,0.0346,0.003,0.602
0.005,rf,smote,prior,0.6626,0.0095,2.3829,0.4076,0.0045,0.8932,0.0046,0.0051,-0.0035,94.6439,10.6956,0.0,1.0,0.0192,0.9928,0.0099,0.0045,0.9071
0.005,rf,weighted,beta,0.6708,0.0108,-0.017,1.0783,0.0018,0.3577,0.0015,0.005,0.0014,-0.5533,0.9848,0.0,1.0,0.8092,0.3863,0.0296,0.0032,0.6393
0.005,rf,weighted,intercept,0.6708,0.0108,-0.0204,0.2353,0.0018,0.358,0.002,0.0051,-0.0003,-0.3483,0.9816,0.0,1.0,0.5823,0.673,0.0388,0.0035,0.6946
0.005,rf,weighted,isotonic,0.6663,0.0098,-0.02,0.8699,0.0006,0.1202,0.0005,0.005,0.0017,-0.5843,0.9819,0.0,1.0,0.608,0.6467,0.0382,0.003,0.5889
0.005,rf,weighted,none,0.6708,0.0108,-1.166,0.2029,0.0112,2.2067,0.0113,0.0054,-0.0778,-38.2805,0.322,0.0,1.0,0.8506,0.3308,0.0274,0.0119,2.3795
0.005,rf,weighted,platt,0.6708,0.0108,-0.0203,1.0613,0.002,0.393,0.0016,0.005,0.0013,-0.668,0.9817,0.0,1.0,0.8278,0.3586,0.0286,0.0033,0.6507
0.005,rf,weighted,prior,0.6708,0.0108,4.1304,0.416,0.0053,1.05,0.005,0.0051,-0.0048,246.3232,61.9365,0.0,1.0,0.0,1.0,,0.0049,0.9833
0.005,xgb,adasyn,beta,0.6601,0.0105,-0.0199,0.9432,0.0006,0.1216,0.0007,0.005,0.0019,-0.6261,0.9821,0.0,1.0,0.6339,0.587,0.0326,0.0029,0.5767
0.005,xgb,adasyn,intercept,0.6601,0.0105,-0.0227,0.3178,0.0034,0.6608,0.0035,0.0051,-0.0045,-0.0958,0.9795,0.0,1.0,0.5034,0.7149,0.0344,0.0042,0.8435
0.005,xgb,adasyn,isotonic,0.6566,0.0094,-0.0223,0.8032,0.0008,0.1567,0.0008,0.005,0.0011,-0.6416,0.9797,0.0,1.0,0.6747,0.5444,0.0316,0.003,0.591
0.005,xgb,adasyn,none,0.6601,0.0105,-4.8512,0.3178,0.2495,49.2012,0.2495,0.1274,-24.2412,-2.0422,0.02,0.4,0.799,0.9849,0.0641,0.0142,0.2496,49.8118
0.005,xgb,adasyn,platt,0.6601,0.0105,-0.0092,0.9642,0.0007,0.1298,0.0007,0.005,0.0018,-0.2963,0.9927,0.0,1.0,0.6704,0.5551,0.0325,0.0029,0.5755
0.005,xgb,adasyn,prior,0.6601,0.0105,0.4481,0.3179,0.0025,0.5001,0.0027,0.0051,-0.0,14.7963,1.5626,0.0,1.0,0.4,0.7991,0.0353,0.0034,0.6837
0.005,xgb,none,beta,0.69,0.0133,-0.0215,0.9716,0.0006,0.1113,0.0005,0.005,0.0033,-0.6793,0.9805,0.0,1.0,0.6581,0.6166,0.0404,0.0025,0.5029
0.005,xgb,none,intercept,0.69,0.0133,-0.0221,0.5725,0.0022,0.4227,0.0022,0.0051,-0.003,-0.0626,0.9804,0.0,1.0,0.5447,0.716,0.0412,0.0032,0.6339
0.005,xgb,none,isotonic,0.686,0.0115,-0.021,0.8347,0.0008,0.155,0.0007,0.005,0.0027,-0.6089,0.981,0.0,1.0,0.6293,0.6423,0.0407,0.0026,0.5282
0.005,xgb,none,none,0.69,0.0133,0.0904,0.5725,0.002,0.4013,0.0021,0.0051,-0.0012,3.4831,1.0962,0.0,1.0,0.5054,0.7471,0.0412,0.003,0.6027
0.005,xgb,none,platt,0.69,0.0133,-0.0216,0.9704,0.0006,0.1115,0.0005,0.005,0.0033,-0.6772,0.9804,0.0,1.0,0.6577,0.6175,0.0405,0.0025,0.503
0.005,xgb,ros,beta,0.6717,0.0113,-0.0228,0.9154,0.0007,0.1281,0.0006,0.005,0.0022,-0.7006,0.9792,0.0,1.0,0.6342,0.6028,0.0351,0.0028,0.5578
0.005,xgb,ros,intercept,0.6717,0.0113,-0.0208,0.43,0.0027,0.5343,0.0027,0.0051,-0.0025,-0.1449,0.9814,0.0,1.0,0.5403,0.699,0.0371,0.0037,0.7333
0.005,xgb,ros,isotonic,0.6696,0.0102,-0.0223,0.7481,0.0008,0.1667,0.0008,0.0051,-0.001,-0.4715,0.9797,0.0,1.0,0.6366,0.5948,0.0353,0.0029,0.5777
0.005,xgb,ros,none,0.6717,0.0113,-4.3687,0.43,0.2045,40.3452,0.2045,0.0842,-15.693,-104.2198,0.0243,0.269,0.8924,0.9943,0.0306,0.0101,0.2046,40.8285
0.005,xgb,ros,platt,0.6717,0.0113,-0.0289,0.9332,0.0008,0.1595,0.0006,0.005,0.0024,-0.9162,0.9733,0.0,1.0,0.6697,0.5684,0.0343,0.0028,0.5604
0.005,xgb,ros,prior,0.6717,0.0113,0.9298,0.43,0.003,0.5853,0.003,0.0051,0.0004,30.8439,2.5238,0.0,1.0,0.269,0.8924,0.0369,0.0033,0.6591
0.005,xgb,rus,beta,0.6915,0.0132,-0.0179,0.9314,0.0006,0.1237,0.0006,0.005,0.0031,-0.5575,0.9837,0.0,1.0,0.6459,0.6266,0.0408,0.0025,0.5026
0.005,xgb,rus,intercept,0.6915,0.0132,-0.0208,0.4256,0.0033,0.6533,0.0036,0.0051,-0.0169,1.1558,0.9812,0.0004,1.0,0.4866,0.7729,0.0442,0.0041,0.8248
0.005,xgb,rus,isotonic,0.6875,0.0114,-0.0202,0.8267,0.0008,0.1526,0.0008,0.005,0.0024,-0.5612,0.9816,0.0,1.0,0.6289,0.628,0.0394,0.0026,0.5241
0.005,xgb,rus,none,0.6915,0.0132,-6.0066,0.4256,0.3949,77.7883,0.3951,0.239,-46.3003,186.9814,0.0127,0.6364,0.6397,0.9998,0.0016,0.0024,0.3951,78.8509
0.005,xgb,rus,platt,0.6915,0.0132,-0.0177,0.9689,0.0005,0.0938,0.0004,0.005,0.0032,-0.5601,0.9841,0.0,1.0,0.6562,0.6199,0.0408,0.0025,0.4969
0.005,xgb,rus,prior,0.6915,0.0132,-0.7081,0.4256,0.0065,1.2687,0.0065,0.0055,-0.09,-19.5263,0.5162,0.001,0.9999,0.6364,0.6397,0.0409,0.0072,1.4362
0.005,xgb,smote,beta,0.6595,0.0104,-0.0201,0.9356,0.0006,0.1173,0.0007,0.005,0.0018,-0.6304,0.9819,0.0,1.0,0.644,0.5777,0.0326,0.0029,0.5815
0.005,xgb,smote,intercept,0.6595,0.0104,-0.0221,0.3177,0.0034,0.6591,0.0035,0.0051,-0.0048,-0.0563,0.9802,0.0,1.0,0.496,0.7162,0.0335,0.0043,0.8495
0.005,xgb,smote,isotonic,0.6559,0.0093,-0.0217,0.801,0.0007,0.1323,0.0009,0.005,0.0015,-0.6463,0.9803,0.0,1.0,0.6825,0.5397,0.0319,0.003,0.5948
0.005,xgb,smote,none,0.6595,0.0104,-4.8409,0.3177,0.248,48.9043,0.2478,0.126,-23.9862,-4.7981,0.0201,0.3889,0.8017,0.9849,0.0623,0.0138,0.248,49.4909
0.005,xgb,smote,platt,0.6595,0.0104,-0.0106,0.9579,0.0005,0.1065,0.0007,0.005,0.0018,-0.3408,0.9912,0.0,1.0,0.6684,0.5553,0.0322,0.0029,0.5787
0.005,xgb,smote,prior,0.6595,0.0104,0.4576,0.3178,0.0026,0.511,0.0027,0.0051,-0.0002,15.1244,1.5788,0.0,1.0,0.3889,0.8017,0.0339,0.0034,0.6882
0.005,xgb,weighted,beta,0.6784,0.0114,-0.0203,0.917,0.0008,0.1504,0.0006,0.005,0.0024,-0.628,0.9817,0.0,1.0,0.6399,0.6129,0.0373,0.0027,0.5397
0.005,xgb,weighted,intercept,0.6784,0.0114,-0.0222,0.4165,0.003,0.5989,0.003,0.0051,-0.0052,0.0328,0.9801,0.0,1.0,0.5158,0.7242,0.0382,0.0038,0.7672
0.005,xgb,weighted,isotonic,0.6756,0.0105,-0.0218,0.7969,0.0008,0.1488,0.0009,0.005,0.0015,-0.6065,0.9802,0.0,1.0,0.5592,0.6764,0.0372,0.0028,0.559
0.005,xgb,weighted,none,0.6784,0.0114,-4.2525,0.4165,0.18,35.5012,0.18,0.0734,-13.5495,-98.1725,0.0275,0.2486,0.9076,0.9918,0.0439,0.0123,0.1801,35.9437
0.005,xgb,weighted,platt,0.6784,0.0114,-0.0279,0.9372,0.0006,0.1163,0.0005,0.005,0.0025,-0.8796,0.9745,0.0,1.0,0.672,0.5864,0.0375,0.0027,0.5405
0.005,xgb,weighted,prior,0.6784,0.0114,1.046,0.4165,0.0033,0.6543,0.0033,0.0051,0.0001,35.0167,2.8236,0.0,1.0,0.2486,0.9076,0.0382,0.0035,0.6963
0.01,cart,adasyn,beta,0.6408,0.0171,0.0024,0.9708,0.0017,0.1693,0.0016,0.01,-0.0025,0.5293,1.0032,0.0001,0.9999,0.629,0.5815,0.043,0.0064,0.6367
0.01,cart,adasyn,intercept,0.6408,0.0171,0.0044,0.1477,0.0062,0.6181,0.0063,0.0102,-0.021,2.8885,1.0051,0.0001,0.9998,0.5581,0.6612,0.0463,0.0088,0.8792
0.01,cart,adasyn,isotonic,0.6416,0.0166,0.0061,0.9701,0.0009,0.0861,0.0007,0.0099,0.0028,0.296,1.0067,0.0,1.0,0.6369,0.5743,0.0431,0.0062,0.615
0.01,cart,adasyn,none,0.6408,0.0171,-4.6199,0.1021,0.3132,31.1257,0.313,0.1956,-18.6296,192.9164,0.0313,0.5612,0.658,0.8873,0.2178,0.0255,0.3135,31.317
0.01,cart,adasyn,platt,0.6408,0.0171,0.0062,1.1335,0.0026,0.2564,0.0027,0.01,0.0015,0.2685,1.0069,0.0,1.0,0.7483,0.4292,0.0358,0.0066,0.6626
0.01,cart,adasyn,prior,0.6408,0.0171,-0.0278,0.1472,0.0065,0.6417,0.0066,0.0102,-0.0217,1.4755,0.9743,0.0001,0.9998,0.5607,0.6583,0.0461,0.009,0.8965
0.01,cart,none,beta,0.6015,0.016,0.0055,0.8896,0.0028,0.2771,0.0028,0.01,0.0006,0.244,1.0062,0.0,1.0,0.6771,0.4257,0.0215,0.007,0.7025
0.01,cart,none,intercept,0.6015,0.016,-0.0005,0.105,0.0063,0.6246,0.0061,0.0103,-0.0293,3.6933,1.0001,0.0,1.0,0.3807,0.778,0.0383,0.0087,0.8733
0.01,cart,none,isotonic,0.6081,0.0154,0.0039,0.9013,0.0008,0.08,0.0007,0.0099,0.0019,0.2156,1.0046,0.0,1.0,0.4941,0.6756,0.0367,0.0065,0.6475
0.01,cart,none,none,0.6015,0.016,0.0068,0.1046,0.0062,0.6194,0.006,0.0103,-0.0286,3.9806,1.0069,0.0,1.0,0.3807,0.778,0.0383,0.0087,0.8703
0.01,cart,none,platt,0.6015,0.016,0.0055,0.907,0.0028,0.2761,0.0028,0.01,0.0006,0.2451,1.0062,0.0,1.0,0.6771,0.4257,0.0215,0.007,0.7021
0.01,cart,ros,beta,0.6041,0.0156,0.0079,1.0334,0.0016,0.1573,0.0014,0.01,0.0002,0.4745,1.0086,0.0,1.0,0.5867,0.5771,0.0339,0.0066,0.6558
0.01,cart,ros,intercept,0.6041,0.0156,0.0071,0.0701,0.0084,0.8317,0.0085,0.0103,-0.0288,3.8901,1.0076,0.0,0.9999,0.4747,0.7048,0.0392,0.0102,1.0232
0.01,cart,ros,isotonic,0.6078,0.0152,0.0049,0.9291,0.0008,0.0807,0.0009,0.0099,0.0021,0.2532,1.0057,0.0,1.0,0.4839,0.7007,0.0405,0.0064,0.6398
0.01,cart,ros,none,0.6041,0.0156,-4.5831,0.0442,0.2691,26.7351,0.2634,0.1734,-16.4077,227.68,0.0369,0.4829,0.6981,0.6806,0.4381,0.0239,0.2696,26.9355
0.01,cart,ros,platt,0.6041,0.0156,0.0069,0.9213,0.0025,0.2523,0.0021,0.01,0.0009,0.3208,1.0076,0.0,1.0,0.6806,0.4381,0.0239,0.0068,0.6789
0.01,cart,ros,prior,0.6041,0.0156,0.0092,0.0701,0.0083,0.8301,0.0085,0.0103,-0.0286,3.9745,1.0095,0.0,0.9999,0.4829,0.6981,0.0394,0.0102,1.0218
0.01,cart,rus,beta,0.6321,0.0165,0.0044,0.9785,0.002,0.1943,0.002,0.0099,0.0018,0.2117,1.0052,0.0,1.0,0.7166,0.4581,0.0363,0.0065,0.6468
0.01,cart,rus,intercept,0.6157,0.0154,-0.1906,0.086,0.0155,1.5375,0.0168,0.0149,-0.4907,440.5948,0.9736,0.0183,0.9935,0.0546,0.9763,0.0202,0.0192,1.922
0.01,cart,rus,isotonic,0.6337,0.0161,0.0043,0.9596,0.0008,0.0835,0.0009,0.0099,0.0025,0.2197,1.0051,0.0,1.0,0.6218,0.5738,0.0399,0.0063,0.6253
0.01,cart,rus,none,0.6321,0.0165,-13.8345,0.0928,0.427,42.4266,0.4269,0.2659,-25.696,248.2482,0.023,0.6475,0.5443,0.9898,0.033,0.0166,0.4271,42.6669
0.01,cart,rus,platt,0.6321,0.0165,0.0039,0.9924,0.0028,0.2808,0.0024,0.01,0.0011,0.2249,1.0047,0.0,1.0,0.6391,0.5408,0.0387,0.0067,0.667
0.01,cart,rus,prior,0.6321,0.0165,-9.2422,0.0952,0.0325,3.2345,0.0327,0.0333,-2.3529,78.8203,0.2697,0.0546,0.9763,0.6411,0.5518,0.0387,0.0352,3.5164
0.01,cart,smote,beta,0.6346,0.0169,0.0046,0.9653,0.0016,0.1557,0.0018,0.01,-0.0024,0.5923,1.0053,0.0,0.9999,0.6413,0.5641,0.0415,0.0064,0.6436
0.01,cart,smote,intercept,0.6346,0.0169,0.0018,0.1435,0.0066,0.6588,0.0066,0.0102,-0.0225,2.906,1.0026,0.0001,0.9998,0.5438,0.6669,0.0446,0.0089,0.8856
0.01,cart,smote,isotonic,0.6369,0.0164,0.0053,0.9403,0.0008,0.0803,0.0006,0.0099,0.0028,0.2631,1.0059,0.0,1.0,0.5534,0.6593,0.0456,0.0062,0.6147
0.01,cart,smote,none,0.6346,0.0169,-4.6199,0.098,0.3109,30.8964,0.3109,0.1945,-18.5164,189.021,0.0315,0.554,0.6579,0.8907,0.2017,0.0229,0.3114,31.1051
0.01,cart,smote,platt,0.6346,0.0169,0.0041,0.968,0.0023,0.23,0.0027,0.01,0.0015,0.1778,1.0048,0.0,1.0,0.7401,0.4396,0.0362,0.0067,0.6667
0.01,cart,smote,prior,0.6346,0.0169,-0.0276,0.1432,0.0068,0.6795,0.0068,0.0102,-0.0232,1.6146,0.9751,0.0001,0.9998,0.5535,0.6581,0.0445,0.009,0.9012
0.01,cart,weighted,beta,0.6016,0.0155,0.0026,0.9952,0.0008,0.0843,0.0011,0.0099,0.0017,0.1494,1.0034,0.0,1.0,0.5317,0.6472,0.0374,0.0065,0.6492
0.01,cart,weighted,intercept,0.6016,0.0155,0.0041,0.0681,0.0084,0.837,0.0083,0.0101,-0.0168,2.5484,1.0047,0.0,1.0,0.5031,0.6784,0.0389,0.0102,1.0207
0.01,cart,weighted,isotonic,0.6077,0.015,0.0065,0.9421,0.001,0.0969,0.0008,0.0099,0.0019,0.3314,1.0072,0.0,1.0,0.4803,0.7009,0.0397,0.0064,0.6431
0.01,cart,weighted,none,0.6016,0.0155,-4.5861,0.0424,0.2731,27.1328,0.2671,0.1767,-16.7283,237.7639,0.0364,0.4991,0.682,0.6821,0.4256,0.0218,0.2734,27.3083
0.01,cart,weighted,platt,0.6016,0.0155,0.006,0.9448,0.0024,0.2407,0.002,0.01,0.0008,0.2801,1.0067,0.0,1.0,0.6821,0.4256,0.0218,0.0068,0.6841
0.01,cart,weighted,prior,0.6016,0.0155,0.0062,0.0681,0.0084,0.8366,0.0083,0.0101,-0.0167,2.634,1.0065,0.0,1.0,0.4991,0.682,0.0389,0.0102,1.0195
0.01,lr,adasyn,beta,0.7452,0.0386,0.0055,1.0294,0.0007,0.074,0.0005,0.0098,0.0131,0.2048,1.0062,0.0,1.0,0.6882,0.6717,0.0764,0.0011,0.1118
0.01,lr,adasyn,intercept,0.7452,0.0386,0.0044,0.8449,0.0015,0.1509,0.0014,0.0098,0.0122,0.6383,1.0051,0.0001,1.0,0.6494,0.7087,0.0785,0.0017,0.1716
0.01,lr,adasyn,isotonic,0.7439,0.0344,0.0038,0.9605,0.0009,0.0923,0.0008,0.0099,0.0114,0.3737,1.0046,0.0008,1.0,0.6903,0.671,0.0768,0.0016,0.1627
0.01,lr,adasyn,none,0.7452,0.0386,-4.6644,0.8449,0.3858,38.3296,0.3863,0.2026,-19.3294,27.1353,0.0254,0.6753,0.6849,1.0,0.0002,0.0012,0.3863,38.5901
0.01,lr,adasyn,platt,0.7452,0.0386,0.0021,1.0385,0.0008,0.0761,0.0005,0.0098,0.0133,0.0354,1.0028,0.0,1.0,0.6869,0.6728,0.0764,0.0011,0.1072
0.01,lr,adasyn,prior,0.7452,0.0386,-0.0723,0.8449,0.0017,0.1739,0.0016,0.0099,0.0115,-2.7284,0.9331,0.0001,1.0,0.6757,0.6849,0.0773,0.0019,0.1896
0.01,lr,none,beta,0.7461,0.0387,0.0074,1.0465,0.0009,0.0888,0.0006,0.0098,0.0133,0.251,1.008,0.0,1.0,0.6899,0.6731,0.0771,0.0009,0.0938
0.01,lr,none,intercept,0.7461,0.0387,0.005,0.9859,0.0008,0.0769,0.0006,0.0098,0.0134,0.2501,1.0057,0.0,1.0,0.6786,0.6832,0.0775,0.0009,0.0913
0.01,lr,none,isotonic,0.7436,0.0342,0.0049,0.9547,0.0009,0.0858,0.0009,0.0099,0.0113,0.4316,1.0057,0.0007,0.9999,0.6946,0.6639,0.0762,0.0016,0.1578
0.01,lr,none,none,0.7461,0.0387,0.0051,0.9859,0.0007,0.0711,0.0006,0.0098,0.0135,0.2509,1.0057,0.0,1.0,0.6795,0.6833,0.0776,0.0009,0.0922
0.01,lr,none,platt,0.7461,0.0387,0.0048,1.0322,0.0008,0.0832,0.0006,0.0098,0.0134,0.1653,1.0054,0.0,1.0,0.6875,0.6756,0.0773,0.0009,0.0906
0.01,lr,ros,beta,0.7456,0.0387,0.0092,1.0282,0.0007,0.0734,0.0006,0.0098,0.0131,0.3775,1.0098,0.0,1.0,0.6869,0.675,0.077,0.001,0.1047
0.01,lr,ros,intercept,0.7456,0.0387,0.0047,0.9518,0.0009,0.0868,0.0007,0.0098,0.0133,0.3067,1.0054,0.0001,1.0,0.6709,0.6883,0.0773,0.0011,0.1062
0.01,lr,ros,isotonic,0.7439,0.0346,0.0043,0.9608,0.001,0.1021,0.0008,0.0098,0.0118,0.3543,1.005,0.0008,1.0,0.6999,0.6612,0.0764,0.0016,0.1594
0.01,lr,ros,none,0.7456,0.0387,-4.603,0.9518,0.3945,39.1965,0.395,0.2028,-19.3556,6.3658,0.0249,0.6795,0.6832,1.0,0.0,0.0004,0.3951,39.463
0.01,lr,ros,platt,0.7456,0.0387,0.0018,1.0393,0.0008,0.0766,0.0005,0.0098,0.0133,0.023,1.0026,0.0,1.0,0.6883,0.6728,0.0767,0.001,0.1001
0.01,lr,ros,prior,0.7456,0.0387,-0.0107,0.9518,0.0009,0.0862,0.0007,0.0098,0.0133,-0.3765,0.9904,0.0001,1.0,0.6795,0.6832,0.0776,0.0011,0.1088
0.01,lr,rus,beta,0.7429,0.0379,0.0052,1.0302,0.0007,0.0702,0.0006,0.0098,0.0126,0.1908,1.0058,0.0,1.0,0.6874,0.6692,0.0755,0.0015,0.1523
0.01,lr,rus,intercept,0.7429,0.0379,0.0047,0.9305,0.0012,0.1222,0.001,0.0098,0.0123,0.4058,1.0054,0.0,1.0,0.6646,0.6911,0.0767,0.0017,0.1718
0.01,lr,rus,isotonic,0.7413,0.0336,0.0049,0.9577,0.0008,0.0813,0.001,0.0099,0.0114,0.3714,1.0056,0.0001,1.0,0.6881,0.6673,0.0752,0.0019,0.1926
0.01,lr,rus,none,0.7429,0.0379,-4.6272,0.9305,0.3956,39.3015,0.3963,0.205,-19.5826,13.7177,0.0248,0.678,0.679,1.0,0.0,0.0007,0.3964,39.5956
0.01,lr,rus,platt,0.7429,0.0379,0.0017,1.0342,0.0007,0.0715,0.0006,0.0098,0.0129,0.0269,1.0024,0.0,1.0,0.6867,0.6713,0.076,0.0015,0.1476
0.01,lr,rus,prior,0.7429,0.0379,-0.0349,0.9305,0.0012,0.1237,0.0012,0.0098,0.0119,-1.3123,0.9695,0.0,1.0,0.678,0.679,0.0761,0.0018,0.1817
0.01,lr,smote,beta,0.7451,0.0386,0.0061,1.027,0.0008,0.0755,0.0005,0.0098,0.0131,0.2313,1.0068,0.0,1.0,0.6882,0.6721,0.0765,0.0011,0.1119
0.01,lr,smote,intercept,0.7451,0.0386,0.0045,0.836,0.0015,0.1487,0.0015,0.0098,0.0121,0.6791,1.0052,0.0001,1.0,0.6463,0.7104,0.0783,0.0018,0.1783
0.01,lr,smote,isotonic,0.7434,0.0342,0.0038,0.9599,0.0009,0.0868,0.0008,0.0099,0.0115,0.3703,1.0046,0.0008,1.0,0.6891,0.6708,0.0764,0.0016,0.1631
0.01,lr,smote,none,0.7451,0.0386,-4.6639,0.836,0.3839,38.1416,0.3842,0.2015,-19.2242,26.8282,0.0255,0.6726,0.6872,1.0,0.0002,0.0013,0.3843,38.3869
0.01,lr,smote,platt,0.7451,0.0386,0.0022,1.0387,0.0007,0.0712,0.0005,0.0098,0.0133,0.0418,1.003,0.0,1.0,0.6864,0.6727,0.0763,0.0011,0.1077
0.01,lr,smote,prior,0.7451,0.0386,-0.0716,0.836,0.0017,0.1665,0.0017,0.0099,0.0114,-2.6574,0.9338,0.0001,1.0,0.6726,0.6872,0.0772,0.002,0.1961
0.01,lr,weighted,beta,0.7455,0.0387,0.0069,1.0302,0.001,0.0998,0.0006,0.0098,0.0131,0.2702,1.0076,0.0,1.0,0.6881,0.6736,0.0769,0.0011,0.1063
0.01,lr,weighted,intercept,0.7455,0.0387,0.0047,0.9523,0.0009,0.0914,0.0007,0.0098,0.0133,0.3073,1.0054,0.0001,1.0,0.6715,0.6882,0.0774,0.0011,0.1082
0.01,lr,weighted,isotonic,0.7435,0.0343,0.0047,0.9604,0.0009,0.0862,0.0008,0.0099,0.0115,0.403,1.0055,0.0009,1.0,0.7036,0.6553,0.0757,0.0016,0.1605
0.01,lr,weighted,none,0.7455,0.0387,-4.6025,0.9523,0.3947,39.213,0.395,0.2028,-19.3522,6.1674,0.0249,0.6788,0.6833,1.0,0.0,0.0005,0.3951,39.4643
0.01,lr,weighted,platt,0.7455,0.0387,0.0018,1.0396,0.0009,0.0907,0.0005,0.0098,0.0133,0.0228,1.0026,0.0,1.0,0.6886,0.6727,0.0768,0.001,0.1017
0.01,lr,weighted,prior,0.7455,0.0387,-0.0102,0.9523,0.0008,0.0771,0.0007,0.0098,0.0133,-0.3541,0.9909,0.0001,1.0,0.6788,0.6833,0.0775,0.0011,0.1109
0.01,mlp,adasyn,beta,0.6025,0.0149,0.007,0.9231,0.0007,0.0715,0.0008,0.01,0.0014,0.3438,1.0077,0.0,1.0,0.4886,0.6649,0.0325,0.0066,0.6561
0.01,mlp,adasyn,intercept,0.5833,0.0141,0.0596,0.0823,0.0166,1.648,0.0163,0.0152,-0.5233,118.6505,1.03,0.0197,0.9929,0.0955,0.953,0.0228,0.0178,1.774
0.01,mlp,adasyn,isotonic,0.6142,0.0146,0.0066,0.8417,0.0008,0.0765,0.0009,0.01,0.0014,0.362,1.0074,0.0,1.0,0.5993,0.5665,0.0335,0.0064,0.6442
0.01,mlp,adasyn,none,0.6025,0.0149,-4.6718,0.065,0.059,5.8626,0.0594,0.0471,-3.7276,179.1139,0.1821,0.0992,0.9503,0.2747,0.8355,0.0297,0.0602,6.0116
0.01,mlp,adasyn,platt,0.6025,0.0149,0.0079,0.9422,0.0008,0.081,0.0009,0.01,0.0014,0.3797,1.0086,0.0,1.0,0.4806,0.6703,0.0321,0.0066,0.6565
0.01,mlp,adasyn,prior,0.5842,0.0141,-0.0799,0.0816,0.017,1.6928,0.017,0.0156,-0.5618,117.3917,0.9733,0.0207,0.9924,0.0992,0.9503,0.0227,0.0183,1.8315
0.01,mlp,none,beta,0.6423,0.0169,0.0046,1.0694,0.0006,0.0561,0.0007,0.0099,0.0026,0.2085,1.0053,0.0,1.0,0.6521,0.5626,0.0432,0.0059,0.5914
0.01,mlp,none,intercept,0.6423,0.0169,0.0032,0.4475,0.0045,0.4429,0.0044,0.01,-0.0024,0.8813,1.0038,0.0,1.0,0.529,0.6637,0.0406,0.0071,0.7042
0.01,mlp,none,isotonic,0.6406,0.0161,0.0046,0.908,0.0008,0.0835,0.0008,0.0099,0.0025,0.2408,1.0054,0.0,1.0,0.7114,0.5029,0.0428,0.006,0.5974
0.01,mlp,none,none,0.6423,0.0169,-0.1428,0.4475,0.005,0.4954,0.005,0.01,-0.0052,-5.5332,0.8715,0.0,1.0,0.588,0.6166,0.0419,0.0078,0.7761
0.01,mlp,none,platt,0.6423,0.0169,0.0042,1.0732,0.0006,0.0575,0.0007,0.0099,0.0026,0.1893,1.0049,0.0,1.0,0.6502,0.5636,0.043,0.0059,0.5917
0.01,mlp,ros,beta,0.5894,0.0146,0.0067,1.0192,0.0026,0.2587,0.0008,0.01,0.0013,0.3175,1.0074,0.0,1.0,0.3873,0.7534,0.0331,0.0067,0.6682
0.01,mlp,ros,intercept,0.5723,0.0139,0.0704,0.0823,0.0123,1.223,0.0161,0.016,-0.61,162.3811,1.0261,0.0225,0.992,0.08,0.964,0.0235,0.0182,1.8133
0.01,mlp,ros,isotonic,0.6199,0.015,0.0058,0.8891,0.0008,0.0761,0.0008,0.01,0.0016,0.3153,1.0066,0.0,1.0,0.5927,0.5766,0.0344,0.0064,0.6412
0.01,mlp,ros,none,0.5894,0.0146,-3.2366,0.0697,0.0328,3.2491,0.0347,0.0292,-1.9267,176.8187,0.3685,0.0586,0.9747,0.1659,0.9138,0.0285,0.0353,3.5294
0.01,mlp,ros,platt,0.5894,0.0146,0.0047,1.0141,0.0026,0.2652,0.0009,0.01,0.0013,0.2348,1.0055,0.0,1.0,0.383,0.7557,0.0327,0.0067,0.67
0.01,mlp,ros,prior,0.566,0.0136,1.3547,0.0886,0.0075,0.7435,0.0127,0.0138,-0.3885,176.5679,1.5807,0.0156,0.9949,0.0586,0.9747,0.0213,0.0152,1.516
0.01,mlp,rus,beta,0.7241,0.0325,0.006,1.0464,0.0008,0.0769,0.0008,0.0099,0.0098,0.2359,1.0069,0.0,1.0,0.6748,0.6503,0.0684,0.0032,0.3167
0.01,mlp,rus,intercept,0.7241,0.0325,0.0057,1.115,0.0015,0.1489,0.0014,0.0099,0.0093,0.315,1.0064,0.0,1.0,0.6798,0.6425,0.068,0.0034,0.3374
0.01,mlp,rus,isotonic,0.7215,0.0287,0.0052,0.9476,0.0009,0.087,0.0008,0.0099,0.009,0.3576,1.0059,0.0001,1.0,0.6372,0.6855,0.0699,0.0034,0.337
0.01,mlp,rus,none,0.7241,0.0325,-4.5833,1.115,0.4118,40.9241,0.4124,0.2102,-20.1087,-11.6301,0.0239,0.6582,0.6689,1.0,0.0,0.0005,0.4124,41.1943
0.01,mlp,rus,platt,0.7241,0.0325,0.0039,1.0473,0.0009,0.0871,0.0008,0.0099,0.0099,0.1163,1.0045,0.0,1.0,0.678,0.6469,0.0681,0.0031,0.3127
0.01,mlp,rus,prior,0.7241,0.0325,0.009,1.115,0.0016,0.1646,0.0016,0.0099,0.0083,0.52,1.0195,0.0,1.0,0.6582,0.6689,0.0693,0.0035,0.3467
0.01,mlp,smote,beta,0.6087,0.0153,0.0082,0.9977,0.0009,0.0854,0.0007,0.01,0.0016,0.3826,1.0089,0.0,1.0,0.5131,0.6513,0.0345,0.0065,0.65
0.01,mlp,smote,intercept,0.5945,0.0146,0.0696,0.089,0.016,1.5889,0.016,0.0148,-0.4813,105.3273,1.0335,0.0187,0.9934,0.1077,0.9474,0.0246,0.0175,1.7431
0.01,mlp,smote,isotonic,0.6163,0.0148,0.0076,0.8289,0.001,0.0942,0.001,0.01,0.0014,0.4074,1.0083,0.0,1.0,0.5833,0.5859,0.0345,0.0064,0.641
0.01,mlp,smote,none,0.6087,0.0153,-4.3408,0.0707,0.0594,5.9002,0.0595,0.046,-3.6175,156.7286,0.1817,0.1019,0.951,0.3004,0.822,0.032,0.0602,6.0168
0.01,mlp,smote,platt,0.6087,0.0153,0.0074,0.9946,0.0008,0.084,0.0007,0.01,0.0016,0.3459,1.0081,0.0,1.0,0.5134,0.6507,0.0345,0.0065,0.6502
0.01,mlp,smote,prior,0.5944,0.0146,0.2513,0.0898,0.0153,1.5216,0.0153,0.0143,-0.4405,107.9941,1.1443,0.0176,0.994,0.1019,0.951,0.0242,0.0168,1.677
0.01,nb,adasyn,beta,0.7123,0.0278,0.0058,1.0385,0.0009,0.0942,0.0007,0.0099,0.0077,0.2419,1.0066,0.0,1.0,0.6647,0.6458,0.0647,0.0039,0.3872
0.01,nb,adasyn,intercept,0.7123,0.0278,0.0041,0.6553,0.0024,0.2414,0.0026,0.0099,0.0062,0.6775,1.0048,0.0,1.0,0.63,0.6818,0.0667,0.0046,0.4611
0.01,nb,adasyn,isotonic,0.7102,0.0251,0.0038,0.9473,0.0011,0.11,0.001,0.0099,0.0071,0.2682,1.0045,0.0003,1.0,0.6371,0.6724,0.0661,0.004,0.4035
0.01,nb,adasyn,none,0.7123,0.0278,-4.5789,0.6553,0.3617,35.9334,0.3622,0.1939,-18.4638,41.7937,0.027,0.6266,0.6845,0.9988,0.011,0.0094,0.3623,36.1866
0.01,nb,adasyn,platt,0.7123,0.0278,0.0084,1.0517,0.0009,0.0902,0.0009,0.0099,0.0075,0.3233,1.0091,0.0,1.0,0.6958,0.6139,0.0635,0.0039,0.3935
0.01,nb,adasyn,prior,0.7123,0.0278,0.0132,0.6553,0.0024,0.2379,0.0026,0.0099,0.0064,1.0707,1.0135,0.0,1.0,0.6264,0.6845,0.0666,0.0046,0.4578
0.01,nb,none,beta,0.7437,0.0376,0.0055,1.0412,0.0006,0.062,0.0006,0.0098,0.0128,0.1832,1.0061,0.0,1.0,0.688,0.6704,0.076,0.0014,0.1408
0.01,nb,none,intercept,0.7437,0.0376,0.005,0.9672,0.0008,0.0748,0.0006,0.0098,0.0128,0.2963,1.0057,0.0,1.0,0.6757,0.6835,0.0769,0.0014,0.1399
0.01,nb,none,isotonic,0.7417,0.0339,0.0042,0.936,0.0008,0.0794,0.0008,0.0099,0.0096,0.4924,1.005,0.0002,1.0,0.6789,0.6783,0.0767,0.0019,0.1864
0.01,nb,none,none,0.7437,0.0376,0.009,0.9672,0.0008,0.0802,0.0006,0.0098,0.0129,0.4642,1.0094,0.0,1.0,0.6751,0.6851,0.0772,0.0014,0.1398
0.01,nb,none,platt,0.7437,0.0376,0.0029,1.0252,0.0006,0.0592,0.0005,0.0098,0.0128,0.1011,1.0035,0.0,1.0,0.6863,0.6729,0.0763,0.0014,0.1396
0.01,nb,ros,beta,0.7438,0.0376,0.0048,1.0372,0.0006,0.0606,0.0006,0.0098,0.0126,0.1851,1.0055,0.0,1.0,0.6875,0.6715,0.0762,0.0014,0.1446
0.01,nb,ros,intercept,0.7438,0.0376,0.0048,0.9676,0.0006,0.0632,0.0007,0.0098,0.0128,0.2874,1.0055,0.0,1.0,0.6751,0.6833,0.0767,0.0014,0.139
0.01,nb,ros,isotonic,0.7415,0.0335,0.004,0.9331,0.0009,0.091,0.0008,0.0099,0.0095,0.4928,1.0047,0.0003,1.0,0.6747,0.6826,0.0771,0.0019,0.187
0.01,nb,ros,none,0.7438,0.0376,-4.5834,0.9676,0.3953,39.2723,0.3957,0.2019,-19.2582,-0.8046,0.0248,0.6753,0.6851,1.0,0.0,0.0005,0.3958,39.5352
0.01,nb,ros,platt,0.7438,0.0376,0.0017,1.0419,0.0006,0.0596,0.0006,0.0098,0.0128,0.0264,1.0024,0.0,1.0,0.6894,0.6698,0.0761,0.0014,0.1411
0.01,nb,ros,prior,0.7438,0.0376,0.0089,0.9676,0.0006,0.061,0.0006,0.0098,0.0129,0.4605,1.0094,0.0,1.0,0.6753,0.6851,0.0772,0.0014,0.1388
0.01,nb,rus,beta,0.7394,0.0359,0.0074,1.0286,0.0007,0.0718,0.0006,0.0098,0.0118,0.3171,1.0082,0.0,1.0,0.6802,0.6702,0.0743,0.002,0.2004
0.01,nb,rus,intercept,0.7394,0.0359,0.0054,0.9339,0.0008,0.0833,0.001,0.0099,0.0112,0.4584,1.0061,0.0,1.0,0.6614,0.689,0.0754,0.0021,0.2131
0.01,nb,rus,isotonic,0.7372,0.0322,0.005,0.9525,0.0012,0.116,0.0009,0.0099,0.0107,0.3732,1.0057,0.0003,1.0,0.6882,0.6622,0.0743,0.0024,0.2379
0.01,nb,rus,none,0.7394,0.0359,-4.6153,0.9339,0.3987,39.615,0.3992,0.2053,-19.6061,7.6798,0.0246,0.6722,0.6794,1.0,0.0,0.0005,0.3992,39.8808
0.01,nb,rus,platt,0.7394,0.0359,0.0024,1.0319,0.0008,0.0798,0.0006,0.0098,0.0119,0.0874,1.0031,0.0,1.0,0.6789,0.67,0.074,0.002,0.198
0.01,nb,rus,prior,0.7394,0.0359,-0.023,0.9339,0.0009,0.0884,0.001,0.0099,0.0109,-0.7751,0.98,0.0,1.0,0.6722,0.6794,0.075,0.0022,0.2178
0.01,nb,smote,beta,0.7133,0.0281,0.0069,1.039,0.0009,0.0869,0.0007,0.0099,0.0078,0.289,1.0076,0.0,1.0,0.6658,0.6471,0.0653,0.0038,0.3822
0.01,nb,smote,intercept,0.7133,0.0281,0.0041,0.6522,0.0028,0.2734,0.0026,0.0099,0.0062,0.7052,1.0048,0.0,1.0,0.6284,0.6843,0.067,0.0046,0.4602
0.01,nb,smote,isotonic,0.7112,0.0251,0.0037,0.9507,0.0011,0.1112,0.0009,0.0099,0.0072,0.266,1.0044,0.0003,1.0,0.6455,0.6639,0.0659,0.004,0.3975
0.01,nb,smote,none,0.7133,0.0281,-4.5788,0.6522,0.3598,35.7539,0.3602,0.193,-18.3672,41.8235,0.0272,0.6255,0.6869,0.9986,0.0116,0.0096,0.3603,35.9881
0.01,nb,smote,platt,0.7133,0.0281,0.0086,1.0524,0.0008,0.0787,0.0009,0.0099,0.0076,0.3272,1.0093,0.0,1.0,0.6971,0.615,0.064,0.0039,0.3888
0.01,nb,smote,prior,0.7133,0.0281,0.0135,0.6522,0.0027,0.2692,0.0026,0.0099,0.0064,1.1116,1.0139,0.0,1.0,0.6255,0.6869,0.067,0.0046,0.4569
0.01,rf,adasyn,beta,0.6795,0.0202,0.0053,0.9861,0.0009,0.0897,0.0007,0.0099,0.0044,0.2543,1.006,0.0,1.0,0.661,0.604,0.0541,0.0052,0.5241
0.01,rf,adasyn,intercept,0.6795,0.0202,0.0033,0.5293,0.004,0.394,0.0042,0.01,-0.0053,1.4933,1.0039,0.0,1.0,0.543,0.711,0.0558,0.0067,0.6643
0.01,rf,adasyn,isotonic,0.6764,0.019,0.0051,0.8852,0.001,0.0996,0.0009,0.0099,0.0041,0.2913,1.0058,0.0,1.0,0.6361,0.6279,0.0545,0.0054,0.5368
0.01,rf,adasyn,none,0.6795,0.0202,-2.7362,0.5293,0.1047,10.4063,0.1048,0.0333,-2.3402,-124.4737,0.0877,0.0487,0.985,0.9892,0.0503,0.018,0.1049,10.48
0.01,rf,adasyn,platt,0.6795,0.0202,0.0037,0.987,0.0009,0.0912,0.0008,0.0099,0.0042,0.2086,1.0045,0.0,1.0,0.6432,0.6217,0.0545,0.0053,0.5266
0.01,rf,adasyn,prior,0.6795,0.0202,1.8559,0.5294,0.0085,0.8403,0.0084,0.01,-0.005,94.7808,6.2247,0.0,1.0,0.0488,0.985,0.0273,0.0084,0.8433
0.01,rf,none,beta,0.6783,0.0261,0.004,0.9605,0.0015,0.1501,0.0014,0.0099,0.0056,0.1224,1.0047,0.0,1.0,0.663,0.5876,0.051,0.0054,0.5408
0.01,rf,none,intercept,0.6783,0.0261,0.0023,0.5126,0.0032,0.3149,0.0031,0.0099,0.0041,0.7102,1.003,0.0,1.0,0.5746,0.6867,0.0562,0.006,0.5967
0.01,rf,none,isotonic,0.6764,0.0237,0.0034,0.9199,0.0011,0.108,0.0011,0.0099,0.0059,0.2533,1.0041,0.0001,1.0,0.5684,0.6887,0.0559,0.0053,0.5339
0.01,rf,none,none,0.6783,0.0261,-0.0813,0.5118,0.0036,0.3557,0.0035,0.0099,0.003,-2.9691,0.9245,0.0,1.0,0.6005,0.6592,0.0546,0.0062,0.623
0.01,rf,none,platt,0.6783,0.0261,0.0039,0.9596,0.0015,0.1482,0.0013,0.0099,0.0057,0.1167,1.0046,0.0,1.0,0.6605,0.5902,0.0511,0.0054,0.5396
0.01,rf,ros,beta,0.6782,0.0225,0.0054,0.9996,0.0017,0.1743,0.0016,0.0099,0.0033,0.3694,1.0062,0.0,1.0,0.6379,0.6236,0.0539,0.0055,0.5523
0.01,rf,ros,intercept,0.6782,0.0225,0.0044,0.2942,0.0039,0.3876,0.0039,0.01,-0.0002,1.1692,1.005,0.0,1.0,0.5787,0.6857,0.0567,0.0065,0.6446
0.01,rf,ros,isotonic,0.6762,0.0206,0.0046,0.9091,0.0008,0.0792,0.001,0.0099,0.0044,0.3099,1.0053,0.0,1.0,0.6236,0.6361,0.0545,0.0053,0.5291
0.01,rf,ros,none,0.6782,0.0225,-1.0051,0.266,0.0174,1.731,0.0172,0.0109,-0.0962,-44.0074,0.3843,0.0,1.0,0.8119,0.4104,0.0452,0.0182,1.8206
0.01,rf,ros,platt,0.6782,0.0225,0.0049,0.971,0.0025,0.2462,0.0025,0.0099,0.0036,0.1662,1.0057,0.0,1.0,0.7636,0.4745,0.0481,0.0058,0.5825
0.01,rf,ros,prior,0.6782,0.0225,3.5867,0.4141,0.0096,0.9486,0.0098,0.0101,-0.009,258.4463,35.1006,0.0,1.0,0.0,1.0,-0.0004,0.0097,0.9713
0.01,rf,rus,beta,0.7153,0.0281,0.0074,1.0259,0.0009,0.0887,0.0008,0.0099,0.0079,0.2968,1.0082,0.0,1.0,0.6933,0.6182,0.0642,0.004,0.3957
0.01,rf,rus,intercept,0.7153,0.0281,0.0047,1.1298,0.0009,0.0914,0.0009,0.0099,0.008,0.1393,1.0055,0.0,1.0,0.6756,0.6358,0.0646,0.0039,0.3914
0.01,rf,rus,isotonic,0.7138,0.0258,0.0039,0.9399,0.0009,0.0887,0.0009,0.0099,0.0076,0.2378,1.0047,0.0,1.0,0.6837,0.6245,0.0641,0.0041,0.4051
0.01,rf,rus,none,0.7153,0.0281,-4.5498,1.1298,0.4254,42.2649,0.4257,0.2141,-20.4924,-19.3601,0.0231,0.6557,0.6558,1.0,0.0,,0.4258,42.529
0.01,rf,rus,platt,0.7153,0.0281,-0.0018,1.0313,0.0007,0.0708,0.0005,0.0099,0.0082,-0.0879,0.999,0.0,1.0,0.6684,0.6435,0.065,0.0039,0.3881
0.01,rf,rus,prior,0.7153,0.0281,0.0425,1.1298,0.001,0.0995,0.001,0.0099,0.008,1.823,1.0437,0.0,1.0,0.6557,0.6558,0.0653,0.0039,0.3853
0.01,rf,smote,beta,0.6791,0.0202,0.0067,0.9937,0.0005,0.0473,0.0007,0.0099,0.0043,0.313,1.0074,0.0,1.0,0.6591,0.6044,0.0538,0.0052,0.5225
0.01,rf,smote,intercept,0.6791,0.0202,0.0031,0.5283,0.004,0.3994,0.0041,0.01,-0.0054,1.4855,1.0037,0.0,1.0,0.5451,0.7102,0.056,0.0066,0.6612
0.01,rf,smote,isotonic,0.6771,0.0192,0.0044,0.892,0.001,0.1002,0.001,0.0099,0.0038,0.2836,1.0051,0.0,1.0,0.6186,0.6447,0.055,0.0053,0.534
0.01,rf,smote,none,0.6791,0.0202,-2.7303,0.5279,0.1046,10.3934,0.1044,0.033,-2.3168,-124.5154,0.088,0.0469,0.9854,0.9881,0.0507,0.0177,0.1045,10.4374
0.01,rf,smote,platt,0.6791,0.0202,0.0036,0.9919,0.0006,0.0597,0.0007,0.0099,0.0042,0.1985,1.0044,0.0,1.0,0.643,0.6199,0.054,0.0053,0.5251
0.01,rf,smote,prior,0.6791,0.0202,1.862,0.5286,0.008,0.7938,0.0085,0.01,-0.0051,95.1796,6.2615,0.0,1.0,0.0469,0.9854,0.0265,0.0085,0.8441
0.01,rf,weighted,beta,0.6903,0.0239,0.0047,0.8311,0.0011,0.1089,0.0015,0.0099,0.0056,0.1685,1.0054,0.0,1.0,0.6948,0.5818,0.056,0.005,0.499
0.01,rf,weighted,intercept,0.6903,0.0239,0.0035,0.54,0.0022,0.223,0.0021,0.0099,0.0047,0.5256,1.0042,0.0,1.0,0.6219,0.6639,0.0604,0.0053,0.5285
0.01,rf,weighted,isotonic,0.6879,0.0221,0.0035,0.8612,0.0009,0.0881,0.0011,0.0099,0.0054,0.2629,1.0043,0.0,1.0,0.6128,0.6702,0.0603,0.005,0.4957
0.01,rf,weighted,none,0.6903,0.0239,-1.1382,0.5191,0.0205,2.0363,0.0203,0.0109,-0.0903,-52.1169,0.3353,0.0,1.0,0.8851,0.2932,0.0392,0.0208,2.0803
0.01,rf,weighted,platt,0.6903,0.0239,0.0041,0.8396,0.0011,0.1074,0.0014,0.0099,0.0057,0.1464,1.0049,0.0,1.0,0.6871,0.5899,0.0563,0.005,0.4974
0.01,rf,weighted,prior,0.6903,0.0239,3.4539,0.6088,0.0097,0.9613,0.0097,0.0101,-0.009,241.7905,30.9966,0.0,1.0,0.0,1.0,-0.0002,0.0097,0.9674
0.01,xgb,adasyn,beta,0.6847,0.0235,0.0029,1.0109,0.0007,0.0732,0.0007,0.0099,0.0054,0.1361,1.0038,0.0,1.0,0.63,0.6373,0.0554,0.0048,0.4828
0.01,xgb,adasyn,intercept,0.6847,0.0235,0.0023,0.4518,0.0043,0.4298,0.0046,0.01,0.0004,1.0839,1.003,0.0,1.0,0.5673,0.6968,0.0572,0.0065,0.6454
0.01,xgb,adasyn,isotonic,0.6819,0.0213,0.0035,0.8975,0.0008,0.0783,0.0009,0.0099,0.0051,0.2244,1.0042,0.0,1.0,0.5931,0.6709,0.0561,0.0049,0.4943
0.01,xgb,adasyn,none,0.6847,0.0235,-4.3104,0.4518,0.2917,28.9818,0.292,0.1518,-14.2354,2.2735,0.0333,0.4972,0.759,0.992,0.0449,0.0178,0.292,29.1734
0.01,xgb,adasyn,platt,0.6847,0.0235,0.011,1.0091,0.001,0.0954,0.001,0.0099,0.0052,0.4678,1.0116,0.0,1.0,0.6786,0.5884,0.0541,0.0049,0.4885
0.01,xgb,adasyn,prior,0.6847,0.0235,0.2817,0.4518,0.0038,0.3797,0.004,0.0099,0.0035,13.3286,1.3172,0.0,1.0,0.4968,0.7589,0.0594,0.0057,0.5677
0.01,xgb,none,beta,0.7092,0.0284,0.0053,1.0032,0.0008,0.0788,0.0006,0.0099,0.0079,0.2498,1.006,0.0,1.0,0.6542,0.65,0.0636,0.0041,0.4071
0.01,xgb,none,intercept,0.7092,0.0284,0.0052,0.6954,0.0027,0.2664,0.0026,0.0099,0.003,1.1997,1.0058,0.0003,1.0,0.5916,0.711,0.0665,0.0048,0.4791
0.01,xgb,none,isotonic,0.7071,0.0253,0.0037,0.9176,0.0011,0.1132,0.0009,0.0099,0.0071,0.2763,1.0044,0.0001,1.0,0.6071,0.694,0.0654,0.0043,0.425
0.01,xgb,none,none,0.7092,0.0284,0.0489,0.6954,0.0027,0.2697,0.0027,0.0099,0.0038,3.0976,1.0492,0.0003,1.0,0.576,0.7244,0.0669,0.0047,0.4709
0.01,xgb,none,platt,0.7092,0.0284,0.0054,1.0044,0.0008,0.0815,0.0006,0.0099,0.0078,0.2643,1.0061,0.0,1.0,0.6528,0.6515,0.0637,0.0041,0.4074
0.01,xgb,ros,beta,0.6969,0.0262,0.0078,1.0008,0.0006,0.0553,0.0007,0.0099,0.0068,0.3706,1.0084,0.0,1.0,0.6303,0.6563,0.0602,0.0044,0.4351
0.01,xgb,ros,intercept,0.6969,0.0262,0.0042,0.61,0.003,0.2938,0.0031,0.0099,0.0041,0.8657,1.0049,0.0,1.0,0.5956,0.6879,0.061,0.0052,0.5156
0.01,xgb,ros,isotonic,0.6945,0.0236,0.0045,0.9164,0.001,0.0988,0.0009,0.0099,0.0062,0.3212,1.0052,0.0,1.0,0.5957,0.6832,0.0602,0.0045,0.4499
0.01,xgb,ros,none,0.6969,0.0262,-4.0015,0.61,0.2644,26.2692,0.2645,0.1181,-10.8539,-95.2732,0.0367,0.397,0.8397,0.9982,0.0144,0.0105,0.2645,26.4243
0.01,xgb,ros,platt,0.6969,0.0262,0.0072,1.0104,0.0009,0.085,0.0008,0.0099,0.0067,0.2939,1.0079,0.0,1.0,0.6706,0.614,0.0583,0.0044,0.4408
0.01,xgb,ros,prior,0.6969,0.0262,0.5908,0.61,0.0042,0.421,0.0044,0.0099,0.0048,27.0215,1.7854,0.0,1.0,0.397,0.8397,0.064,0.0051,0.513
0.01,xgb,rus,beta,0.7006,0.0258,0.006,1.012,0.0007,0.0718,0.0007,0.0099,0.0067,0.2763,1.0068,0.0,1.0,0.6492,0.6375,0.0596,0.0045,0.4464
0.01,xgb,rus,intercept,0.7006,0.0258,0.0011,0.5347,0.0048,0.4788,0.0048,0.01,-0.0067,2.1515,1.002,0.0002,1.0,0.533,0.7421,0.0627,0.0064,0.6391
0.01,xgb,rus,isotonic,0.6974,0.0234,0.004,0.9176,0.0008,0.0765,0.001,0.0099,0.0058,0.3127,1.0047,0.0,1.0,0.5844,0.689,0.0602,0.0046,0.4622
0.01,xgb,rus,none,0.7006,0.0258,-4.9799,0.5347,0.3937,39.1083,0.3939,0.2266,-21.7441,122.4154,0.0249,0.6389,0.6482,0.9998,0.0006,0.0015,0.394,39.3577
0.01,xgb,rus,platt,0.7006,0.0258,0.004,1.0231,0.0007,0.065,0.0007,0.0099,0.0068,0.1773,1.0047,0.0,1.0,0.647,0.6384,0.0594,0.0045,0.4452
0.01,xgb,rus,prior,0.7006,0.0258,-0.3876,0.5347,0.0069,0.687,0.007,0.0103,-0.031,-14.3259,0.6949,0.0005,1.0,0.6389,0.6482,0.0599,0.0085,0.8536
0.01,xgb,smote,beta,0.6848,0.0233,0.0037,1.0101,0.0007,0.0647,0.0008,0.0099,0.0054,0.1716,1.0045,0.0,1.0,0.6283,0.6391,0.0555,0.0048,0.4819
0.01,xgb,smote,intercept,0.6848,0.0233,0.0025,0.4489,0.0046,0.4531,0.0047,0.01,0.0,1.14,1.0032,0.0,1.0,0.5616,0.6998,0.0568,0.0065,0.6499
0.01,xgb,smote,isotonic,0.6832,0.0214,0.0041,0.9046,0.001,0.0996,0.0009,0.0099,0.0051,0.26,1.0049,0.0,1.0,0.5934,0.6717,0.0564,0.0049,0.4933
0.01,xgb,smote,none,0.6848,0.0233,-4.3002,0.4489,0.2889,28.6987,0.2889,0.1499,-14.0465,0.4978,0.0337,0.4859,0.763,0.9913,0.0452,0.0175,0.289,28.8643
0.01,xgb,smote,platt,0.6848,0.0233,0.0113,1.0088,0.001,0.0957,0.001,0.0099,0.0052,0.4851,1.012,0.0,1.0,0.6764,0.5905,0.0542,0.0049,0.4873
0.01,xgb,smote,prior,0.6848,0.0233,0.2921,0.4489,0.0038,0.3797,0.004,0.0099,0.0033,13.8226,1.3303,0.0,1.0,0.4859,0.763,0.0582,0.0057,0.5706
0.01,xgb,weighted,beta,0.7021,0.0267,0.0099,1.0031,0.0007,0.0675,0.0006,0.0099,0.0071,0.4509,1.0107,0.0,1.0,0.643,0.6508,0.0615,0.0042,0.4204
0.01,xgb,weighted,intercept,0.7021,0.0267,0.0037,0.5859,0.0035,0.352,0.0035,0.0099,0.0031,1.0376,1.0044,0.0,1.0,0.5848,0.7023,0.0625,0.0054,0.535
0.01,xgb,weighted,isotonic,0.7004,0.0243,0.0045,0.926,0.0007,0.0693,0.0008,0.0099,0.0067,0.2917,1.0052,0.0002,1.0,0.6317,0.6558,0.0608,0.0044,0.4352
0.01,xgb,weighted,none,0.7021,0.0267,-3.9505,0.5859,0.2476,24.5968,0.2479,0.1109,-10.1286,-89.7093,0.0391,0.3888,0.8491,0.9977,0.0191,0.0122,0.2479,24.7649
0.01,xgb,weighted,platt,0.7021,0.0267,0.0065,0.9983,0.0007,0.0743,0.0007,0.0099,0.007,0.2735,1.0072,0.0,1.0,0.6722,0.6226,0.0607,0.0042,0.4239
0.01,xgb,weighted,prior,0.7021,0.0267,0.6418,0.5859,0.0048,0.4733,0.0047,0.0099,0.0048,29.4694,1.875,0.0,1.0,0.3888,0.8491,0.0659,0.0054,0.538
0.02,cart,adasyn,beta,0.645,0.0342,-0.0032,0.9621,0.0017,0.0836,0.0017,0.0195,0.0029,0.1,0.997,0.0001,1.0,0.6104,0.6072,0.0624,0.0122,0.6097
0.02,cart,adasyn,intercept,0.645,0.0342,-0.0036,0.1921,0.0092,0.4587,0.0093,0.0197,-0.0054,2.1764,0.9967,0.0001,1.0,0.5917,0.6259,0.0628,0.0152,0.7598
0.02,cart,adasyn,isotonic,0.6457,0.0335,-0.0027,0.9536,0.001,0.0526,0.0011,0.0194,0.0059,-0.1174,0.9975,0.0,1.0,0.5826,0.6373,0.0642,0.0121,0.6014
0.02,cart,adasyn,none,0.645,0.0342,-3.9162,0.1491,0.3468,17.3835,0.3472,0.2104,-9.7598,152.7618,0.0546,0.5917,0.6253,0.9231,0.1629,0.0327,0.3478,17.3477
0.02,cart,adasyn,platt,0.645,0.0342,-0.0014,1.0232,0.0047,0.2366,0.0051,0.0195,0.0034,-0.1612,0.9987,0.0,1.0,0.772,0.414,0.0529,0.013,0.6504
0.02,cart,adasyn,prior,0.645,0.0342,-0.0105,0.192,0.0092,0.4629,0.0094,0.0197,-0.0056,1.7588,0.9902,0.0001,1.0,0.5914,0.6262,0.0628,0.0153,0.7629
0.02,cart,none,beta,0.6161,0.0332,-0.0023,0.966,0.0051,0.2561,0.0047,0.0195,0.0016,0.0278,0.9978,0.0,1.0,0.3893,0.7797,0.058,0.0136,0.6799
0.02,cart,none,intercept,0.6161,0.0332,-0.0033,0.1415,0.0105,0.5261,0.0101,0.0202,-0.0314,6.4901,0.9971,0.0,1.0,0.4262,0.7511,0.0577,0.0161,0.8052
0.02,cart,none,isotonic,0.6208,0.0319,-0.002,0.9886,0.0013,0.0639,0.0011,0.0195,0.0043,-0.0451,0.9981,0.0,1.0,0.5558,0.6306,0.0551,0.0127,0.633
0.02,cart,none,none,0.6161,0.0332,0.0034,0.1413,0.0105,0.5259,0.0102,0.0202,-0.0311,6.8819,1.0034,0.0,1.0,0.4284,0.7503,0.0578,0.0161,0.8031
0.02,cart,none,platt,0.6161,0.0332,-0.0018,1.2277,0.0059,0.2953,0.0055,0.0195,0.0015,-0.1706,0.9983,0.0,1.0,0.6871,0.4687,0.0448,0.0139,0.6933
0.02,cart,ros,beta,0.6208,0.0338,-0.0011,1.058,0.0028,0.1386,0.0032,0.0196,-0.0013,0.5274,0.999,0.0002,0.9998,0.5841,0.6136,0.0572,0.0129,0.6455
0.02,cart,ros,intercept,0.6208,0.0338,-0.0033,0.0763,0.0132,0.6614,0.0128,0.02,-0.0242,5.3646,0.997,0.0005,0.9998,0.5252,0.6793,0.0611,0.0175,0.8717
0.02,cart,ros,isotonic,0.6273,0.0326,-0.0025,0.9493,0.0016,0.0815,0.0011,0.0194,0.0054,-0.1066,0.9977,0.0,1.0,0.5441,0.6646,0.062,0.0124,0.6177
0.02,cart,ros,none,0.6208,0.0338,-3.89,0.0492,0.3093,15.5009,0.3064,0.1904,-8.7387,158.1667,0.0618,0.5231,0.6815,0.8173,0.2531,0.0226,0.3103,15.4773
0.02,cart,ros,platt,0.6208,0.0338,-0.003,1.0407,0.006,0.3031,0.006,0.0195,0.0015,-0.2067,0.9972,0.0,1.0,0.7951,0.2962,0.028,0.0139,0.6934
0.02,cart,ros,prior,0.6208,0.0338,0.01,0.0764,0.013,0.6526,0.0127,0.02,-0.0235,6.1435,1.0096,0.0005,0.9998,0.5231,0.6815,0.0613,0.0173,0.8652
0.02,cart,rus,beta,0.6369,0.0329,-0.0017,0.9926,0.004,0.199,0.0038,0.0195,0.0036,-0.0967,0.9984,0.0,1.0,0.6342,0.5665,0.0573,0.013,0.649
0.02,cart,rus,intercept,0.6302,0.0322,0.0123,0.1361,0.0243,1.2189,0.0239,0.0258,-0.3192,476.546,1.0034,0.0226,0.9902,0.2198,0.8874,0.0476,0.0273,1.3642
0.02,cart,rus,isotonic,0.638,0.032,0.0003,0.988,0.0011,0.0527,0.0011,0.0195,0.0052,0.0247,1.0004,0.0,1.0,0.6047,0.6048,0.06,0.0124,0.6179
0.02,cart,rus,none,0.6369,0.0329,-8.4295,0.1179,0.4182,20.9596,0.4182,0.2585,-12.2183,215.9689,0.0455,0.5961,0.6098,0.9811,0.0517,0.0207,0.4188,20.8932
0.02,cart,rus,platt,0.6369,0.0329,0.0,1.053,0.0049,0.2462,0.0046,0.0195,0.0028,0.0277,1.0001,0.0,1.0,0.5711,0.6076,0.054,0.0132,0.6593
0.02,cart,rus,prior,0.6369,0.0329,-4.5295,0.1352,0.0358,1.7929,0.0359,0.0389,-0.9864,42.5066,0.4349,0.0449,0.9819,0.5874,0.6171,0.0587,0.0412,2.0537
0.02,cart,smote,beta,0.6458,0.0338,-0.0009,1.0118,0.0024,0.1192,0.0026,0.0195,0.0025,0.1896,0.9992,0.0002,0.9999,0.6922,0.5233,0.0606,0.0125,0.622
0.02,cart,smote,intercept,0.6458,0.0338,-0.0011,0.191,0.0095,0.4779,0.0094,0.0197,-0.0086,2.7963,0.999,0.0002,0.9999,0.6164,0.6041,0.063,0.0154,0.7662
0.02,cart,smote,isotonic,0.6449,0.0329,-0.0023,0.9373,0.0014,0.0698,0.0013,0.0194,0.0058,-0.0905,0.9979,0.0,1.0,0.614,0.6074,0.0637,0.0121,0.6015
0.02,cart,smote,none,0.6458,0.0338,-3.9157,0.1486,0.3448,17.2797,0.3442,0.21,-9.7383,158.9474,0.055,0.6312,0.5892,0.9283,0.1518,0.0311,0.345,17.2119
0.02,cart,smote,platt,0.6458,0.0338,-0.0013,0.9776,0.0044,0.2204,0.0049,0.0195,0.0035,-0.1377,0.9988,0.0,1.0,0.7823,0.4077,0.0542,0.013,0.6497
0.02,cart,smote,prior,0.6458,0.0338,-0.0157,0.1909,0.0097,0.487,0.0095,0.0197,-0.0089,1.9081,0.9855,0.0002,0.9999,0.6311,0.5893,0.0626,0.0155,0.7727
0.02,cart,weighted,beta,0.6244,0.0337,-0.0046,0.9796,0.001,0.0524,0.0018,0.0195,0.005,-0.2448,0.9956,0.0,1.0,0.5816,0.6308,0.0615,0.0125,0.624
0.02,cart,weighted,intercept,0.6243,0.0337,-0.0039,0.0783,0.0125,0.629,0.0123,0.0198,-0.012,3.4784,0.9964,0.0,1.0,0.5493,0.661,0.0619,0.0172,0.8577
0.02,cart,weighted,isotonic,0.629,0.0325,-0.0024,0.9449,0.0013,0.0627,0.001,0.0194,0.0055,-0.0907,0.9977,0.0,1.0,0.5765,0.6326,0.0612,0.0124,0.6168
0.02,cart,weighted,none,0.6243,0.0337,-3.8975,0.0501,0.3145,15.7638,0.3109,0.1956,-9.0029,175.0451,0.0608,0.5601,0.6516,0.8164,0.2598,0.0238,0.316,15.762
0.02,cart,weighted,platt,0.6244,0.0337,-0.0023,0.9642,0.0064,0.323,0.0059,0.0195,0.0016,-0.1569,0.9978,0.0,1.0,0.7994,0.2968,0.0292,0.0139,0.6911
0.02,cart,weighted,prior,0.6243,0.0337,0.0025,0.0784,0.0125,0.6245,0.0122,0.0198,-0.0117,3.8585,1.0025,0.0,1.0,0.5601,0.6516,0.0621,0.0171,0.8546
0.02,lr,adasyn,beta,0.7476,0.0703,-0.0025,0.9842,0.0013,0.0647,0.0009,0.0191,0.0244,-0.1003,0.9977,0.0001,1.0,0.6884,0.6748,0.1079,0.0015,0.076
0.02,lr,adasyn,intercept,0.7476,0.0703,-0.0031,0.8951,0.0019,0.0962,0.0017,0.0191,0.0236,0.4777,0.9972,0.0006,1.0,0.6678,0.6951,0.1096,0.0021,0.1063
0.02,lr,adasyn,isotonic,0.7463,0.0653,-0.0031,0.9421,0.0012,0.0585,0.0014,0.0191,0.0234,0.1229,0.9972,0.0007,1.0,0.6662,0.6966,0.1098,0.0024,0.1204
0.02,lr,adasyn,none,0.7476,0.0703,-3.9505,0.8951,0.3849,19.2926,0.3852,0.205,-9.4829,22.577,0.0493,0.6841,0.6791,0.9999,0.0007,0.0034,0.3851,19.2106
0.02,lr,adasyn,platt,0.7476,0.0703,-0.0055,0.9917,0.0012,0.0605,0.0007,0.0191,0.0244,-0.2758,0.9949,0.0001,1.0,0.6861,0.6773,0.1081,0.0015,0.0726
0.02,lr,adasyn,prior,0.7476,0.0703,-0.0449,0.8951,0.0022,0.1113,0.002,0.0191,0.0232,-2.061,0.9586,0.0006,1.0,0.6823,0.6809,0.1083,0.0023,0.1135
0.02,lr,none,beta,0.748,0.0704,-0.0034,0.9861,0.0009,0.0456,0.0007,0.0191,0.0246,-0.1834,0.9969,0.0,1.0,0.6882,0.677,0.1086,0.0013,0.0654
0.02,lr,none,intercept,0.748,0.0704,-0.003,0.9944,0.0011,0.0576,0.0009,0.0191,0.0245,-0.1096,0.9973,0.0001,1.0,0.6864,0.6788,0.1088,0.0014,0.0679
0.02,lr,none,isotonic,0.7471,0.0658,-0.0025,0.9442,0.0013,0.064,0.0014,0.0191,0.0236,0.1412,0.9978,0.0008,1.0,0.6693,0.6953,0.1102,0.0023,0.1124
0.02,lr,none,none,0.748,0.0704,0.0022,0.9944,0.0012,0.0598,0.0008,0.0191,0.0245,0.2083,1.0023,0.0001,1.0,0.6845,0.6805,0.1088,0.0014,0.0686
0.02,lr,none,platt,0.748,0.0704,-0.0021,0.9893,0.001,0.0481,0.0007,0.0191,0.0245,-0.049,0.9982,0.0001,1.0,0.6858,0.6795,0.1089,0.0013,0.0631
0.02,lr,ros,beta,0.7475,0.0703,-0.0028,0.9838,0.0011,0.0567,0.0009,0.0191,0.0244,-0.1153,0.9974,0.0001,1.0,0.6882,0.675,0.1079,0.0015,0.0773
0.02,lr,ros,intercept,0.7475,0.0703,-0.0031,0.9841,0.001,0.0525,0.0008,0.0191,0.0244,-0.0782,0.9972,0.0002,1.0,0.6839,0.6797,0.1084,0.0015,0.0767
0.02,lr,ros,isotonic,0.7462,0.0645,-0.0039,0.9412,0.0012,0.0596,0.0015,0.0191,0.0234,0.0843,0.9964,0.0007,1.0,0.6706,0.6917,0.1092,0.0025,0.1235
0.02,lr,ros,none,0.7475,0.0703,-3.8994,0.9841,0.3892,19.5049,0.3901,0.2038,-9.4219,3.2158,0.0487,0.6826,0.6807,1.0,0.0002,0.0018,0.39,19.4566
0.02,lr,ros,platt,0.7475,0.0703,-0.0057,0.9921,0.001,0.0526,0.0007,0.0191,0.0244,-0.2865,0.9947,0.0001,1.0,0.6862,0.6771,0.1081,0.0015,0.0742
0.02,lr,ros,prior,0.7475,0.0703,0.0006,0.9841,0.0011,0.0531,0.0008,0.0191,0.0244,0.1432,1.0008,0.0002,1.0,0.6826,0.6807,0.1084,0.0016,0.0777
0.02,lr,rus,beta,0.7461,0.0692,-0.0017,0.9813,0.0011,0.0558,0.0008,0.0191,0.0238,-0.0308,0.9985,0.0001,1.0,0.6868,0.6739,0.1071,0.0023,0.1148
0.02,lr,rus,intercept,0.7461,0.0692,-0.0024,0.9861,0.0014,0.0726,0.001,0.0191,0.0237,-0.0068,0.9978,0.0001,1.0,0.6818,0.6785,0.1074,0.0024,0.1209
0.02,lr,rus,isotonic,0.7447,0.0644,-0.0031,0.9414,0.0014,0.0718,0.0015,0.0191,0.0228,0.1357,0.9972,0.0009,1.0,0.6638,0.6968,0.1092,0.003,0.1514
0.02,lr,rus,none,0.7461,0.0692,-3.9,0.9861,0.3895,19.5199,0.3912,0.2043,-9.4485,2.8583,0.0485,0.6809,0.68,1.0,0.0002,0.0018,0.3911,19.5081
0.02,lr,rus,platt,0.7461,0.0692,-0.0052,0.9913,0.001,0.051,0.0006,0.0191,0.0239,-0.2481,0.9952,0.0001,1.0,0.6846,0.676,0.1072,0.0023,0.1125
0.02,lr,rus,prior,0.7461,0.0692,0.0,0.9861,0.0016,0.0811,0.001,0.0191,0.0236,0.1528,1.0004,0.0002,1.0,0.6809,0.68,0.1076,0.0024,0.1216
0.02,lr,smote,beta,0.7476,0.0703,-0.0032,0.9843,0.0012,0.0597,0.0009,0.0191,0.0244,-0.1495,0.997,0.0001,1.0,0.6886,0.6744,0.1078,0.0015,0.076
0.02,lr,smote,intercept,0.7476,0.0703,-0.0033,0.883,0.0019,0.0966,0.002,0.0191,0.0234,0.5668,0.9971,0.0006,1.0,0.6662,0.6975,0.11,0.0023,0.1133
0.02,lr,smote,isotonic,0.7465,0.0653,-0.003,0.9435,0.0013,0.0651,0.0015,0.0191,0.0235,0.1234,0.9973,0.0008,1.0,0.6696,0.6929,0.1094,0.0024,0.1196
0.02,lr,smote,none,0.7476,0.0703,-3.9428,0.883,0.3809,19.0879,0.3814,0.2026,-9.362,20.0028,0.0497,0.6783,0.6842,0.9999,0.0009,0.0039,0.3813,19.0186
0.02,lr,smote,platt,0.7476,0.0703,-0.006,0.9912,0.0011,0.054,0.0007,0.0191,0.0244,-0.3052,0.9944,0.0001,1.0,0.6858,0.6771,0.108,0.0015,0.0727
0.02,lr,smote,prior,0.7476,0.0703,-0.0428,0.883,0.0022,0.1127,0.0022,0.0191,0.023,-1.8318,0.9606,0.0006,1.0,0.6783,0.6842,0.1084,0.0024,0.1198
0.02,lr,weighted,beta,0.7476,0.0703,-0.0015,0.9829,0.001,0.0487,0.0009,0.0191,0.0244,-0.0264,0.9987,0.0001,1.0,0.6874,0.6761,0.1081,0.0015,0.0767
0.02,lr,weighted,intercept,0.7476,0.0703,-0.003,0.9831,0.0011,0.0528,0.0008,0.0191,0.0244,-0.071,0.9973,0.0002,1.0,0.6831,0.6799,0.1082,0.0015,0.0763
0.02,lr,weighted,isotonic,0.7466,0.0652,-0.0036,0.9425,0.0016,0.0787,0.0015,0.0191,0.0234,0.1008,0.9968,0.0007,1.0,0.6733,0.6894,0.109,0.0024,0.1181
0.02,lr,weighted,none,0.7476,0.0703,-3.8993,0.9831,0.3891,19.4996,0.3899,0.2037,-9.4162,3.2047,0.0487,0.6825,0.6811,1.0,0.0002,0.0019,0.3898,19.4458
0.02,lr,weighted,platt,0.7476,0.0703,-0.0057,0.992,0.0009,0.0445,0.0007,0.0191,0.0244,-0.286,0.9947,0.0001,1.0,0.6865,0.6772,0.1082,0.0015,0.0736
0.02,lr,weighted,prior,0.7476,0.0703,0.0007,0.9831,0.0011,0.0565,0.0008,0.0191,0.0244,0.1578,1.0009,0.0002,1.0,0.6825,0.6811,0.1085,0.0015,0.0773
0.02,mlp,adasyn,beta,0.633,0.0332,-0.0013,1.0253,0.0011,0.0552,0.0009,0.0195,0.0046,-0.0972,0.9988,0.0,1.0,0.6323,0.5565,0.0531,0.0124,0.6192
0.02,mlp,adasyn,intercept,0.6291,0.0329,-0.0299,0.1052,0.0286,1.4335,0.0303,0.0273,-0.3948,105.6808,0.9844,0.034,0.9884,0.1986,0.9012,0.0464,0.0315,1.5693
0.02,mlp,adasyn,isotonic,0.6326,0.0314,-0.0019,0.9194,0.0011,0.0554,0.0012,0.0195,0.0044,-0.0606,0.9982,0.0,1.0,0.6526,0.5366,0.0534,0.0125,0.6215
0.02,mlp,adasyn,none,0.633,0.0332,-4.1878,0.0914,0.1227,6.1509,0.1224,0.0943,-3.8234,199.1426,0.1583,0.2161,0.8907,0.5183,0.6649,0.0542,0.1238,6.1771
0.02,mlp,adasyn,platt,0.633,0.0332,-0.0012,1.0278,0.0011,0.0527,0.0009,0.0195,0.0046,-0.0888,0.9989,0.0,1.0,0.63,0.5593,0.0533,0.0124,0.619
0.02,mlp,adasyn,prior,0.6297,0.0329,-0.2822,0.104,0.031,1.5513,0.0327,0.0287,-0.4674,101.8532,0.8656,0.0388,0.9862,0.2157,0.8909,0.0474,0.0337,1.6805
0.02,mlp,none,beta,0.6828,0.0402,-0.0013,0.98,0.0011,0.0564,0.0008,0.0194,0.009,-0.0591,0.9988,0.0,1.0,0.6797,0.5865,0.0756,0.0101,0.5041
0.02,mlp,none,intercept,0.6828,0.0402,-0.0004,0.6238,0.0052,0.2611,0.0052,0.0195,0.0053,1.1491,0.9998,0.0,1.0,0.6118,0.6506,0.0768,0.0112,0.5595
0.02,mlp,none,isotonic,0.6816,0.0384,-0.0009,0.9094,0.0013,0.0661,0.0016,0.0194,0.0085,0.0909,0.9993,0.0,1.0,0.6694,0.5955,0.0757,0.0103,0.5115
0.02,mlp,none,none,0.6828,0.0402,-0.1055,0.6238,0.0063,0.314,0.0061,0.0195,0.0027,-5.2627,0.9074,0.0,1.0,0.6494,0.6154,0.0762,0.0121,0.6046
0.02,mlp,none,platt,0.6828,0.0402,-0.0012,0.9804,0.0011,0.0566,0.0008,0.0194,0.009,-0.0423,0.999,0.0,1.0,0.6761,0.5898,0.0756,0.0101,0.5039
0.02,mlp,ros,beta,0.634,0.0334,-0.0007,1.0132,0.0012,0.0594,0.0012,0.0195,0.0047,-0.021,0.9994,0.0,1.0,0.5993,0.599,0.0565,0.0124,0.6207
0.02,mlp,ros,intercept,0.627,0.0327,-0.0053,0.1,0.0298,1.4912,0.0311,0.0292,-0.494,154.0514,0.9976,0.0396,0.986,0.1646,0.9235,0.0459,0.0329,1.6397
0.02,mlp,ros,isotonic,0.6346,0.0319,-0.0008,0.8932,0.0014,0.0712,0.0014,0.0195,0.0046,0.0507,0.9994,0.0,1.0,0.5752,0.6174,0.056,0.0124,0.6196
0.02,mlp,ros,none,0.634,0.0334,-3.9423,0.0852,0.0914,4.5806,0.0912,0.0738,-2.7757,206.1467,0.2234,0.1648,0.9227,0.407,0.7628,0.0557,0.0925,4.6156
0.02,mlp,ros,platt,0.634,0.0334,-0.0003,1.0136,0.0012,0.0597,0.0012,0.0195,0.0047,0.0065,0.9998,0.0,1.0,0.5962,0.6019,0.0565,0.0124,0.6206
0.02,mlp,ros,prior,0.6272,0.0328,-0.0424,0.0998,0.0299,1.4975,0.0314,0.0294,-0.5046,153.9858,0.9886,0.0401,0.9857,0.1648,0.9227,0.0455,0.0331,1.6531
0.02,mlp,rus,beta,0.7313,0.062,-0.0003,0.9933,0.0011,0.0543,0.0008,0.0192,0.0197,0.0103,0.9998,0.0001,1.0,0.6724,0.6677,0.1006,0.0054,0.2716
0.02,mlp,rus,intercept,0.7313,0.062,-0.002,1.2756,0.0039,0.1947,0.0034,0.0192,0.0177,-0.1912,0.9981,0.0001,1.0,0.6889,0.6483,0.099,0.0065,0.3227
0.02,mlp,rus,isotonic,0.7297,0.0572,-0.0028,0.9363,0.0013,0.0629,0.0014,0.0192,0.0184,0.1592,0.9974,0.0005,1.0,0.6233,0.7119,0.1034,0.0058,0.29
0.02,mlp,rus,none,0.7313,0.062,-3.8951,1.2756,0.4173,20.9083,0.4179,0.2165,-10.0704,-8.4425,0.0457,0.6784,0.6612,1.0,0.0,0.0007,0.4178,20.8422
0.02,mlp,rus,platt,0.7313,0.062,-0.0016,1.0005,0.0011,0.055,0.0008,0.0192,0.0198,-0.0243,0.9986,0.0001,1.0,0.6638,0.6754,0.1008,0.0054,0.2717
0.02,mlp,rus,prior,0.7313,0.062,0.0049,1.2756,0.0039,0.1942,0.0034,0.0192,0.0173,0.283,1.0062,0.0001,1.0,0.6784,0.6612,0.1001,0.0064,0.3205
0.02,mlp,smote,beta,0.6285,0.0323,0.0004,0.996,0.001,0.049,0.001,0.0195,0.0042,0.0338,1.0005,0.0,1.0,0.6232,0.5594,0.0514,0.0124,0.6208
0.02,mlp,smote,intercept,0.625,0.0319,0.0221,0.1022,0.0287,1.4393,0.0301,0.027,-0.38,104.8641,1.0128,0.0309,0.989,0.1905,0.9015,0.0429,0.031,1.5446
0.02,mlp,smote,isotonic,0.6283,0.0308,0.0003,0.8898,0.0011,0.0546,0.0012,0.0195,0.0041,0.0951,1.0004,0.0,1.0,0.6613,0.522,0.0514,0.0125,0.6211
0.02,mlp,smote,none,0.6285,0.0323,-4.2048,0.0886,0.1259,6.3085,0.1259,0.0965,-3.9358,200.0167,0.1548,0.2129,0.8875,0.5222,0.6555,0.0524,0.127,6.3367
0.02,mlp,smote,platt,0.6285,0.0323,0.0007,0.9984,0.0009,0.0455,0.0009,0.0195,0.0043,0.0526,1.0008,0.0,1.0,0.6234,0.5591,0.0514,0.0124,0.6205
0.02,mlp,smote,prior,0.6255,0.032,-0.3049,0.1008,0.0318,1.5942,0.0331,0.0288,-0.4738,99.5407,0.8538,0.037,0.9861,0.2129,0.8875,0.0442,0.0339,1.6897
0.02,nb,adasyn,beta,0.7175,0.0549,-0.0005,0.9788,0.0008,0.0424,0.0009,0.0192,0.0159,0.0197,0.9996,0.0,1.0,0.6622,0.6527,0.0922,0.0072,0.3605
0.02,nb,adasyn,intercept,0.7175,0.0549,-0.0008,0.7188,0.0038,0.1903,0.004,0.0193,0.0142,0.9018,0.9994,0.0,1.0,0.6433,0.6705,0.0929,0.0082,0.4083
0.02,nb,adasyn,isotonic,0.716,0.0511,-0.0006,0.9336,0.0012,0.062,0.0014,0.0193,0.0152,0.1867,0.9996,0.0003,1.0,0.6711,0.645,0.092,0.0075,0.3718
0.02,nb,adasyn,none,0.7175,0.0549,-3.8863,0.7188,0.3635,18.2199,0.3644,0.1987,-9.1625,39.6405,0.0519,0.6402,0.6749,0.9985,0.0175,0.0171,0.3643,18.1711
0.02,nb,adasyn,platt,0.7175,0.0549,0.001,0.9807,0.0012,0.0615,0.0012,0.0192,0.0157,-0.0002,1.0011,0.0,1.0,0.6915,0.6244,0.091,0.0073,0.3658
0.02,nb,adasyn,prior,0.7175,0.0549,0.0193,0.7188,0.0036,0.1827,0.0039,0.0193,0.0144,2.1283,1.0188,0.0,1.0,0.6385,0.6766,0.0937,0.0081,0.4028
0.02,nb,none,beta,0.7469,0.0698,-0.0036,0.9854,0.001,0.0482,0.0007,0.0191,0.0242,-0.2044,0.9967,0.0,1.0,0.6895,0.6741,0.1079,0.0019,0.0954
0.02,nb,none,intercept,0.7469,0.0698,-0.0032,1.0074,0.001,0.0504,0.0009,0.0191,0.0241,-0.199,0.9971,0.0001,1.0,0.6896,0.6737,0.1078,0.002,0.0986
0.02,nb,none,isotonic,0.7458,0.0649,-0.0029,0.9474,0.0011,0.0526,0.0013,0.0191,0.0233,0.1069,0.9974,0.001,1.0,0.6802,0.6829,0.1086,0.0026,0.13
0.02,nb,none,none,0.7469,0.0698,0.0119,1.0074,0.001,0.0504,0.001,0.0191,0.0242,0.73,1.0117,0.0001,1.0,0.6834,0.6794,0.1081,0.002,0.0995
0.02,nb,none,platt,0.7469,0.0698,-0.0023,0.9879,0.0009,0.0445,0.0007,0.0191,0.0242,-0.07,0.998,0.0001,1.0,0.6868,0.6766,0.1081,0.0019,0.0935
0.02,nb,ros,beta,0.7468,0.0699,-0.0028,0.9829,0.0012,0.0596,0.0009,0.0191,0.0242,-0.1029,0.9975,0.0002,1.0,0.6891,0.6748,0.1081,0.002,0.0978
0.02,nb,ros,intercept,0.7468,0.0699,-0.0033,1.0081,0.0011,0.0563,0.0009,0.0191,0.0242,-0.2086,0.997,0.0001,1.0,0.6897,0.6736,0.1078,0.002,0.0995
0.02,nb,ros,isotonic,0.7457,0.0651,-0.0033,0.9477,0.0014,0.0708,0.0013,0.0191,0.0234,0.085,0.997,0.0012,1.0,0.6705,0.6909,0.1089,0.0026,0.1306
0.02,nb,ros,none,0.7468,0.0699,-3.8881,1.0081,0.3906,19.5775,0.3915,0.2039,-9.4294,0.029,0.0485,0.6831,0.6794,0.9999,0.0003,0.0019,0.3914,19.5259
0.02,nb,ros,platt,0.7468,0.0699,-0.0063,0.9928,0.0011,0.0541,0.0007,0.0191,0.0242,-0.3428,0.9941,0.0001,1.0,0.6895,0.6743,0.108,0.0019,0.0955
0.02,nb,ros,prior,0.7468,0.0699,0.0119,1.0081,0.0011,0.0544,0.0009,0.0191,0.0242,0.7228,1.0116,0.0001,1.0,0.6831,0.6794,0.108,0.002,0.1003
0.02,nb,rus,beta,0.7449,0.0682,-0.0033,0.9855,0.0012,0.059,0.0008,0.0191,0.0233,-0.138,0.997,0.0001,1.0,0.6872,0.6717,0.1063,0.0028,0.1373
0.02,nb,rus,intercept,0.7449,0.0682,-0.0025,1.0011,0.0014,0.0677,0.0011,0.0191,0.0232,-0.0917,0.9978,0.0001,1.0,0.6854,0.6731,0.1063,0.0029,0.1429
0.02,nb,rus,isotonic,0.7439,0.0635,-0.0023,0.9473,0.0012,0.0579,0.0012,0.0191,0.0224,0.1325,0.9979,0.0011,0.9999,0.6579,0.7008,0.109,0.0033,0.1629
0.02,nb,rus,none,0.7449,0.0682,-3.8962,1.0011,0.3924,19.6676,0.3932,0.2055,-9.5071,3.2875,0.0483,0.6831,0.6759,0.9999,0.0004,0.0023,0.3931,19.6113
0.02,nb,rus,platt,0.7449,0.0682,-0.0056,0.9924,0.0011,0.056,0.0007,0.0191,0.0234,-0.2862,0.9948,0.0001,1.0,0.6857,0.6725,0.1062,0.0027,0.1361
0.02,nb,rus,prior,0.7449,0.0682,0.0038,1.0011,0.001,0.0523,0.0012,0.0191,0.0231,0.2984,1.0039,0.0001,1.0,0.6831,0.6759,0.1066,0.0029,0.1442
0.02,nb,smote,beta,0.7189,0.0554,-0.0007,0.9803,0.0011,0.054,0.001,0.0192,0.0162,0.008,0.9995,0.0,1.0,0.663,0.6538,0.0929,0.0071,0.3538
0.02,nb,smote,intercept,0.7189,0.0554,-0.001,0.7137,0.004,0.1999,0.0041,0.0193,0.0143,0.9586,0.9992,0.0,1.0,0.6428,0.6737,0.094,0.0081,0.4057
0.02,nb,smote,isotonic,0.7173,0.0517,-0.0003,0.9349,0.0013,0.0637,0.0015,0.0192,0.0156,0.2006,0.9998,0.0004,1.0,0.6836,0.633,0.0916,0.0073,0.3647
0.02,nb,smote,none,0.7189,0.0554,-3.8799,0.7137,0.3597,18.0269,0.3607,0.1966,-9.0522,37.7061,0.0524,0.6364,0.6801,0.9984,0.0188,0.0178,0.3606,17.9893
0.02,nb,smote,platt,0.7189,0.0554,0.0012,0.9817,0.0012,0.0619,0.0012,0.0192,0.016,0.0071,1.0012,0.0,1.0,0.6914,0.6263,0.0916,0.0072,0.359
0.02,nb,smote,prior,0.7189,0.0554,0.0201,0.7137,0.0039,0.1957,0.004,0.0193,0.0146,2.2462,1.0195,0.0,1.0,0.6364,0.6801,0.0945,0.008,0.4
0.02,rf,adasyn,beta,0.6936,0.0432,-0.0005,0.9937,0.001,0.0486,0.0009,0.0193,0.0105,-0.0109,0.9996,0.0,1.0,0.6629,0.6192,0.0811,0.0098,0.4884
0.02,rf,adasyn,intercept,0.6936,0.0432,-0.0001,0.6445,0.0053,0.2662,0.0055,0.0195,0.0026,2.026,1.0,0.0,1.0,0.5852,0.694,0.0843,0.0113,0.5635
0.02,rf,adasyn,isotonic,0.6923,0.0409,-0.0006,0.9266,0.0011,0.0559,0.0014,0.0194,0.01,0.0904,0.9995,0.0,1.0,0.6278,0.65,0.0817,0.01,0.4978
0.02,rf,adasyn,none,0.6936,0.0432,-2.4849,0.6445,0.1466,7.348,0.1468,0.0567,-1.899,-136.1335,0.1197,0.1146,0.9657,0.9918,0.0375,0.0217,0.1467,7.3186
0.02,rf,adasyn,platt,0.6936,0.0432,-0.0034,0.9897,0.0012,0.0608,0.0011,0.0194,0.0102,-0.1253,0.9969,0.0,1.0,0.6514,0.6319,0.0819,0.0098,0.4905
0.02,rf,adasyn,prior,0.6936,0.0432,1.4208,0.6445,0.0149,0.7481,0.0149,0.0196,-0.0047,96.0088,3.9753,0.0,1.0,0.1137,0.9662,0.0604,0.0152,0.7573
0.02,rf,none,beta,0.6979,0.0554,-0.0009,1.0095,0.0018,0.09,0.0021,0.0193,0.0145,-0.2417,0.9993,0.0,1.0,0.6632,0.6257,0.0833,0.0093,0.4626
0.02,rf,none,intercept,0.6979,0.0554,-0.0014,0.7415,0.0035,0.1773,0.0035,0.0193,0.0145,0.5726,0.9988,0.0,1.0,0.6166,0.6731,0.086,0.0095,0.4763
0.02,rf,none,isotonic,0.6967,0.0512,-0.0014,0.9503,0.0012,0.0605,0.0013,0.0193,0.0146,0.1253,0.9988,0.0009,1.0,0.6266,0.6625,0.0856,0.0092,0.4596
0.02,rf,none,none,0.6979,0.0554,-0.0806,0.7415,0.0044,0.2191,0.0043,0.0193,0.0135,-4.2789,0.9261,0.0,1.0,0.6466,0.6447,0.0848,0.0099,0.4939
0.02,rf,none,platt,0.6979,0.0554,-0.0014,1.0085,0.0016,0.0822,0.002,0.0193,0.0148,-0.2663,0.9988,0.0,1.0,0.6603,0.6294,0.0837,0.0092,0.4606
0.02,rf,ros,beta,0.7026,0.0499,-0.0003,0.9906,0.0017,0.086,0.0018,0.0193,0.0123,0.1043,0.9999,0.0001,1.0,0.6483,0.6506,0.0875,0.0092,0.4606
0.02,rf,ros,intercept,0.7026,0.0499,0.0004,0.6451,0.0042,0.2096,0.004,0.0193,0.0107,1.1995,1.0006,0.0,1.0,0.6244,0.6757,0.0893,0.0099,0.494
0.02,rf,ros,isotonic,0.7012,0.0464,0.0002,0.9529,0.0013,0.0642,0.0014,0.0193,0.0125,0.2062,1.0003,0.0003,1.0,0.6089,0.6849,0.0889,0.0092,0.4572
0.02,rf,ros,none,0.7026,0.0499,-1.009,0.6384,0.0313,1.5666,0.0313,0.0217,-0.1078,-60.9876,0.393,0.001,0.9999,0.8756,0.3338,0.0623,0.0322,1.6071
0.02,rf,ros,platt,0.7026,0.0499,-0.0005,0.9924,0.0018,0.0882,0.002,0.0193,0.0131,-0.1958,0.9997,0.0,1.0,0.6881,0.6097,0.0852,0.0092,0.4576
0.02,rf,ros,prior,0.7026,0.0499,2.891,0.6654,0.0187,0.939,0.0188,0.0199,-0.0158,247.355,17.1964,0.0,1.0,0.001,0.9999,0.0102,0.0189,0.942
0.02,rf,rus,beta,0.7243,0.0555,-0.0004,0.9848,0.0013,0.065,0.001,0.0192,0.0165,0.0717,0.9997,0.0,1.0,0.6747,0.6546,0.0966,0.007,0.3489
0.02,rf,rus,intercept,0.7243,0.0555,-0.0003,1.1493,0.002,0.1026,0.002,0.0192,0.0164,-0.2638,0.9998,0.0,1.0,0.6862,0.6438,0.096,0.0071,0.3563
0.02,rf,rus,isotonic,0.723,0.0518,-0.0002,0.9465,0.0013,0.0638,0.0011,0.0193,0.0154,0.2768,0.9999,0.0004,1.0,0.6501,0.68,0.0986,0.0072,0.3602
0.02,rf,rus,none,0.7243,0.0555,-3.8627,1.1493,0.4175,20.9229,0.4179,0.2141,-9.9511,-21.0693,0.0456,0.6668,0.6635,1.0,0.0,,0.4178,20.8418
0.02,rf,rus,platt,0.7243,0.0555,0.0009,0.9949,0.0012,0.0621,0.0009,0.0192,0.0165,0.1765,1.001,0.0,1.0,0.666,0.6642,0.0974,0.007,0.3486
0.02,rf,rus,prior,0.7243,0.0555,0.0373,1.1493,0.0022,0.1082,0.0022,0.0192,0.0163,2.0745,1.037,0.0,1.0,0.6668,0.6635,0.0973,0.007,0.3509
0.02,rf,smote,beta,0.6945,0.0435,-0.0006,0.9971,0.0012,0.0595,0.001,0.0193,0.0106,-0.0147,0.9995,0.0,1.0,0.663,0.6224,0.0822,0.0097,0.4857
0.02,rf,smote,intercept,0.6945,0.0435,0.0005,0.6494,0.0057,0.2849,0.0054,0.0195,0.0027,2.0588,1.0006,0.0,1.0,0.5867,0.6949,0.0851,0.0112,0.5592
0.02,rf,smote,isotonic,0.6932,0.0412,-0.0003,0.9318,0.0013,0.0645,0.0012,0.0194,0.01,0.1247,0.9998,0.0,1.0,0.626,0.6586,0.0839,0.0099,0.4947
0.02,rf,smote,none,0.6945,0.0435,-2.4746,0.6494,0.1458,7.3059,0.1456,0.0561,-1.8678,-136.0743,0.1206,0.1136,0.9667,0.9922,0.0375,0.022,0.1455,7.2591
0.02,rf,smote,platt,0.6945,0.0435,-0.0028,0.9934,0.0014,0.0682,0.0011,0.0194,0.0104,-0.0939,0.9974,0.0,1.0,0.6524,0.6331,0.0826,0.0098,0.4876
0.02,rf,smote,prior,0.6945,0.0435,1.4254,0.6494,0.0146,0.7322,0.015,0.0196,-0.0047,96.3663,3.9933,0.0,1.0,0.1136,0.9667,0.0611,0.0152,0.7582
0.02,rf,weighted,beta,0.7124,0.0523,0.0001,0.986,0.0012,0.0614,0.0017,0.0193,0.0148,-0.1195,1.0002,0.0,1.0,0.6886,0.6229,0.0896,0.0083,0.4158
0.02,rf,weighted,intercept,0.7124,0.0523,-0.0008,0.8529,0.0017,0.0873,0.0015,0.0193,0.0147,0.2367,0.9994,0.0,1.0,0.6618,0.6517,0.0917,0.0084,0.42
0.02,rf,weighted,isotonic,0.7105,0.049,-0.001,0.9341,0.0013,0.0639,0.0013,0.0193,0.0136,0.1914,0.9991,0.0003,1.0,0.617,0.6937,0.0943,0.0085,0.4216
0.02,rf,weighted,none,0.7124,0.0523,-1.0884,0.8502,0.0352,1.7633,0.0353,0.0215,-0.1007,-68.7797,0.3614,0.0002,1.0,0.93,0.23,0.0534,0.0357,1.7816
0.02,rf,weighted,platt,0.7124,0.0523,0.0009,0.991,0.0011,0.054,0.0015,0.0193,0.0149,-0.0379,1.001,0.0,1.0,0.682,0.6299,0.0901,0.0083,0.4134
0.02,rf,weighted,prior,0.7124,0.0523,2.8116,0.8604,0.0188,0.9403,0.0187,0.0199,-0.0158,237.5059,16.0336,0.0,1.0,0.0002,1.0,0.0035,0.0188,0.9378
0.02,xgb,adasyn,beta,0.7014,0.0504,0.0003,0.9769,0.0012,0.0607,0.0009,0.0193,0.0132,0.0483,1.0004,0.0,1.0,0.646,0.6464,0.0853,0.0086,0.4296
0.02,xgb,adasyn,intercept,0.7014,0.0504,0.0001,0.575,0.0064,0.3211,0.0063,0.0194,0.0094,1.524,1.0002,0.0,1.0,0.6171,0.6747,0.0867,0.0104,0.5208
0.02,xgb,adasyn,isotonic,0.7006,0.0471,0.0005,0.9255,0.0013,0.067,0.0014,0.0193,0.0126,0.2577,1.0006,0.0003,1.0,0.6391,0.6506,0.0853,0.0088,0.4387
0.02,xgb,adasyn,none,0.7014,0.0504,-3.7279,0.575,0.321,16.0888,0.3217,0.1737,-7.8805,15.6935,0.0584,0.565,0.7197,0.9926,0.0457,0.0258,0.3216,16.0434
0.02,xgb,adasyn,platt,0.7014,0.0504,-0.0011,0.9711,0.0019,0.0944,0.0017,0.0193,0.0127,-0.1402,0.9991,0.0,1.0,0.6926,0.5988,0.083,0.0089,0.442
0.02,xgb,adasyn,prior,0.7014,0.0504,0.1777,0.575,0.0054,0.2703,0.0054,0.0193,0.0115,12.3099,1.1849,0.0,1.0,0.5629,0.7212,0.0881,0.0096,0.4777
0.02,xgb,none,beta,0.7269,0.0598,-0.0014,0.9936,0.001,0.0513,0.0007,0.0192,0.0186,-0.0522,0.9988,0.0,1.0,0.671,0.6626,0.0983,0.0064,0.3186
0.02,xgb,none,intercept,0.7269,0.0598,-0.0011,0.8123,0.0031,0.1564,0.0028,0.0192,0.0156,1.2134,0.9992,0.0005,1.0,0.6345,0.698,0.1007,0.007,0.347
0.02,xgb,none,isotonic,0.7255,0.0555,-0.0012,0.9405,0.0015,0.0753,0.0013,0.0192,0.0177,0.1622,0.9989,0.0004,1.0,0.6767,0.6543,0.0971,0.0067,0.3339
0.02,xgb,none,none,0.7269,0.0598,0.0251,0.8123,0.0032,0.1595,0.0029,0.0192,0.016,2.7918,1.0242,0.0005,1.0,0.6255,0.7067,0.1014,0.0069,0.344
0.02,xgb,none,platt,0.7269,0.0598,-0.0003,0.9953,0.0011,0.0559,0.0007,0.0192,0.0185,0.0746,0.9999,0.0002,1.0,0.6682,0.6659,0.0987,0.0064,0.3189
0.02,xgb,ros,beta,0.7157,0.0565,-0.0012,0.973,0.0012,0.0592,0.0011,0.0192,0.0166,0.061,0.9989,0.0001,1.0,0.6479,0.6676,0.0934,0.007,0.351
0.02,xgb,ros,intercept,0.7157,0.0565,-0.0007,0.7595,0.0033,0.1636,0.0032,0.0193,0.0154,0.7929,0.9995,0.0001,1.0,0.6419,0.6738,0.0938,0.0076,0.3781
0.02,xgb,ros,isotonic,0.7142,0.0525,-0.0019,0.9228,0.0015,0.0741,0.0013,0.0193,0.015,0.3152,0.9982,0.0005,1.0,0.6574,0.6542,0.0923,0.0073,0.3643
0.02,xgb,ros,none,0.7157,0.0565,-3.5332,0.7595,0.3068,15.3784,0.3076,0.1493,-6.6354,-72.0756,0.0609,0.5105,0.7875,0.9982,0.015,0.0152,0.3075,15.3388
0.02,xgb,ros,platt,0.7157,0.0565,-0.0006,0.9773,0.0016,0.0793,0.0012,0.0192,0.0166,-0.0998,0.9996,0.0,1.0,0.6778,0.6355,0.0908,0.0072,0.3571
0.02,xgb,ros,prior,0.7157,0.0565,0.3668,0.7595,0.006,0.3015,0.0059,0.0193,0.0148,23.4157,1.4226,0.0,1.0,0.5105,0.7875,0.1009,0.0078,0.3884
0.02,xgb,rus,beta,0.7162,0.0555,-0.0023,0.9919,0.0009,0.0463,0.0008,0.0192,0.0162,-0.1134,0.9979,0.0,1.0,0.6647,0.6518,0.0926,0.0076,0.3804
0.02,xgb,rus,intercept,0.7162,0.0555,-0.0025,0.6839,0.0056,0.2818,0.0055,0.0194,0.009,2.2212,0.9978,0.0005,1.0,0.6029,0.7116,0.0965,0.0092,0.4597
0.02,xgb,rus,isotonic,0.7149,0.0513,-0.0028,0.9233,0.0012,0.0603,0.0015,0.0193,0.0146,0.1766,0.9974,0.0005,1.0,0.6889,0.6224,0.09,0.0079,0.3943
0.02,xgb,rus,none,0.7162,0.0555,-4.1057,0.6839,0.3939,19.7426,0.3943,0.221,-10.3011,78.5384,0.0482,0.6639,0.6512,1.0,0.0015,0.0052,0.3942,19.6633
0.02,xgb,rus,platt,0.7162,0.0555,-0.0038,0.9935,0.001,0.0478,0.0008,0.0192,0.0162,-0.2096,0.9965,0.0,1.0,0.6636,0.6524,0.0925,0.0076,0.3804
0.02,xgb,rus,prior,0.7162,0.0555,-0.2057,0.6839,0.0073,0.3673,0.007,0.0195,0.0006,-9.8276,0.8258,0.001,0.9999,0.6639,0.6512,0.0921,0.0107,0.5325
0.02,xgb,smote,beta,0.7022,0.0506,-0.0007,0.9741,0.001,0.052,0.001,0.0193,0.0134,-0.0061,0.9994,0.0,1.0,0.6466,0.6471,0.0857,0.0085,0.4264
0.02,xgb,smote,intercept,0.7022,0.0506,-0.0004,0.575,0.0061,0.3043,0.0064,0.0194,0.0094,1.5486,0.9997,0.0,1.0,0.6156,0.6771,0.0871,0.0104,0.5198
0.02,xgb,smote,isotonic,0.7004,0.0472,0.0006,0.9261,0.0013,0.0632,0.0013,0.0193,0.0129,0.2321,1.0007,0.0003,1.0,0.6246,0.667,0.0862,0.0087,0.4345
0.02,xgb,smote,none,0.7022,0.0506,-3.7193,0.575,0.3183,15.9517,0.319,0.1718,-7.7876,13.2328,0.0589,0.5613,0.7241,0.9924,0.0465,0.026,0.3189,15.9076
0.02,xgb,smote,platt,0.7022,0.0506,-0.0009,0.972,0.0018,0.0882,0.0018,0.0193,0.0129,-0.1302,0.9992,0.0,1.0,0.6895,0.601,0.0828,0.0088,0.4383
0.02,xgb,smote,prior,0.7022,0.0506,0.1807,0.575,0.0052,0.2601,0.0055,0.0193,0.0116,12.5377,1.188,0.0,1.0,0.5613,0.7241,0.0888,0.0095,0.4762
0.02,xgb,weighted,beta,0.7199,0.0576,-0.0012,0.98,0.0013,0.0647,0.0009,0.0192,0.0173,0.0059,0.999,0.0,1.0,0.6597,0.663,0.0952,0.0068,0.3405
0.02,xgb,weighted,intercept,0.7199,0.0576,-0.0011,0.7444,0.0037,0.1831,0.0038,0.0192,0.0156,0.9706,0.9991,0.0,1.0,0.6397,0.6817,0.096,0.0077,0.3821
0.02,xgb,weighted,isotonic,0.7183,0.0533,-0.0021,0.9206,0.0015,0.0765,0.0014,0.0192,0.0158,0.2588,0.9981,0.0004,1.0,0.6713,0.6493,0.0941,0.0071,0.3547
0.02,xgb,weighted,none,0.7199,0.0576,-3.5255,0.7444,0.2997,15.0228,0.3002,0.1465,-6.4902,-66.827,0.0624,0.5118,0.7903,0.9984,0.0154,0.0156,0.3001,14.9689
0.02,xgb,weighted,platt,0.7199,0.0576,-0.0011,0.9832,0.0014,0.0722,0.0012,0.0192,0.0173,-0.1331,0.9991,0.0,1.0,0.6808,0.6391,0.0928,0.0069,0.3456
0.02,xgb,weighted,prior,0.7199,0.0576,0.3745,0.7444,0.0059,0.2962,0.006,0.0193,0.0155,24.0218,1.432,0.0,1.0,0.5118,0.7903,0.1027,0.0079,0.3932
