event_fraction,classifier,correction,recalibration,auroc,auprc,cal_intercept,cal_slope,ici,ici_rel,ece,brier,scaled_brier,spiegelhalter_z,oe_ratio,sens_t050,spec_t050,sens_tprev,spec_tprev,mcc_tprev,mae_true,mae_true_rel
0.005,cart,adasyn,beta,0.5412,0.0057,0.0064,0.3347,0.001,0.2018,0.0016,0.005,-0.0003,0.073,1.0064,0.0,1.0,0.4493,0.6258,0.011,,
0.005,cart,adasyn,intercept,0.5412,0.0057,0.0056,0.0389,0.006,1.2079,0.007,0.0057,-0.1534,4.2666,1.0039,0.0,0.9996,0.1839,0.8394,0.0041,,
0.005,cart,adasyn,isotonic,0.549,0.0058,0.0054,0.3593,0.001,0.2044,0.0008,0.005,-0.0002,0.0657,1.0054,0.0,1.0,0.5222,0.5711,0.0143,,
0.005,cart,adasyn,none,0.5412,0.0057,-3.1859,0.0285,0.0691,13.833,0.0692,0.029,-4.8372,-19.7612,0.0927,0.045,0.9662,0.4795,0.5798,0.0085,,
0.005,cart,adasyn,platt,0.5412,0.0057,0.0018,0.4596,0.0011,0.2221,0.0016,0.005,-0.0,0.0221,1.0019,0.0,1.0,0.4776,0.5797,0.0082,,
0.005,cart,adasyn,prior,0.5412,0.0057,2.1038,0.046,0.0037,0.7453,0.0047,0.0052,-0.0428,27.5357,6.1029,0.0,0.9998,0.045,0.9662,0.0064,,
0.005,cart,none,beta,0.483,0.0051,-0.0019,-0.7038,0.0009,0.1762,0.001,0.005,-0.0001,-0.0169,0.9982,0.0,1.0,0.822,0.1701,-0.004,,
0.005,cart,none,intercept,0.4952,0.0054,0.0072,-0.057,0.0034,0.6719,0.0034,0.0051,-0.0232,0.6089,1.0074,0.0,1.0,0.2113,0.8165,0.0039,,
0.005,cart,none,isotonic,0.5151,0.0054,0.0035,0.1491,0.0023,0.4558,0.0004,0.005,-0.001,0.0614,1.0036,0.0,1.0,0.3846,0.6259,0.0012,,
0.005,cart,none,none,0.4952,0.0054,-0.0101,-0.057,0.0034,0.6774,0.0034,0.0051,-0.0239,0.4385,0.9905,0.0,1.0,0.301,0.7334,0.0053,,
0.005,cart,none,platt,0.498,0.0056,0.0035,0.7216,0.0012,0.2316,0.0012,0.005,-0.0001,0.0384,1.0036,0.0,1.0,0.3604,0.659,0.0079,,
0.005,cart,ros,beta,0.529,0.0062,0.0082,1.1622,0.001,0.2069,0.001,0.005,0.0001,0.0852,1.0082,0.0,1.0,0.4703,0.5688,0.0056,,
0.005,cart,ros,intercept,0.529,0.0062,0.0154,0.0149,0.0049,0.9787,0.0047,0.0051,-0.0213,0.6766,1.0152,0.0,1.0,0.3521,0.6992,0.0086,,
0.005,cart,ros,isotonic,0.535,0.0059,0.0063,0.5872,0.0023,0.4574,0.0003,0.005,0.0003,0.0684,1.0063,0.0,1.0,0.3667,0.6917,0.0125,,
0.005,cart,ros,none,0.529,0.0062,-5.2873,0.0083,0.2983,59.6026,0.2938,0.1832,-35.7841,96.8671,0.0168,0.3521,0.6992,0.5507,0.4722,0.0032,,
0.005,cart,ros,platt,0.5304,0.0062,0.0083,0.5733,0.001,0.2005,0.001,0.005,-0.0,0.0878,1.0083,0.0,1.0,0.5488,0.4873,0.0051,,
0.005,cart,ros,prior,0.529,0.0062,0.0031,0.0149,0.0049,0.9874,0.0047,0.0051,-0.0219,0.555,1.0032,0.0,1.0,0.3521,0.6992,0.0086,,
0.005,cart,rus,beta,0.5338,0.0056,0.0047,0.4883,0.0007,0.1383,0.0013,0.005,0.0001,0.0513,1.0048,0.0,1.0,0.446,0.6244,0.0102,,
0.005,cart,rus,intercept,0.5338,0.0056,0.0033,0.1428,0.0034,0.671,0.0037,0.005,-0.0044,0.1412,1.0034,0.0,1.0,0.3204,0.7167,0.0058,,
0.005,cart,rus,isotonic,0.5353,0.0055,0.0054,0.325,0.0008,0.167,0.0006,0.005,-0.0,0.0607,1.0054,0.0,1.0,0.5805,0.4744,0.008,,
0.005,cart,rus,none,0.5338,0.0056,-5.6275,0.1428,0.4669,93.298,0.4669,0.2629,-51.7994,48.4801,0.0106,0.4777,0.5796,1.0,0.0,,,
0.005,cart,rus,platt,0.5338,0.0056,-0.0051,0.5547,0.0006,0.128,0.0013,0.005,0.0001,-0.0507,0.995,0.0,1.0,0.4777,0.5796,0.0082,,
0.005,cart,rus,prior,0.5338,0.0056,-0.337,0.1428,0.0044,0.8711,0.0046,0.005,-0.0108,-3.3532,0.7202,0.0,1.0,0.4777,0.5796,0.0082,,
0.005,cart,smote,beta,0.54,0.0056,0.0061,0.3038,0.001,0.1998,0.0016,0.005,-0.0002,0.0682,1.0061,0.0,1.0,0.4589,0.5979,0.0079,,
0.005,cart,smote,intercept,0.54,0.0056,0.0042,0.0352,0.0062,1.2376,0.007,0.0058,-0.1548,4.4338,1.0028,0.0,0.9995,0.182,0.8319,0.0024,,
0.005,cart,smote,isotonic,0.5513,0.0058,0.0068,0.4766,0.001,0.1933,0.0007,0.005,-0.0001,0.0789,1.0069,0.0,1.0,0.5091,0.5783,0.0135,,
0.005,cart,smote,none,0.54,0.0056,-3.1926,0.0279,0.0683,13.6864,0.0682,0.0286,-4.7574,-19.5683,0.0941,0.0432,0.9649,0.4888,0.5701,0.0084,,
0.005,cart,smote,platt,0.54,0.0056,-0.0001,0.4956,0.001,0.2065,0.0016,0.005,-0.0001,0.002,1.0,0.0,1.0,0.4944,0.5707,0.0094,,
0.005,cart,smote,prior,0.54,0.0056,2.0977,0.0391,0.0038,0.7572,0.0046,0.0051,-0.0335,26.8308,6.2687,0.0,0.9999,0.0432,0.9649,0.0041,,
0.005,cart,weighted,beta,0.5275,0.006,0.004,-0.998,0.0009,0.1746,0.0009,0.005,0.0002,0.0418,1.004,0.0,1.0,0.5413,0.4894,0.0043,,
0.005,cart,weighted,intercept,0.5387,0.0065,0.0095,0.0258,0.0049,0.9707,0.0046,0.005,-0.0142,0.4594,1.0097,0.0,1.0,0.339,0.7142,0.0091,,
0.005,cart,weighted,isotonic,0.5395,0.006,0.0069,0.7783,0.0015,0.3003,0.0003,0.005,0.0003,0.0739,1.0069,0.0,1.0,0.3968,0.6714,0.0123,,
0.005,cart,weighted,none,0.5387,0.0065,-5.2957,0.0155,0.2989,59.722,0.2948,0.1824,-35.6388,89.9116,0.0167,0.339,0.7142,0.5955,0.4532,0.0069,,
0.005,cart,weighted,platt,0.5275,0.006,0.006,0.5384,0.0008,0.1685,0.001,0.005,0.0,0.0635,1.006,0.0,1.0,0.5712,0.4728,0.0062,,
0.005,cart,weighted,prior,0.5387,0.0065,-0.0052,0.0258,0.0049,0.9806,0.0047,0.0051,-0.0147,0.3127,0.9951,0.0,1.0,0.339,0.7142,0.0091,,
0.005,knn,adasyn,beta,0.5565,0.0061,0.0061,0.753,0.0008,0.1558,0.001,0.005,-0.0001,0.0692,1.0062,0.0,1.0,0.6575,0.4001,0.0089,,
0.005,knn,adasyn,intercept,0.5434,0.0058,0.0347,0.0289,0.0095,1.8908,0.0087,0.0068,-0.3723,51.849,1.0243,0.0,1.0,0.0131,0.9871,-0.0001,,
0.005,knn,adasyn,isotonic,0.5526,0.0059,0.0074,0.4682,0.0009,0.1746,0.0008,0.005,-0.0002,0.0873,1.0075,0.0,1.0,0.5451,0.5178,0.0091,,
0.005,knn,adasyn,none,0.5565,0.0061,-14.267,0.0303,0.4201,83.9573,0.4183,0.29,-57.2501,143.8268,0.0118,0.5263,0.5547,0.8371,0.2312,0.0114,,
0.005,knn,adasyn,platt,0.5565,0.0061,0.0066,0.8585,0.0007,0.1308,0.0009,0.005,0.0001,0.0695,1.0066,0.0,1.0,0.7809,0.2884,0.0108,,
0.005,knn,adasyn,prior,0.5565,0.0061,-8.9772,0.0413,0.0247,4.9414,0.0247,0.0187,-2.7511,9.5352,0.1904,0.0131,0.9871,0.5226,0.5611,0.0119,,
0.005,knn,none,beta,0.5316,0.0056,0.0053,0.764,0.0038,0.7504,0.0001,0.005,0.0001,0.0554,1.0053,0.0,1.0,0.2642,0.7978,0.0108,,
0.005,knn,none,intercept,0.5316,0.0056,0.0203,0.0339,0.0036,0.7148,0.0019,0.0051,-0.0183,0.6616,1.0203,0.0,1.0,0.2642,0.7978,0.0108,,
0.005,knn,none,isotonic,0.5314,0.0055,0.0077,0.7099,0.0037,0.7415,0.0001,0.005,-0.0003,0.0895,1.0077,0.0,1.0,0.2642,0.7978,0.0108,,
0.005,knn,none,none,0.5316,0.0056,0.0931,0.0339,0.0033,0.6495,0.0021,0.0051,-0.0157,1.3854,1.0975,0.0,1.0,0.2642,0.7978,0.0108,,
0.005,knn,none,platt,0.5316,0.0056,0.0057,0.7654,0.0038,0.7498,0.0001,0.005,0.0001,0.0601,1.0057,0.0,1.0,0.2642,0.7978,0.0108,,
0.005,knn,ros,beta,0.5298,0.0055,0.0064,0.5828,0.0038,0.7616,0.0004,0.005,-0.0001,0.071,1.0064,0.0,1.0,0.2642,0.7985,0.0109,,
0.005,knn,ros,intercept,0.5284,0.0055,1.0527,0.0401,0.0047,0.9344,0.0086,0.0092,-0.8509,78.4698,1.0613,0.0037,0.9954,0.0224,0.9794,0.0011,,
0.005,knn,ros,isotonic,0.5281,0.0055,0.006,0.3421,0.004,0.8038,0.0003,0.005,-0.0004,0.0727,1.006,0.0,1.0,0.223,0.831,0.0098,,
0.005,knn,ros,none,0.5298,0.0055,-7.8964,0.0208,0.1069,21.3652,0.1068,0.0784,-14.7378,79.4729,0.0464,0.1311,0.8872,0.2642,0.7978,0.0108,,
0.005,knn,ros,platt,0.5298,0.0055,0.0054,0.6922,0.0038,0.7617,0.0004,0.005,0.0001,0.0574,1.0054,0.0,1.0,0.2642,0.7978,0.0108,,
0.005,knn,ros,prior,0.5298,0.0055,-2.606,0.0291,0.0074,1.4746,0.0115,0.0098,-0.9763,19.6717,0.6152,0.0037,0.9954,0.1311,0.8872,0.0039,,
0.005,knn,rus,beta,0.5764,0.0091,-0.001,0.9305,0.0005,0.1039,0.0012,0.005,0.0004,-0.0078,0.999,0.0,1.0,0.5186,0.5691,0.0125,,
0.005,knn,rus,intercept,0.5764,0.0091,0.0056,1.0075,0.0003,0.0686,0.0011,0.005,0.0005,0.058,1.0056,0.0,1.0,0.5489,0.5569,0.0152,,
0.005,knn,rus,isotonic,0.5697,0.0065,0.0064,0.6415,0.0008,0.1527,0.0008,0.005,-0.0004,0.0896,1.0064,0.0,1.0,0.5265,0.5702,0.0146,,
0.005,knn,rus,none,0.5764,0.0091,-5.2641,1.0075,0.4777,95.4723,0.4778,0.2381,-46.8313,-12.6178,0.0104,0.5545,0.5391,1.0,0.0,,,
0.005,knn,rus,platt,0.5764,0.0091,0.0057,0.9972,0.0005,0.0972,0.0012,0.005,0.0005,0.0611,1.0057,0.0,1.0,0.513,0.5869,0.0144,,
0.005,knn,rus,prior,0.5764,0.0091,0.0265,1.0075,0.0003,0.0684,0.0011,0.005,0.0004,0.273,1.0271,0.0,1.0,0.5545,0.5391,0.0133,,
0.005,knn,smote,beta,0.5566,0.0061,0.0058,0.7921,0.0008,0.1619,0.0011,0.005,-0.0001,0.0658,1.0059,0.0,1.0,0.6743,0.3887,0.0096,,
0.005,knn,smote,intercept,0.5407,0.0058,0.011,0.036,0.0095,1.9011,0.0087,0.0069,-0.3779,57.5488,1.0112,0.0,1.0,0.015,0.9869,0.001,,
0.005,knn,smote,isotonic,0.5498,0.0057,0.0071,0.4471,0.001,0.202,0.0008,0.005,-0.0002,0.0838,1.0071,0.0,1.0,0.547,0.5155,0.0091,,
0.005,knn,smote,none,0.5566,0.0061,-14.2869,0.0315,0.4202,83.972,0.4184,0.2899,-57.2332,143.7355,0.0118,0.5188,0.5548,0.8389,0.231,0.0117,,
0.005,knn,smote,platt,0.5566,0.0061,0.0072,0.8671,0.0007,0.1345,0.001,0.005,0.0001,0.0757,1.0072,0.0,1.0,0.7753,0.2952,0.0109,,
0.005,knn,smote,prior,0.5566,0.0061,-8.9963,0.0427,0.0248,4.9631,0.0248,0.0188,-2.7775,9.8331,0.1898,0.015,0.9869,0.5188,0.5548,0.0104,,
0.005,lr,adasyn,beta,0.5719,0.0085,0.01,1.1483,0.0006,0.1141,0.0011,0.005,0.0004,0.1047,1.0101,0.0,1.0,0.4214,0.6661,0.0133,,
0.005,lr,adasyn,intercept,0.572,0.0085,-0.0288,0.1212,0.0051,1.0255,0.0052,0.0054,-0.0746,1.5636,0.9761,0.0,0.9997,0.2922,0.8025,0.0167,,
0.005,lr,adasyn,isotonic,0.5644,0.0068,0.0032,0.5748,0.0015,0.3012,0.0007,0.005,-0.0002,0.052,1.0033,0.0,1.0,0.4459,0.6539,0.0157,,
0.005,lr,adasyn,none,0.5719,0.0085,-5.7026,0.1169,0.32,63.9499,0.3199,0.181,-35.3601,30.1691,0.0154,0.3671,0.7286,0.9513,0.0721,0.0066,,
0.005,lr,adasyn,platt,0.5719,0.0085,0.005,2.2509,0.0008,0.1578,0.0012,0.005,0.0003,0.0513,1.005,0.0,1.0,0.5993,0.5045,0.0147,,
0.005,lr,adasyn,prior,0.5719,0.0085,-0.4128,0.1205,0.0065,1.2991,0.0066,0.0056,-0.1266,-1.8973,0.6912,0.0,0.9994,0.3671,0.7284,0.0151,,
0.005,lr,none,beta,0.6014,0.0099,0.0035,1.1677,0.0006,0.1242,0.0012,0.005,0.0009,0.0335,1.0035,0.0,1.0,0.5617,0.5806,0.0203,,
0.005,lr,none,intercept,0.6014,0.0099,-0.003,0.4162,0.0022,0.444,0.0025,0.005,-0.005,0.132,0.9971,0.0,1.0,0.457,0.6884,0.0222,,
0.005,lr,none,isotonic,0.6006,0.0077,0.0007,0.673,0.0009,0.183,0.0009,0.005,-0.0007,0.0539,1.0008,0.0,1.0,0.3689,0.7552,0.0215,,
0.005,lr,none,none,0.6014,0.0099,-0.007,0.4162,0.0022,0.4422,0.0025,0.005,-0.0051,0.0916,0.9932,0.0,1.0,0.4608,0.6865,0.0224,,
0.005,lr,none,platt,0.6014,0.0099,0.0045,1.1639,0.0006,0.1247,0.0012,0.005,0.0009,0.044,1.0045,0.0,1.0,0.5636,0.5839,0.0211,,
0.005,lr,ros,beta,0.5739,0.0083,0.0017,1.1249,0.0006,0.1139,0.0012,0.005,0.0004,0.0188,1.0018,0.0,1.0,0.5037,0.606,0.0161,,
0.005,lr,ros,intercept,0.5739,0.0083,-0.0366,0.1266,0.0046,0.9152,0.0048,0.0053,-0.0609,1.1216,0.9672,0.0019,0.9997,0.3335,0.7835,0.0199,,
0.005,lr,ros,isotonic,0.5769,0.0069,0.0044,0.5856,0.0008,0.1647,0.0008,0.005,0.0002,0.0545,1.0044,0.0,1.0,0.5205,0.6,0.0182,,
0.005,lr,ros,none,0.5739,0.0083,-5.6272,0.1229,0.3382,67.5803,0.338,0.188,-36.7663,27.1671,0.0146,0.3971,0.7175,0.9588,0.0617,0.0065,,
0.005,lr,ros,platt,0.5739,0.0083,0.0099,1.6397,0.0008,0.1601,0.0013,0.005,0.0003,0.1024,1.01,0.0,1.0,0.618,0.4997,0.0166,,
0.005,lr,ros,prior,0.5739,0.0083,-0.3366,0.126,0.0056,1.1139,0.0058,0.0054,-0.0931,-1.6712,0.7354,0.0019,0.9996,0.3971,0.7175,0.0179,,
0.005,lr,rus,beta,0.5707,0.0085,0.0066,0.9364,0.0007,0.143,0.001,0.005,0.0002,0.0711,1.0066,0.0,1.0,0.5169,0.5925,0.0158,,
0.005,lr,rus,intercept,0.5707,0.0085,-0.0222,0.1945,0.0045,0.8916,0.0046,0.0052,-0.0526,1.078,0.9806,0.0,0.9997,0.3184,0.7712,0.015,,
0.005,lr,rus,isotonic,0.5649,0.0065,0.0048,0.5734,0.0008,0.1619,0.0009,0.005,0.0,0.0646,1.0049,0.0,1.0,0.4287,0.6697,0.015,,
0.005,lr,rus,none,0.5707,0.0085,-6.2272,0.1945,0.4759,95.1132,0.476,0.296,-58.4472,89.891,0.0104,0.573,0.5373,1.0,0.0002,0.0011,,
0.005,lr,rus,platt,0.5707,0.0085,-0.0025,1.073,0.0006,0.1198,0.0009,0.005,0.0004,-0.0255,0.9977,0.0,1.0,0.5431,0.5637,0.0152,,
0.005,lr,rus,prior,0.5707,0.0085,-0.9366,0.1945,0.0092,1.8361,0.0092,0.006,-0.1955,-7.805,0.4355,0.0038,0.9993,0.573,0.5373,0.0156,,
0.005,lr,smote,beta,0.5724,0.0085,0.0075,1.1651,0.0006,0.1198,0.0011,0.005,0.0004,0.0785,1.0075,0.0,1.0,0.4157,0.6642,0.0121,,
0.005,lr,smote,intercept,0.5724,0.0085,-0.0283,0.1222,0.0051,1.0285,0.0053,0.0053,-0.0743,1.5773,0.9762,0.0019,0.9997,0.3016,0.803,0.0185,,
0.005,lr,smote,isotonic,0.5642,0.0067,0.0026,0.5631,0.0015,0.296,0.0008,0.005,-0.0004,0.0487,1.0027,0.0,1.0,0.4422,0.6476,0.0141,,
0.005,lr,smote,none,0.5724,0.0085,-5.7062,0.1179,0.3194,63.8245,0.3193,0.1809,-35.3246,30.4121,0.0155,0.3671,0.729,0.9513,0.0732,0.0069,,
0.005,lr,smote,platt,0.5724,0.0085,0.0048,2.3373,0.0008,0.1634,0.0012,0.005,0.0003,0.0501,1.0049,0.0,1.0,0.603,0.5066,0.0155,,
0.005,lr,smote,prior,0.5724,0.0085,-0.4157,0.1215,0.0065,1.2963,0.0067,0.0056,-0.1272,-1.9062,0.6895,0.0019,0.9994,0.3671,0.729,0.0153,,
0.005,lr,weighted,beta,0.5764,0.0084,-0.0006,1.0778,0.0005,0.1089,0.0012,0.005,0.0004,-0.0044,0.9995,0.0,1.0,0.5093,0.6028,0.0165,,
0.005,lr,weighted,intercept,0.5765,0.0084,-0.0333,0.1471,0.0044,0.8728,0.0047,0.0053,-0.0546,0.9985,0.97,0.0,0.9998,0.3316,0.7792,0.0187,,
0.005,lr,weighted,isotonic,0.5736,0.0067,0.0032,0.5636,0.0008,0.1552,0.0009,0.005,-0.0,0.0473,1.0033,0.0,1.0,0.4569,0.6529,0.0167,,
0.005,lr,weighted,none,0.5764,0.0084,-5.5939,0.1447,0.3405,68.0398,0.3404,0.1877,-36.6981,24.3014,0.0145,0.3934,0.7186,0.9775,0.0415,0.0071,,
0.005,lr,weighted,platt,0.5764,0.0084,0.0095,1.5828,0.0007,0.1455,0.0014,0.005,0.0004,0.0975,1.0095,0.0,1.0,0.618,0.5106,0.0182,,
0.005,lr,weighted,prior,0.5765,0.0084,-0.3034,0.1469,0.0053,1.0532,0.0056,0.0054,-0.081,-1.5407,0.7565,0.0019,0.9997,0.3934,0.7186,0.0175,,
0.005,mlp,adasyn,beta,0.51,0.0057,0.0075,6.6289,0.0021,0.4233,0.0004,0.005,-0.0006,0.0917,1.0076,0.0,1.0,0.1667,0.8571,0.0068,,
0.005,mlp,adasyn,intercept,0.51,0.0057,-0.166,0.0273,0.0079,1.5793,0.0091,0.0079,-0.5915,26.23,0.9354,0.0093,0.9961,0.0524,0.9646,0.0063,,
0.005,mlp,adasyn,isotonic,0.5166,0.0054,0.0014,0.0826,0.0009,0.1888,0.0011,0.005,-0.0046,0.1122,1.0014,0.0,1.0,0.324,0.6862,0.002,,
0.005,mlp,adasyn,none,0.51,0.0057,1.079,0.0273,0.0058,1.1572,0.0068,0.0066,-0.3251,30.3588,1.6397,0.0037,0.9979,0.0299,0.9766,0.0031,,
0.005,mlp,adasyn,platt,0.51,0.0057,0.0028,2.1282,0.002,0.3905,0.0004,0.005,-0.0,0.0301,1.0028,0.0,1.0,0.2041,0.8106,0.0028,,
0.005,mlp,adasyn,prior,0.5142,0.0056,6.1482,0.0523,0.0002,0.0417,0.0048,0.0051,-0.0239,97.5566,28.393,0.0,0.9999,0.0037,0.9979,0.0023,,
0.005,mlp,none,beta,0.5234,0.0072,-0.0037,0.2418,0.0012,0.2438,0.0017,0.005,-0.0003,-0.0272,0.9964,0.0,1.0,0.5607,0.475,0.0065,,
0.005,mlp,none,intercept,0.5163,0.0062,0.0065,0.1099,0.0015,0.298,0.0018,0.005,-0.0006,0.0834,1.0066,0.0,1.0,0.4345,0.6004,0.0051,,
0.005,mlp,none,isotonic,0.5151,0.0056,0.0085,0.0759,0.0021,0.4231,0.0012,0.005,-0.0005,0.1025,1.0085,0.0,1.0,0.5291,0.4962,0.0045,,
0.005,mlp,none,none,0.5163,0.0062,-0.0795,0.1105,0.0016,0.3268,0.002,0.005,-0.0007,-0.8034,0.9259,0.0,1.0,0.4999,0.5134,0.0019,,
0.005,mlp,none,platt,0.5234,0.0072,-0.0007,0.3606,0.0013,0.2638,0.0017,0.005,-0.0003,0.0071,0.9994,0.0,1.0,0.4438,0.5927,0.0053,,
0.005,mlp,ros,beta,0.5181,0.0055,0.0032,0.1555,0.002,0.3956,0.0006,0.005,-0.0005,0.044,1.0032,0.0,1.0,0.4079,0.621,0.0016,,
0.005,mlp,ros,intercept,0.524,0.0059,-0.0691,0.0402,0.0074,1.4679,0.009,0.0076,-0.5302,23.1813,0.9669,0.0037,0.9965,0.0487,0.9599,0.0036,,
0.005,mlp,ros,isotonic,0.514,0.0054,0.0045,0.3295,0.0016,0.3103,0.0007,0.005,-0.001,0.0683,1.0045,0.0,1.0,0.4117,0.6294,0.0048,,
0.005,mlp,ros,none,0.5237,0.0059,0.9577,0.0399,0.0058,1.1569,0.0073,0.0067,-0.3374,27.5417,1.6215,0.0019,0.9978,0.0449,0.9697,0.0074,,
0.005,mlp,ros,platt,0.5181,0.0055,0.0049,0.5664,0.0021,0.4155,0.0006,0.005,-0.0,0.0516,1.0049,0.0,1.0,0.3817,0.6491,0.0047,,
0.005,mlp,ros,prior,0.5121,0.0056,6.0445,0.0371,0.0002,0.0427,0.0048,0.0051,-0.0201,97.7929,37.593,0.0,0.9999,0.0019,0.9978,-0.0011,,
0.005,mlp,rus,beta,0.5268,0.0063,-0.0062,0.2782,0.001,0.1934,0.0014,0.005,-0.0001,-0.0587,0.9939,0.0,1.0,0.5056,0.5231,0.0041,,
0.005,mlp,rus,intercept,0.5268,0.0063,0.0065,0.3498,0.0009,0.172,0.0013,0.005,0.0,0.0713,1.0066,0.0,1.0,0.47,0.5606,0.0044,,
0.005,mlp,rus,isotonic,0.5243,0.0056,0.0051,0.0746,0.0008,0.1559,0.0008,0.005,-0.0004,0.0657,1.0051,0.0,1.0,0.4062,0.6421,0.0061,,
0.005,mlp,rus,none,0.5268,0.0063,-5.326,0.3498,0.4951,98.9305,0.4951,0.2548,-50.1654,16.2353,0.01,0.5506,0.5063,1.0,0.0,0.0007,,
0.005,mlp,rus,platt,0.5437,0.0067,0.0073,8.677,0.0007,0.1311,0.0011,0.005,0.0001,0.0767,1.0073,0.0,1.0,0.399,0.6443,0.006,,
0.005,mlp,rus,prior,0.5268,0.0063,-0.0355,0.3498,0.001,0.2002,0.0014,0.005,-0.0001,-0.3629,0.9709,0.0,1.0,0.5506,0.5063,0.0088,,
0.005,mlp,smote,beta,0.5032,0.0052,0.0014,-3.8805,0.0013,0.2563,0.0005,0.005,-0.0018,0.0528,1.0014,0.0,1.0,0.2325,0.7881,0.0045,,
0.005,mlp,smote,intercept,0.5186,0.0056,-0.0611,0.0297,0.0082,1.6433,0.0088,0.0074,-0.4947,21.4127,0.9801,0.0037,0.9968,0.0561,0.9559,0.0048,,
0.005,mlp,smote,isotonic,0.5186,0.0054,0.0034,0.3032,0.0016,0.3245,0.0007,0.005,-0.0033,0.1062,1.0034,0.0,1.0,0.2476,0.7784,0.0061,,
0.005,mlp,smote,none,0.5178,0.0056,0.3799,0.0296,0.0076,1.5191,0.0081,0.007,-0.4048,22.527,1.2096,0.0019,0.9975,0.0487,0.9593,0.0041,,
0.005,mlp,smote,platt,0.5032,0.0052,0.0032,-3.9889,0.0013,0.2571,0.0005,0.005,-0.0,0.0346,1.0032,0.0,1.0,0.2232,0.7915,0.0033,,
0.005,mlp,smote,prior,0.5184,0.0054,5.5527,0.0405,0.0002,0.0437,0.0048,0.0051,-0.0224,86.7552,28.7675,0.0,0.9999,0.0019,0.9975,-0.0012,,
0.005,nb,adasyn,beta,0.5658,0.0075,0.0094,0.7705,0.0008,0.1651,0.0012,0.005,0.0002,0.1009,1.0095,0.0,1.0,0.3653,0.7065,0.0118,,
0.005,nb,adasyn,intercept,0.5656,0.0075,0.008,0.0786,0.0059,1.1796,0.0059,0.0052,-0.0474,1.3049,1.0076,0.0,1.0,0.268,0.8162,0.0151,,
0.005,nb,adasyn,isotonic,0.5593,0.0067,0.0075,0.5381,0.0017,0.3336,0.0009,0.005,-0.0002,0.0965,1.0075,0.0,1.0,0.44,0.6557,0.016,,
0.005,nb,adasyn,none,0.5658,0.0075,-3.6928,0.0679,0.0933,18.652,0.0932,0.0402,-7.0688,-19.1482,0.0521,0.0974,0.9532,0.7342,0.3277,0.0094,,
0.005,nb,adasyn,platt,0.5658,0.0075,0.0033,1.4012,0.0008,0.1615,0.0011,0.005,0.0002,0.0358,1.0034,0.0,1.0,0.6162,0.4666,0.0118,,
0.005,nb,adasyn,prior,0.5653,0.0075,1.5969,0.0895,0.0044,0.879,0.0042,0.005,-0.0051,18.3854,4.7271,0.0,1.0,0.0974,0.9532,0.0173,,
0.005,nb,none,beta,0.5932,0.0072,0.0037,1.0906,0.0007,0.1426,0.0012,0.005,0.0003,0.0414,1.0037,0.0,1.0,0.5487,0.5888,0.0197,,
0.005,nb,none,intercept,0.5932,0.0072,-0.0453,0.1599,0.0058,1.1669,0.0062,0.0059,-0.1804,4.152,0.9656,0.0,0.9989,0.2341,0.8483,0.0162,,
0.005,nb,none,isotonic,0.5837,0.0065,0.0033,0.572,0.0011,0.2169,0.0011,0.005,-0.0002,0.051,1.0034,0.0,1.0,0.4832,0.645,0.0193,,
0.005,nb,none,none,0.5932,0.0072,-0.7328,0.1599,0.0084,1.6722,0.0083,0.0066,-0.3221,-1.6722,0.552,0.0,0.9985,0.399,0.7454,0.0234,,
0.005,nb,none,platt,0.5932,0.0072,0.0029,1.0455,0.0007,0.1431,0.0012,0.005,0.0003,0.0344,1.003,0.0,1.0,0.5468,0.5896,0.0196,,
0.005,nb,ros,beta,0.5801,0.0074,0.0042,1.0029,0.0007,0.137,0.0011,0.005,0.0003,0.0467,1.0043,0.0,1.0,0.442,0.6765,0.0178,,
0.005,nb,ros,intercept,0.5798,0.0074,-0.0373,0.1027,0.0052,1.0458,0.0052,0.0052,-0.0512,0.8306,0.9665,0.0,0.9999,0.3316,0.7927,0.0216,,
0.005,nb,ros,isotonic,0.5814,0.0068,-0.0001,0.6058,0.0011,0.2161,0.0012,0.005,-0.0004,0.022,0.9999,0.0,1.0,0.5263,0.5647,0.0141,,
0.005,nb,ros,none,0.5801,0.0074,-5.9495,0.0962,0.3473,69.4131,0.3474,0.2118,-41.5295,59.0044,0.0142,0.4383,0.6851,0.9138,0.1031,0.0043,,
0.005,nb,ros,platt,0.5801,0.0074,0.0037,1.1905,0.0009,0.1791,0.0014,0.005,0.0003,0.039,1.0038,0.0,1.0,0.6462,0.4692,0.0164,,
0.005,nb,ros,prior,0.58,0.0074,-0.659,0.101,0.008,1.5933,0.008,0.0057,-0.1381,-5.0015,0.545,0.0,0.9997,0.4383,0.6851,0.0187,,
0.005,nb,rus,beta,0.5697,0.0079,0.0076,0.956,0.0007,0.146,0.0012,0.005,0.0004,0.0804,1.0077,0.0,1.0,0.47,0.6218,0.0137,,
0.005,nb,rus,intercept,0.5697,0.0079,-0.0072,0.1267,0.0058,1.1496,0.0062,0.0054,-0.0943,2.5435,0.9954,0.0,0.9997,0.2287,0.8363,0.0123,,
0.005,nb,rus,isotonic,0.5633,0.0066,0.0049,0.5863,0.0008,0.1533,0.0009,0.005,-0.0003,0.0691,1.005,0.0,1.0,0.4718,0.6252,0.0163,,
0.005,nb,rus,none,0.5697,0.0079,-7.1211,0.1257,0.4563,91.1937,0.4563,0.3102,-61.289,125.7022,0.0109,0.5524,0.5532,0.9888,0.0106,-0.0,,
0.005,nb,rus,platt,0.5697,0.0079,0.0078,1.101,0.0006,0.123,0.0012,0.005,0.0003,0.0819,1.0079,0.0,1.0,0.5355,0.5721,0.0154,,
0.005,nb,rus,prior,0.5697,0.0079,-1.8306,0.1257,0.0218,4.3468,0.0218,0.0107,-1.1478,-10.1484,0.2466,0.0168,0.9935,0.5524,0.5532,0.015,,
0.005,nb,smote,beta,0.5668,0.0075,0.0096,0.7418,0.0008,0.159,0.0012,0.005,0.0002,0.104,1.0096,0.0,1.0,0.3652,0.7172,0.0139,,
0.005,nb,smote,intercept,0.5667,0.0075,0.0078,0.0794,0.0059,1.185,0.0059,0.0052,-0.0479,1.3125,1.0074,0.0,1.0,0.2661,0.8171,0.0149,,
0.005,nb,smote,isotonic,0.561,0.0065,0.0077,0.5322,0.0016,0.328,0.0009,0.005,-0.0005,0.1036,1.0078,0.0,1.0,0.4251,0.6748,0.0168,,
0.005,nb,smote,none,0.5668,0.0075,-3.6885,0.0686,0.0929,18.5581,0.0927,0.04,-7.0371,-19.0384,0.0524,0.0974,0.9531,0.7379,0.3309,0.0104,,
0.005,nb,smote,platt,0.5668,0.0075,0.0051,1.4009,0.0008,0.1593,0.0012,0.005,0.0002,0.0542,1.0052,0.0,1.0,0.6069,0.4735,0.0114,,
0.005,nb,smote,prior,0.5665,0.0075,1.6019,0.0905,0.0044,0.8838,0.0042,0.005,-0.0051,18.4473,4.7436,0.0,1.0,0.0974,0.9531,0.0173,,
0.005,rf,adasyn,beta,0.5939,0.0075,0.0068,1.2767,0.0005,0.1095,0.0013,0.005,0.0005,0.0692,1.0068,0.0,1.0,0.6238,0.5155,0.0197,,
0.005,rf,adasyn,intercept,0.5939,0.0075,0.0047,0.3088,0.0022,0.4433,0.0026,0.005,-0.0026,0.1369,1.0048,0.0,1.0,0.5002,0.6506,0.0223,,
0.005,rf,adasyn,isotonic,0.5876,0.0066,0.0082,0.6206,0.0007,0.1308,0.0009,0.005,-0.0004,0.1059,1.0082,0.0,1.0,0.6387,0.4979,0.0201,,
0.005,rf,adasyn,none,0.5939,0.0075,-1.2707,0.3084,0.0128,2.555,0.0127,0.0054,-0.0841,-13.74,0.2884,0.0,1.0,0.8671,0.2066,0.0129,,
0.005,rf,adasyn,platt,0.5939,0.0075,0.005,1.263,0.0005,0.1087,0.0013,0.005,0.0005,0.0508,1.005,0.0,1.0,0.6201,0.517,0.0193,,
0.005,rf,adasyn,prior,0.5939,0.0075,4.0191,0.3113,0.0049,0.9769,0.0049,0.005,-0.0048,75.3234,55.1002,0.0,1.0,0.0,1.0,,,
0.005,rf,none,beta,0.5834,0.0077,0.006,0.9356,0.0007,0.1311,0.0012,0.005,0.0004,0.0619,1.006,0.0,1.0,0.6162,0.5059,0.0172,,
0.005,rf,none,intercept,0.5834,0.0077,0.0031,0.2376,0.0022,0.4443,0.0024,0.005,-0.0015,0.0981,1.0031,0.0,1.0,0.5057,0.636,0.0208,,
0.005,rf,none,isotonic,0.577,0.0067,0.0036,0.5759,0.0008,0.1622,0.0008,0.005,-0.0,0.0562,1.0037,0.0,1.0,0.5003,0.6188,0.0175,,
0.005,rf,none,none,0.5834,0.0077,-0.0186,0.2375,0.0023,0.4519,0.0025,0.005,-0.0017,-0.1243,0.9818,0.0,1.0,0.5113,0.6268,0.0201,,
0.005,rf,none,platt,0.5834,0.0077,0.0054,0.9344,0.0007,0.1307,0.0012,0.005,0.0004,0.056,1.0054,0.0,1.0,0.6143,0.5058,0.0169,,
0.005,rf,ros,beta,0.5866,0.0071,0.0062,0.8052,0.0007,0.137,0.0014,0.005,0.0003,0.0658,1.0063,0.0,1.0,0.6348,0.5093,0.0204,,
0.005,rf,ros,intercept,0.5866,0.0071,0.0065,0.223,0.0022,0.4452,0.0025,0.005,-0.0023,0.1446,1.0065,0.0,1.0,0.474,0.6458,0.0177,,
0.005,rf,ros,isotonic,0.5801,0.0064,0.0051,0.5044,0.001,0.2055,0.001,0.005,-0.0018,0.0995,1.0051,0.0,1.0,0.4685,0.6458,0.017,,
0.005,rf,ros,none,0.5866,0.0071,-2.0497,0.1969,0.0317,6.3315,0.0316,0.007,-0.4034,-24.4356,0.1371,0.0,1.0,0.9644,0.0649,0.0087,,
0.005,rf,ros,platt,0.5866,0.0071,0.007,0.819,0.0007,0.1385,0.0014,0.005,0.0003,0.0741,1.0071,0.0,1.0,0.6236,0.5145,0.0195,,
0.005,rf,ros,prior,0.5866,0.0071,3.2407,0.2731,0.0048,0.9547,0.0048,0.005,-0.0045,49.9622,25.3158,0.0,1.0,0.0,1.0,,,
0.005,rf,rus,beta,0.5817,0.0072,0.0021,0.8056,0.0005,0.1066,0.0014,0.005,0.0004,0.0248,1.0022,0.0,1.0,0.588,0.533,0.0171,,
0.005,rf,rus,intercept,0.5817,0.0072,0.0063,0.9507,0.0005,0.1029,0.0014,0.005,0.0004,0.0667,1.0064,0.0,1.0,0.5768,0.5522,0.0183,,
0.005,rf,rus,isotonic,0.5788,0.0066,0.0067,0.5681,0.0009,0.1816,0.0011,0.005,-0.0002,0.0884,1.0068,0.0,1.0,0.5023,0.6112,0.0173,,
0.005,rf,rus,none,0.5817,0.0072,-5.2945,0.9507,0.4829,96.5085,0.483,0.2445,-48.098,0.5563,0.0103,0.5806,0.543,1.0,0.0,,,
0.005,rf,rus,platt,0.5817,0.0072,0.0171,0.9347,0.0005,0.0922,0.0013,0.005,0.0004,0.1782,1.0172,0.0,1.0,0.5618,0.572,0.0191,,
0.005,rf,rus,prior,0.5817,0.0072,-0.004,0.9507,0.0005,0.1089,0.0014,0.005,0.0004,-0.0395,0.9963,0.0,1.0,0.5806,0.543,0.0175,,
0.005,rf,smote,beta,0.587,0.0074,0.0042,1.0235,0.0004,0.0877,0.0011,0.005,0.0004,0.0449,1.0043,0.0,1.0,0.6218,0.5207,0.0201,,
0.005,rf,smote,intercept,0.587,0.0074,0.0027,0.2743,0.0024,0.4868,0.0027,0.005,-0.0029,0.118,1.0028,0.0,1.0,0.4963,0.6498,0.0216,,
0.005,rf,smote,isotonic,0.5743,0.0063,0.0056,0.4184,0.0009,0.1884,0.0011,0.005,-0.0008,0.0856,1.0056,0.0,1.0,0.549,0.553,0.0146,,
0.005,rf,smote,none,0.587,0.0074,-1.2758,0.2739,0.0129,2.569,0.0128,0.0054,-0.0856,-13.7989,0.2869,0.0,1.0,0.869,0.206,0.0131,,
0.005,rf,smote,platt,0.587,0.0074,0.0055,1.0356,0.0004,0.0896,0.0011,0.005,0.0004,0.0577,1.0055,0.0,1.0,0.6105,0.5258,0.0193,,
0.005,rf,smote,prior,0.587,0.0074,4.0147,0.2786,0.0049,0.9741,0.0049,0.005,-0.0048,75.151,54.8526,0.0,1.0,0.0,1.0,,,
0.005,rf,weighted,beta,0.5865,0.007,0.0054,0.9084,0.0006,0.1184,0.0012,0.005,0.0004,0.0577,1.0055,0.0,1.0,0.5975,0.5175,0.0162,,
0.005,rf,weighted,intercept,0.5865,0.007,0.0079,0.2961,0.0017,0.3369,0.002,0.005,-0.001,0.1259,1.008,0.0,1.0,0.4945,0.6193,0.0165,,
0.005,rf,weighted,isotonic,0.5795,0.0065,0.008,0.3339,0.0009,0.1886,0.001,0.005,-0.0011,0.1169,1.0081,0.0,1.0,0.6123,0.515,0.0195,,
0.005,rf,weighted,none,0.5865,0.007,-2.0618,0.2755,0.0324,6.4667,0.0323,0.0067,-0.3507,-24.8896,0.1342,0.0,1.0,0.9757,0.0373,0.0049,,
0.005,rf,weighted,platt,0.5865,0.007,0.0077,0.8866,0.0006,0.1179,0.0012,0.005,0.0004,0.0817,1.0078,0.0,1.0,0.5919,0.5251,0.0165,,
0.005,rf,weighted,prior,0.5865,0.007,3.2286,0.3328,0.0048,0.9574,0.0048,0.005,-0.0046,49.6729,25.0496,0.0,1.0,0.0,1.0,,,
0.005,svm,adasyn,beta,0.4986,0.0051,-0.0036,0.5821,0.0012,0.2414,0.0004,0.005,-0.0,-0.0354,0.9965,0.0,1.0,0.7234,0.3004,0.0062,,
0.005,svm,adasyn,intercept,0.5217,0.0057,0.0536,0.0184,0.008,1.5955,0.0086,0.0071,-0.4257,17.9247,1.0314,0.0038,0.9971,0.045,0.9519,-0.0013,,
0.005,svm,adasyn,isotonic,0.5136,0.0053,0.0057,-0.6257,0.0016,0.324,0.0004,0.005,-0.0002,0.0644,1.0057,0.0,1.0,0.3223,0.7089,0.0043,,
0.005,svm,adasyn,none,0.5217,0.0057,3.2338,0.0184,0.0044,0.8859,0.0046,0.0053,-0.0579,44.0245,7.2923,0.0,0.9996,0.0112,0.9898,0.0005,,
0.005,svm,adasyn,platt,0.5008,0.0052,0.0043,0.1274,0.0013,0.2526,0.0004,0.005,-0.0,0.0452,1.0043,0.0,1.0,0.5809,0.4312,0.002,,
0.005,svm,adasyn,prior,0.497,0.0054,7.6362,-0.0975,0.0,0.0071,0.005,0.005,-0.0057,236.6792,408.2948,0.0,1.0,0.0,0.9996,-0.0013,,
0.005,svm,none,beta,0.5091,0.0057,0.0024,0.7707,0.0008,0.1618,0.0013,0.005,-0.0001,0.0262,1.0024,0.0,1.0,0.4719,0.5601,0.0046,,
0.005,svm,none,intercept,0.5091,0.0057,0.0056,0.7441,0.0008,0.1629,0.0013,0.005,-0.0001,0.0598,1.0057,0.0,1.0,0.4606,0.5714,0.0046,,
0.005,svm,none,isotonic,0.5022,0.0052,0.0071,0.0443,0.0016,0.3224,0.0009,0.005,-0.0006,0.0881,1.0071,0.0,1.0,0.3457,0.671,0.0019,,
0.005,svm,none,none,0.5091,0.0057,-0.0096,0.7441,0.0008,0.1647,0.0013,0.005,-0.0001,-0.0974,0.9906,0.0,1.0,0.5558,0.4569,0.0018,,
0.005,svm,none,platt,0.5091,0.0057,0.0026,0.7651,0.0008,0.162,0.0013,0.005,-0.0001,0.0283,1.0026,0.0,1.0,0.47,0.5614,0.0045,,
0.005,svm,ros,beta,0.5097,0.0056,0.002,1.9266,0.0014,0.2774,0.0008,0.005,0.0,0.0218,1.0021,0.0,1.0,0.6156,0.4333,0.0089,,
0.005,svm,ros,intercept,0.5242,0.0058,0.0603,0.0415,0.0077,1.542,0.0083,0.007,-0.4103,16.7689,1.0383,0.0038,0.9974,0.0638,0.9457,0.003,,
0.005,svm,ros,isotonic,0.5323,0.0055,0.0071,0.7609,0.0005,0.1017,0.0004,0.005,-0.0001,0.0788,1.0071,0.0,1.0,0.3788,0.6742,0.0084,,
0.005,svm,ros,none,0.5242,0.0058,3.4243,0.0415,0.0042,0.8472,0.0046,0.0053,-0.0552,47.195,8.5389,0.0,0.9997,0.0094,0.9908,-0.0,,
0.005,svm,ros,platt,0.5097,0.0056,0.0039,0.5161,0.0013,0.267,0.0007,0.005,0.0,0.0412,1.004,0.0,1.0,0.5016,0.5299,0.0048,,
0.005,svm,ros,prior,0.5099,0.0053,7.7246,-0.2386,0.0,0.007,0.005,0.005,-0.0052,251.0541,572.5347,0.0,1.0,0.0,0.9997,-0.0012,,
0.005,svm,rus,beta,0.5311,0.0055,0.0056,5.0936,0.0005,0.1081,0.0013,0.005,0.0,0.0589,1.0057,0.0,1.0,0.3971,0.6305,0.0049,,
0.005,svm,rus,intercept,0.5136,0.0053,0.0047,0.3385,0.0014,0.2859,0.002,0.005,-0.0008,0.0646,1.0047,0.0,1.0,0.4455,0.5707,0.0023,,
0.005,svm,rus,isotonic,0.5179,0.0053,0.004,0.2404,0.0008,0.1607,0.0008,0.005,-0.0005,0.054,1.004,0.0,1.0,0.6688,0.3739,0.0056,,
0.005,svm,rus,none,0.5136,0.0053,-5.3718,0.3385,0.4966,99.2283,0.4966,0.2607,-51.3417,33.5484,0.01,0.5763,0.457,1.0,0.0,,,
0.005,svm,rus,platt,0.5144,0.0053,0.0059,0.2355,0.0005,0.1052,0.0013,0.005,0.0,0.0616,1.0059,0.0,1.0,0.4609,0.5534,0.002,,
0.005,svm,rus,prior,0.5136,0.0053,-0.0813,0.3385,0.0015,0.2965,0.0021,0.005,-0.0011,-0.8236,0.9292,0.0,1.0,0.5763,0.457,0.0048,,
0.005,svm,smote,beta,0.4978,0.0051,-0.0036,0.5738,0.0004,0.0738,0.0004,0.005,-0.0,-0.036,0.9964,0.0,1.0,0.7252,0.3003,0.0066,,
0.005,svm,smote,intercept,0.5206,0.0057,0.0524,0.0182,0.0088,1.756,0.0086,0.0071,-0.4262,17.9268,1.0306,0.0038,0.9971,0.045,0.9519,-0.0013,,
0.005,svm,smote,isotonic,0.5149,0.0053,0.0057,-0.6265,0.0015,0.3085,0.0005,0.005,-0.0002,0.0643,1.0057,0.0,1.0,0.3261,0.7085,0.0047,,
0.005,svm,smote,none,0.5206,0.0057,3.2406,0.0182,0.0053,1.0535,0.0046,0.0053,-0.058,44.137,7.3173,0.0,0.9996,0.0112,0.9898,0.0005,,
0.005,svm,smote,platt,0.5009,0.0052,0.0062,0.1776,0.0006,0.1151,0.0005,0.005,-0.0,0.0652,1.0063,0.0,1.0,0.5734,0.4367,0.0018,,
0.005,svm,smote,prior,0.498,0.0054,7.6387,-0.0978,0.0,0.0071,0.005,0.005,-0.0057,236.6424,412.1386,0.0,1.0,0.0,0.9996,-0.0013,,
0.005,svm,weighted,beta,0.4914,0.0051,0.0016,-1.5523,0.0009,0.1809,0.0017,0.005,-0.0001,0.0188,1.0017,0.0,1.0,0.4494,0.5646,0.0021,,
0.005,svm,weighted,intercept,0.4914,0.0051,0.0063,-1.4937,0.0009,0.1828,0.0017,0.005,-0.0001,0.0668,1.0063,0.0,1.0,0.4363,0.5863,0.0034,,
0.005,svm,weighted,isotonic,0.4972,0.0051,0.0079,0.0353,0.0016,0.3196,0.0006,0.005,-0.0005,0.0922,1.0079,0.0,1.0,0.3679,0.6268,-0.0019,,
0.005,svm,weighted,none,0.4914,0.0051,-0.0092,-1.4937,0.0009,0.1832,0.0017,0.005,-0.0001,-0.0931,0.9909,0.0,1.0,0.5223,0.4717,-0.0009,,
0.005,svm,weighted,platt,0.4914,0.0051,0.0019,-1.5433,0.0009,0.1812,0.0017,0.005,-0.0001,0.0218,1.002,0.0,1.0,0.4494,0.5665,0.0024,,
0.005,svm,weighted,prior,0.4914,0.0051,5.2813,-1.4937,0.0049,0.9696,0.005,0.005,-0.005,143.8073,195.628,0.0,1.0,0.0,1.0,,,
0.005,xgb,adasyn,beta,0.5698,0.0066,0.0063,1.0607,0.0006,0.1256,0.0012,0.005,0.0002,0.0689,1.0064,0.0,1.0,0.5207,0.5691,0.0128,,
0.005,xgb,adasyn,intercept,0.5698,0.0066,0.0039,0.2432,0.0028,0.5675,0.003,0.005,-0.0048,0.1657,1.004,0.0,1.0,0.4178,0.6818,0.015,,
0.005,xgb,adasyn,isotonic,0.5681,0.0061,0.008,0.4696,0.0009,0.1809,0.001,0.005,-0.001,0.1132,1.0081,0.0,1.0,0.5093,0.5864,0.0146,,
0.005,xgb,adasyn,none,0.5698,0.0066,-0.6603,0.2432,0.0056,1.1291,0.0059,0.0051,-0.025,-6.7227,0.5232,0.0,1.0,0.6593,0.4284,0.0125,,
0.005,xgb,adasyn,platt,0.5698,0.0066,0.0088,1.0949,0.0006,0.1262,0.0013,0.005,0.0002,0.0938,1.0088,0.0,1.0,0.5207,0.5719,0.0132,,
0.005,xgb,adasyn,prior,0.5698,0.0066,4.6295,0.2432,0.0049,0.9794,0.005,0.005,-0.0049,103.0109,101.3785,0.0,1.0,0.0,1.0,,,
0.005,xgb,none,beta,0.5859,0.008,0.0056,1.0618,0.0004,0.0862,0.001,0.005,0.0005,0.0582,1.0056,0.0,1.0,0.5395,0.5761,0.0165,,
0.005,xgb,none,intercept,0.5859,0.008,0.0014,0.2749,0.0032,0.6366,0.0034,0.005,-0.0096,0.273,1.0014,0.0,1.0,0.3898,0.722,0.0175,,
0.005,xgb,none,isotonic,0.5787,0.0067,0.0028,0.542,0.001,0.2054,0.001,0.005,-0.0034,0.116,1.0028,0.0,1.0,0.4724,0.6413,0.0177,,
0.005,xgb,none,none,0.5859,0.008,0.0853,0.2749,0.0031,0.6171,0.0032,0.005,-0.008,1.1211,1.0877,0.0,1.0,0.3766,0.7477,0.0202,,
0.005,xgb,none,platt,0.5859,0.008,0.0053,1.0513,0.0004,0.0848,0.001,0.005,0.0005,0.055,1.0053,0.0,1.0,0.5395,0.5774,0.0167,,
0.005,xgb,ros,beta,0.5435,0.0071,0.0052,0.672,0.0007,0.1483,0.0013,0.005,-0.0,0.0584,1.0052,0.0,1.0,0.4159,0.633,0.0072,,
0.005,xgb,ros,intercept,0.5435,0.0071,-0.0037,0.1122,0.0038,0.7563,0.0038,0.005,-0.007,0.1337,0.9964,0.0,1.0,0.3746,0.6771,0.0078,,
0.005,xgb,ros,isotonic,0.5386,0.0063,-0.0075,0.388,0.001,0.1928,0.001,0.005,-0.0141,0.2663,0.9929,0.0019,0.9999,0.4757,0.5856,0.0093,,
0.005,xgb,ros,none,0.5435,0.0071,-4.2469,0.1122,0.2023,40.4387,0.2023,0.0753,-14.1206,-45.4228,0.0242,0.0899,0.9239,0.985,0.0154,-0.0005,,
0.005,xgb,ros,platt,0.5435,0.0071,0.0006,0.7884,0.0006,0.1294,0.0013,0.005,0.0,0.0091,1.0006,0.0,1.0,0.5542,0.5124,0.0094,,
0.005,xgb,ros,prior,0.5435,0.0071,1.0436,0.1122,0.0036,0.7113,0.0035,0.005,-0.0025,11.3085,2.8183,0.0,1.0,0.0899,0.9239,0.0037,,
0.005,xgb,rus,beta,0.5701,0.0078,0.0118,0.9468,0.0007,0.1386,0.0013,0.005,0.0004,0.1224,1.0119,0.0,1.0,0.5168,0.5745,0.0135,,
0.005,xgb,rus,intercept,0.5701,0.0078,0.0121,0.1822,0.0041,0.828,0.0042,0.005,-0.0139,0.4826,1.0121,0.0,1.0,0.339,0.7467,0.0139,,
0.005,xgb,rus,isotonic,0.5617,0.0071,0.0065,0.5202,0.0009,0.188,0.001,0.005,0.0002,0.085,1.0066,0.0,1.0,0.5617,0.5203,0.0128,,
0.005,xgb,rus,none,0.5701,0.0078,-6.1055,0.1822,0.4657,93.0512,0.4657,0.2925,-57.7485,90.7311,0.0106,0.5542,0.5417,1.0,0.0001,0.0008,,
0.005,xgb,rus,platt,0.5701,0.0078,-0.0003,1.1528,0.0007,0.1318,0.0013,0.005,0.0004,-0.0036,0.9997,0.0,1.0,0.5448,0.549,0.0133,,
0.005,xgb,rus,prior,0.5701,0.0078,-0.815,0.1822,0.0084,1.6795,0.0085,0.0054,-0.0863,-7.9192,0.46,0.0,1.0,0.5542,0.5417,0.0136,,
0.005,xgb,smote,beta,0.5733,0.0067,0.005,1.236,0.0006,0.1219,0.0011,0.005,0.0002,0.0555,1.0051,0.0,1.0,0.5189,0.5687,0.0125,,
0.005,xgb,smote,intercept,0.5733,0.0067,0.0048,0.2595,0.0028,0.5607,0.003,0.005,-0.0047,0.1745,1.0049,0.0,1.0,0.414,0.682,0.0145,,
0.005,xgb,smote,isotonic,0.5687,0.0062,0.0053,0.4998,0.001,0.2016,0.0012,0.005,-0.0024,0.1151,1.0054,0.0,1.0,0.4774,0.606,0.0129,,
0.005,xgb,smote,none,0.5733,0.0067,-0.6246,0.2595,0.0053,1.0643,0.0054,0.0051,-0.0227,-6.3431,0.5417,0.0,1.0,0.6611,0.4411,0.0146,,
0.005,xgb,smote,platt,0.5733,0.0067,0.0085,1.2668,0.0006,0.1213,0.0011,0.005,0.0002,0.0901,1.0085,0.0,1.0,0.5189,0.5711,0.0128,,
0.005,xgb,smote,prior,0.5733,0.0067,4.6659,0.2595,0.0049,0.9782,0.005,0.005,-0.0049,104.9355,105.13,0.0,1.0,0.0,1.0,,,
0.005,xgb,weighted,beta,0.5674,0.0069,0.0123,0.975,0.0005,0.0992,0.0011,0.005,0.0002,0.1297,1.0124,0.0,1.0,0.4777,0.6444,0.0181,,
0.005,xgb,weighted,intercept,0.5674,0.0069,0.0053,0.1642,0.0039,0.7826,0.004,0.005,-0.0102,0.3144,1.0054,0.0,1.0,0.3671,0.7202,0.0137,,
0.005,xgb,weighted,isotonic,0.5605,0.006,0.0095,0.4675,0.0009,0.1773,0.0008,0.005,-0.0038,0.1861,1.0095,0.0,1.0,0.5134,0.5609,0.0108,,
0.005,xgb,weighted,none,0.5674,0.0069,-3.9822,0.1642,0.1577,31.5139,0.1577,0.0558,-10.2131,-41.2039,0.0308,0.088,0.9453,0.9831,0.0249,0.0036,,
0.005,xgb,weighted,platt,0.5674,0.0069,0.0012,1.0401,0.0004,0.0857,0.001,0.005,0.0003,0.0137,1.0013,0.0,1.0,0.5637,0.5348,0.0139,,
0.005,xgb,weighted,prior,0.5674,0.0069,1.3083,0.1642,0.0038,0.7626,0.0037,0.005,-0.0028,14.5089,3.6528,0.0,1.0,0.088,0.9453,0.01,,
0.01,cart,adasyn,beta,0.519,0.0118,0.0041,0.4751,0.0013,0.129,0.0022,0.0099,-0.0,0.0643,1.0041,0.0,1.0,0.3674,0.673,0.0087,,
0.01,cart,adasyn,intercept,0.519,0.0118,-0.0275,0.0296,0.0131,1.3082,0.0124,0.0112,-0.1287,4.3753,0.978,0.0028,0.9987,0.2028,0.8191,0.0061,,
0.01,cart,adasyn,isotonic,0.5328,0.012,0.0047,0.4938,0.0013,0.1291,0.0013,0.0099,0.0003,0.0802,1.0046,0.0,1.0,0.3805,0.6576,0.0093,,
0.01,cart,adasyn,none,0.519,0.0118,-2.6991,0.0215,0.0758,7.5608,0.0759,0.0357,-2.5967,-17.873,0.1232,0.0577,0.9578,0.6995,0.3171,0.0036,,
0.01,cart,adasyn,platt,0.5083,0.011,0.0034,-0.2395,0.0013,0.1284,0.002,0.0099,0.0,0.0512,1.0033,0.0,1.0,0.4986,0.4999,-0.0006,,
0.01,cart,adasyn,prior,0.519,0.0118,1.899,0.0384,0.0092,0.918,0.0091,0.0103,-0.0366,33.639,5.1518,0.0019,0.9997,0.0577,0.958,0.0085,,
0.01,cart,none,beta,0.4814,0.0105,-0.0039,-0.0144,0.0019,0.192,0.0029,0.0099,0.0,-0.0572,0.9961,0.0,1.0,0.9014,0.1188,0.0121,,
0.01,cart,none,intercept,0.5401,0.0124,0.0048,-0.0253,0.0064,0.6336,0.0063,0.0102,-0.028,1.0926,1.0046,0.0,1.0,0.3805,0.6932,0.0159,,
0.01,cart,none,isotonic,0.5535,0.012,0.0041,0.7374,0.0011,0.1067,0.0008,0.0099,0.0002,0.0782,1.0041,0.0,1.0,0.4316,0.6491,0.0172,,
0.01,cart,none,none,0.5401,0.0124,-0.0096,-0.0253,0.0064,0.637,0.0064,0.0102,-0.0287,0.8944,0.9911,0.0,1.0,0.3805,0.6932,0.0159,,
0.01,cart,none,platt,0.4814,0.0105,0.0049,3.1394,0.0024,0.2406,0.0027,0.0099,0.0,0.0738,1.0049,0.0,1.0,0.2353,0.7944,0.0105,,
0.01,cart,ros,beta,0.5251,0.0118,0.0026,1.6376,0.0011,0.1131,0.0012,0.0099,-0.0018,0.1067,1.0026,0.0,1.0,0.4837,0.5725,0.0116,,
0.01,cart,ros,intercept,0.5251,0.0118,-0.0082,0.0061,0.0089,0.8877,0.0087,0.0105,-0.0537,1.7129,0.9925,0.0019,0.9996,0.4158,0.6538,0.0149,,
0.01,cart,ros,isotonic,0.5336,0.0113,0.0043,0.8124,0.0037,0.3732,0.0005,0.0099,0.0001,0.0757,1.0042,0.0,1.0,0.3051,0.7569,0.0147,,
0.01,cart,ros,none,0.5251,0.0118,-4.6082,0.0024,0.3202,31.9413,0.3132,0.1915,-18.2998,70.7334,0.0312,0.4158,0.6538,0.6409,0.3563,-0.0007,,
0.01,cart,ros,platt,0.496,0.0108,0.0047,-3.6113,0.0016,0.1594,0.0017,0.0099,-0.0001,0.0714,1.0047,0.0,1.0,0.4409,0.5686,0.002,,
0.01,cart,ros,prior,0.5251,0.0118,-0.0108,0.0061,0.0089,0.8894,0.0087,0.0105,-0.0539,1.6767,0.9905,0.0009,0.9996,0.4158,0.6538,0.0149,,
0.01,cart,rus,beta,0.5504,0.0124,0.0094,1.4459,0.0008,0.0843,0.0019,0.0099,0.0004,0.1372,1.0093,0.0,1.0,0.534,0.5202,0.0109,,
0.01,cart,rus,intercept,0.5504,0.0124,-0.0034,0.1667,0.0067,0.6718,0.0068,0.01,-0.0093,0.2929,0.9968,0.0,1.0,0.3935,0.673,0.0141,,
0.01,cart,rus,isotonic,0.558,0.0123,0.0027,0.9138,0.0011,0.1056,0.0012,0.0099,0.0007,0.0424,1.0027,0.0,1.0,0.6484,0.4306,0.0167,,
0.01,cart,rus,none,0.5504,0.0124,-5.0015,0.1667,0.4645,46.3383,0.4645,0.2739,-26.5981,63.0857,0.0211,0.4856,0.5727,1.0,0.0,,,
0.01,cart,rus,platt,0.5504,0.0124,-0.0038,1.5176,0.0008,0.0794,0.0019,0.0099,0.0003,-0.0546,0.9963,0.0,1.0,0.5302,0.52,0.01,,
0.01,cart,rus,prior,0.5504,0.0124,-0.4041,0.1667,0.0092,0.9199,0.0095,0.0102,-0.0272,-5.4513,0.6783,0.0,1.0,0.4856,0.5727,0.0119,,
0.01,cart,smote,beta,0.5263,0.0112,0.0022,0.4395,0.0013,0.1259,0.0023,0.0099,-0.0003,0.0459,1.0022,0.0,1.0,0.2493,0.7905,0.0086,,
0.01,cart,smote,intercept,0.5263,0.0112,-0.0282,0.0418,0.013,1.2923,0.0126,0.0112,-0.1323,4.4978,0.9763,0.0009,0.9994,0.2065,0.8297,0.0086,,
0.01,cart,smote,isotonic,0.5378,0.0113,0.0029,0.4926,0.0011,0.1081,0.0008,0.0099,-0.0005,0.0683,1.0028,0.0,1.0,0.4093,0.6632,0.0155,,
0.01,cart,smote,none,0.5263,0.0112,-2.6975,0.0361,0.0732,7.2992,0.073,0.0346,-2.4848,-17.8351,0.1261,0.0335,0.9727,0.7386,0.2959,0.0067,,
0.01,cart,smote,platt,0.516,0.011,0.0036,0.9315,0.001,0.1045,0.0022,0.0099,0.0001,0.0534,1.0035,0.0,1.0,0.4707,0.5535,0.0046,,
0.01,cart,smote,prior,0.5263,0.0112,1.8999,0.047,0.009,0.8934,0.0091,0.0102,-0.0324,33.415,5.3732,0.0,0.9998,0.0335,0.9727,0.0027,,
0.01,cart,weighted,beta,0.5348,0.0125,0.0071,1.1148,0.0012,0.1224,0.0016,0.0099,0.0003,0.1083,1.0071,0.0,1.0,0.4614,0.5968,0.0121,,
0.01,cart,weighted,intercept,0.5348,0.0125,-0.0021,0.0113,0.0084,0.8385,0.0084,0.0101,-0.021,0.7303,0.998,0.0,1.0,0.3991,0.6602,0.0132,,
0.01,cart,weighted,isotonic,0.5395,0.0118,0.0044,0.8033,0.0065,0.646,0.0006,0.0099,0.0003,0.082,1.0043,0.0,1.0,0.2977,0.7844,0.0199,,
0.01,cart,weighted,none,0.5348,0.0125,-4.5876,0.0059,0.325,32.4236,0.3183,0.1932,-18.4694,67.3744,0.0306,0.3991,0.6602,0.6521,0.3547,0.0014,,
0.01,cart,weighted,platt,0.4962,0.0111,0.0058,-0.3902,0.0018,0.1779,0.0019,0.0099,-0.0,0.0873,1.0058,0.0,1.0,0.4744,0.5307,0.001,,
0.01,cart,weighted,prior,0.5348,0.0125,0.0098,0.0114,0.0083,0.8302,0.0083,0.0101,-0.0206,0.898,1.0097,0.0,1.0,0.3991,0.6602,0.0132,,
0.01,knn,adasyn,beta,0.56,0.0124,0.004,0.9273,0.0012,0.1156,0.0022,0.0099,0.0002,0.061,1.004,0.0,1.0,0.6623,0.4145,0.0161,,
0.01,knn,adasyn,intercept,0.5582,0.0123,-0.0124,0.0595,0.0183,1.83,0.0175,0.0167,-0.6805,98.2788,0.9997,0.0205,0.9854,0.0205,0.9854,0.0049,,
0.01,knn,adasyn,isotonic,0.5588,0.012,0.0044,0.7377,0.001,0.0954,0.0014,0.0099,0.0003,0.07,1.0043,0.0,1.0,0.547,0.548,0.0194,,
0.01,knn,adasyn,none,0.56,0.0124,-13.0364,0.0414,0.5046,50.3395,0.5039,0.3535,-34.6274,165.5844,0.0195,0.6363,0.4453,0.9405,0.0918,0.0113,,
0.01,knn,adasyn,platt,0.56,0.0124,0.0083,0.9623,0.0011,0.112,0.0021,0.0099,0.0003,0.1221,1.0083,0.0,1.0,0.6893,0.3927,0.0168,,
0.01,knn,adasyn,prior,0.56,0.0124,-8.4382,0.0517,0.0391,3.8972,0.0391,0.0274,-1.763,1.2072,0.2232,0.0205,0.9854,0.6288,0.4571,0.0172,,
0.01,knn,none,beta,0.5394,0.0123,0.004,1.0547,0.0009,0.0927,0.0006,0.0099,0.0002,0.0584,1.004,0.0,1.0,0.4242,0.6414,0.0136,,
0.01,knn,none,intercept,0.5394,0.0123,0.003,0.0285,0.0115,1.1481,0.0051,0.0101,-0.0173,0.689,1.003,0.0,1.0,0.4242,0.6414,0.0136,,
0.01,knn,none,isotonic,0.536,0.0116,0.0045,0.8662,0.0005,0.0536,0.0003,0.0099,0.0001,0.073,1.0044,0.0,1.0,0.3563,0.699,0.0126,,
0.01,knn,none,none,0.5394,0.0123,0.0986,0.0285,0.0106,1.0622,0.0054,0.0101,-0.014,2.0327,1.1029,0.0,1.0,0.4242,0.6414,0.0136,,
0.01,knn,none,platt,0.5394,0.0123,0.0041,1.0486,0.0009,0.0931,0.0006,0.0099,0.0002,0.0595,1.004,0.0,1.0,0.4242,0.6414,0.0136,,
0.01,knn,ros,beta,0.5368,0.0115,0.004,0.9511,0.0006,0.0614,0.0007,0.0099,0.0001,0.0597,1.004,0.0,1.0,0.4242,0.6414,0.0136,,
0.01,knn,ros,intercept,0.5368,0.0115,0.5015,0.0363,0.0174,1.7328,0.0167,0.0186,-0.8695,102.2222,1.0458,0.0112,0.9912,0.0428,0.9736,0.0088,,
0.01,knn,ros,isotonic,0.5342,0.011,0.005,0.7833,0.0023,0.2337,0.0008,0.0099,0.0001,0.0788,1.005,0.0,1.0,0.3274,0.7354,0.0144,,
0.01,knn,ros,none,0.5368,0.0115,-7.1604,0.0195,0.1996,19.9138,0.1905,0.1441,-13.5243,113.6104,0.0508,0.254,0.7917,0.4242,0.6414,0.0136,,
0.01,knn,ros,platt,0.5368,0.0115,0.006,1.1293,0.0006,0.0567,0.0007,0.0099,0.0002,0.0881,1.006,0.0,1.0,0.4242,0.6414,0.0136,,
0.01,knn,ros,prior,0.5368,0.0115,-2.563,0.0277,0.0252,2.5146,0.0252,0.0201,-1.0249,16.7301,0.4661,0.0112,0.9912,0.254,0.7917,0.0112,,
0.01,knn,rus,beta,0.5689,0.0133,0.0019,0.8483,0.0011,0.1052,0.0017,0.0099,0.0006,0.0316,1.0019,0.0,1.0,0.5795,0.5207,0.02,,
0.01,knn,rus,intercept,0.5689,0.0133,0.0018,0.7137,0.0011,0.106,0.0017,0.0099,0.0006,0.0372,1.0018,0.0,1.0,0.5563,0.5552,0.0224,,
0.01,knn,rus,isotonic,0.5602,0.0124,0.0018,0.5787,0.0016,0.1613,0.0019,0.0099,0.0001,0.05,1.0018,0.0,1.0,0.4772,0.6143,0.0199,,
0.01,knn,rus,none,0.5689,0.0133,-4.5265,0.7137,0.4596,45.8569,0.4597,0.2278,-21.9584,-24.7561,0.0214,0.4781,0.6135,1.0,0.0,,,
0.01,knn,rus,platt,0.5689,0.0133,0.0016,0.8831,0.001,0.1018,0.0017,0.0099,0.0007,0.0265,1.0016,0.0,1.0,0.5563,0.5552,0.0224,,
0.01,knn,rus,prior,0.5689,0.0133,0.0709,0.7137,0.0013,0.1336,0.002,0.0099,0.0005,1.045,1.075,0.0,1.0,0.4781,0.6135,0.0191,,
0.01,knn,smote,beta,0.5592,0.0124,0.0053,0.9233,0.0011,0.1118,0.002,0.0099,0.0002,0.0799,1.0052,0.0,1.0,0.6316,0.4379,0.0146,,
0.01,knn,smote,intercept,0.5566,0.0122,-0.0171,0.0587,0.0184,1.8326,0.0176,0.0168,-0.6891,96.8788,0.9985,0.0205,0.9855,0.0205,0.9855,0.005,,
0.01,knn,smote,isotonic,0.5546,0.0119,0.0042,0.7367,0.001,0.0988,0.0012,0.0099,0.0003,0.0685,1.0042,0.0,1.0,0.5777,0.4934,0.0145,,
0.01,knn,smote,none,0.5592,0.0124,-13.0069,0.0419,0.5042,50.2991,0.5035,0.353,-34.5779,165.1724,0.0195,0.6465,0.4467,0.9414,0.0917,0.0116,,
0.01,knn,smote,platt,0.5592,0.0124,0.0073,0.9637,0.0011,0.1104,0.0021,0.0099,0.0003,0.1076,1.0073,0.0,1.0,0.6893,0.3894,0.0161,,
0.01,knn,smote,prior,0.5592,0.0124,-8.4095,0.052,0.0389,3.8812,0.0391,0.0273,-1.7477,1.0943,0.2243,0.0205,0.9855,0.6465,0.4467,0.0187,,
0.01,lr,adasyn,beta,0.5762,0.0166,0.0053,1.0623,0.0011,0.1095,0.0019,0.0099,0.0011,0.0912,1.0052,0.0,1.0,0.453,0.6584,0.0234,,
0.01,lr,adasyn,intercept,0.5762,0.0166,-0.0014,0.1884,0.0072,0.7204,0.0074,0.0102,-0.0286,1.1564,0.9987,0.0,0.9999,0.387,0.7352,0.0276,,
0.01,lr,adasyn,isotonic,0.5665,0.0142,0.0006,0.5889,0.0016,0.1636,0.0016,0.0099,-0.0025,0.1409,1.0006,0.0,1.0,0.3423,0.7557,0.0238,,
0.01,lr,adasyn,none,0.5762,0.0166,-4.7636,0.1882,0.3693,36.8394,0.3692,0.2025,-19.4032,20.8651,0.0264,0.4363,0.6857,0.9814,0.032,0.0076,,
0.01,lr,adasyn,platt,0.5762,0.0166,0.0033,1.0366,0.0015,0.1494,0.0023,0.0099,0.0009,0.0509,1.0033,0.0,1.0,0.5888,0.5137,0.0205,,
0.01,lr,adasyn,prior,0.5762,0.0166,-0.1654,0.1883,0.008,0.7972,0.0082,0.0103,-0.0393,-1.0771,0.8558,0.0,0.9998,0.4363,0.686,0.0263,,
0.01,lr,none,beta,0.5982,0.0181,0.0003,1.0623,0.0009,0.0928,0.0017,0.0099,0.0018,0.0023,1.0003,0.0,1.0,0.5553,0.5837,0.0281,,
0.01,lr,none,intercept,0.5982,0.0181,-0.0024,0.4693,0.0036,0.3587,0.0039,0.0099,-0.0023,0.1871,0.9977,0.0,1.0,0.4726,0.6748,0.0313,,
0.01,lr,none,isotonic,0.5904,0.0157,0.0015,0.7505,0.0012,0.1219,0.0014,0.0099,0.0013,0.0692,1.0015,0.0,1.0,0.3833,0.7387,0.0287,,
0.01,lr,none,none,0.5982,0.0181,0.0051,0.4693,0.0036,0.3577,0.0039,0.0099,-0.0022,0.2952,1.0051,0.0,1.0,0.4688,0.6782,0.0313,,
0.01,lr,none,platt,0.5982,0.0181,0.0013,1.0654,0.0009,0.0917,0.0016,0.0099,0.0018,0.0178,1.0013,0.0,1.0,0.5544,0.5869,0.0286,,
0.01,lr,ros,beta,0.5848,0.017,0.0013,0.9824,0.001,0.0995,0.002,0.0099,0.0013,0.039,1.0013,0.0,1.0,0.4707,0.6607,0.0276,,
0.01,lr,ros,intercept,0.5848,0.017,-0.0051,0.2192,0.0061,0.6037,0.0062,0.0101,-0.0175,0.6984,0.9952,0.0,0.9999,0.4065,0.715,0.0267,,
0.01,lr,ros,isotonic,0.5747,0.0148,-0.0007,0.6113,0.0016,0.1638,0.0016,0.01,-0.0029,0.1506,0.9995,0.0,1.0,0.3377,0.7763,0.0274,,
0.01,lr,ros,none,0.5848,0.017,-4.6973,0.2191,0.3852,38.4277,0.3852,0.2062,-19.7774,14.5909,0.0254,0.4456,0.6822,0.9842,0.0276,0.0066,,
0.01,lr,ros,platt,0.5848,0.017,0.002,0.9154,0.0015,0.151,0.0022,0.0099,0.0011,0.0317,1.0019,0.0,1.0,0.5879,0.5227,0.0221,,
0.01,lr,ros,prior,0.5848,0.017,-0.0999,0.2192,0.0064,0.639,0.0066,0.0101,-0.0218,-0.62,0.9093,0.0,0.9999,0.4456,0.6822,0.0273,,
0.01,lr,rus,beta,0.5771,0.0143,0.0048,1.0631,0.0014,0.1427,0.002,0.0099,0.0007,0.0752,1.0048,0.0,1.0,0.5107,0.5884,0.0202,,
0.01,lr,rus,intercept,0.5771,0.0143,0.001,0.2326,0.0074,0.7411,0.0077,0.0103,-0.0374,1.3843,1.0013,0.0009,0.9998,0.346,0.7484,0.0217,,
0.01,lr,rus,isotonic,0.576,0.0132,0.0037,0.6972,0.0015,0.1459,0.002,0.0099,0.0004,0.0743,1.0036,0.0,1.0,0.4986,0.5968,0.0197,,
0.01,lr,rus,none,0.5771,0.0143,-5.1737,0.2326,0.4567,45.568,0.4568,0.2699,-26.1997,62.0381,0.0215,0.5386,0.5707,1.0,0.0001,0.0012,,
0.01,lr,rus,platt,0.5771,0.0143,-0.0032,1.1419,0.0013,0.1289,0.0019,0.0099,0.0006,-0.0414,0.9968,0.0,1.0,0.5488,0.5603,0.0219,,
0.01,lr,rus,prior,0.5771,0.0143,-0.5763,0.2326,0.0111,1.1047,0.0112,0.0109,-0.0951,-6.4806,0.5852,0.0019,0.9995,0.5386,0.5707,0.022,,
0.01,lr,smote,beta,0.576,0.0166,0.005,1.0365,0.0011,0.1109,0.0019,0.0099,0.0011,0.0868,1.0049,0.0,1.0,0.4558,0.6593,0.0242,,
0.01,lr,smote,intercept,0.576,0.0166,-0.0002,0.1896,0.0073,0.7264,0.0072,0.0102,-0.0288,1.1829,0.9998,0.0,0.9999,0.3805,0.7364,0.0265,,
0.01,lr,smote,isotonic,0.5621,0.0142,0.0007,0.6013,0.0015,0.1474,0.0015,0.01,-0.0032,0.1652,1.0008,0.0,1.0,0.3181,0.7743,0.0229,,
0.01,lr,smote,none,0.576,0.0166,-4.7609,0.1896,0.3677,36.6868,0.3677,0.2015,-19.3031,20.3745,0.0265,0.4372,0.6886,0.9823,0.0306,0.0075,,
0.01,lr,smote,platt,0.576,0.0166,0.0034,1.0118,0.0015,0.148,0.0023,0.0099,0.0009,0.0524,1.0033,0.0,1.0,0.5786,0.5162,0.0189,,
0.01,lr,smote,prior,0.576,0.0166,-0.1635,0.1896,0.008,0.8011,0.0081,0.0103,-0.0395,-1.0394,0.8574,0.0,0.9999,0.4372,0.6886,0.0271,,
0.01,lr,weighted,beta,0.5853,0.0172,-0.0003,0.9835,0.001,0.0974,0.0016,0.0099,0.0014,0.0101,0.9997,0.0,1.0,0.4707,0.6572,0.0268,,
0.01,lr,weighted,intercept,0.5853,0.0172,-0.0047,0.2501,0.0059,0.5888,0.0059,0.0101,-0.0157,0.643,0.9956,0.0,1.0,0.4195,0.7124,0.029,,
0.01,lr,weighted,isotonic,0.5789,0.0152,0.001,0.7051,0.0017,0.1687,0.0017,0.0099,0.0005,0.0762,1.001,0.0,1.0,0.3767,0.7413,0.0278,,
0.01,lr,weighted,none,0.5853,0.0172,-4.6896,0.2501,0.3876,38.6707,0.3877,0.2065,-19.8125,12.9182,0.0252,0.4474,0.6817,0.9907,0.0137,0.0034,,
0.01,lr,weighted,platt,0.5853,0.0172,0.0015,0.9419,0.0014,0.1406,0.0018,0.0099,0.0012,0.0241,1.0015,0.0,1.0,0.5833,0.5359,0.0238,,
0.01,lr,weighted,prior,0.5853,0.0172,-0.0921,0.2501,0.0062,0.6213,0.0062,0.0101,-0.0194,-0.5775,0.9159,0.0,0.9999,0.4474,0.6817,0.0276,,
0.01,mlp,adasyn,beta,0.5282,0.0125,0.0057,0.6483,0.0023,0.2287,0.0007,0.0099,-0.0002,0.0947,1.0056,0.0,1.0,0.2437,0.7893,0.0084,,
0.01,mlp,adasyn,intercept,0.5282,0.0125,0.0614,0.0413,0.0162,1.619,0.0169,0.0157,-0.5796,45.4682,1.0262,0.014,0.9922,0.0595,0.958,0.0088,,
0.01,mlp,adasyn,isotonic,0.5317,0.0113,0.0034,0.438,0.0019,0.19,0.0009,0.0099,-0.0017,0.11,1.0033,0.0,1.0,0.3126,0.7342,0.0107,,
0.01,mlp,adasyn,none,0.5282,0.0125,1.1586,0.0415,0.0132,1.3158,0.0136,0.0135,-0.365,49.4713,1.5841,0.0102,0.9953,0.0409,0.9699,0.0065,,
0.01,mlp,adasyn,platt,0.5282,0.0125,0.0051,0.8087,0.0024,0.2349,0.0007,0.0099,0.0002,0.0769,1.0051,0.0,1.0,0.2521,0.7829,0.0088,,
0.01,mlp,adasyn,prior,0.5204,0.0121,5.6845,0.0639,0.0008,0.0831,0.0092,0.0104,-0.0518,111.2051,12.1003,0.0009,0.9994,0.0102,0.9953,0.0083,,
0.01,mlp,none,beta,0.5794,0.0152,-0.0003,1.3278,0.0007,0.069,0.0016,0.0099,0.001,-0.005,0.9997,0.0,1.0,0.5628,0.5546,0.0237,,
0.01,mlp,none,intercept,0.5794,0.0152,0.0005,0.7175,0.0013,0.1271,0.002,0.0099,0.0008,0.0257,1.0005,0.0,1.0,0.5256,0.5904,0.0236,,
0.01,mlp,none,isotonic,0.5706,0.013,0.0022,0.5416,0.0011,0.1127,0.0013,0.0099,0.0002,0.0593,1.0022,0.0,1.0,0.5042,0.5916,0.0213,,
0.01,mlp,none,none,0.5794,0.0152,-0.0646,0.7175,0.0017,0.1689,0.0022,0.0099,0.0006,-0.9241,0.9411,0.0,1.0,0.5795,0.5232,0.021,,
0.01,mlp,none,platt,0.5794,0.0152,-0.0002,1.2781,0.0007,0.0696,0.0016,0.0099,0.001,-0.0033,0.9998,0.0,1.0,0.5609,0.5561,0.0236,,
0.01,mlp,ros,beta,0.5239,0.0115,0.0069,0.5689,0.1558,15.5393,0.0007,0.0099,-0.0,0.1087,1.0069,0.0,1.0,0.2056,0.8333,0.0103,,
0.01,mlp,ros,intercept,0.5239,0.0115,0.0656,0.0384,0.2028,20.2355,0.0172,0.016,-0.6135,50.2137,1.0366,0.013,0.992,0.0577,0.9622,0.0103,,
0.01,mlp,ros,isotonic,0.5269,0.0111,0.0055,0.3124,0.0017,0.1686,0.0016,0.0099,-0.0005,0.1038,1.0054,0.0,1.0,0.5033,0.5312,0.0075,,
0.01,mlp,ros,none,0.5239,0.0115,1.0614,0.0384,0.2027,20.219,0.0144,0.0141,-0.4255,53.7695,1.4627,0.0102,0.9945,0.0437,0.9713,0.0091,,
0.01,mlp,ros,platt,0.5179,0.0113,0.0048,-0.0775,0.1563,15.5933,0.0007,0.0099,0.0,0.0769,1.0048,0.0,1.0,0.346,0.6873,0.0083,,
0.01,mlp,ros,prior,0.5162,0.0111,5.587,0.0549,0.0011,0.112,0.0089,0.0107,-0.0776,105.1601,9.6643,0.0009,0.9991,0.0102,0.9945,0.0066,,
0.01,mlp,rus,beta,0.5655,0.0161,-0.0015,0.6937,0.001,0.1013,0.0017,0.0099,0.0007,-0.0145,0.9985,0.0,1.0,0.5293,0.5617,0.0183,,
0.01,mlp,rus,intercept,0.5655,0.0161,0.0063,0.6869,0.0011,0.1061,0.0018,0.0099,0.0007,0.1102,1.0062,0.0,1.0,0.4781,0.6091,0.018,,
0.01,mlp,rus,isotonic,0.5628,0.0135,0.0049,0.461,0.0015,0.1503,0.0016,0.0099,0.0003,0.107,1.0049,0.0,1.0,0.5219,0.5596,0.0168,,
0.01,mlp,rus,none,0.5655,0.0161,-4.6012,0.6869,0.4773,47.6214,0.4773,0.2435,-23.5401,-0.3865,0.0206,0.4837,0.5992,1.0,0.0,,,
0.01,mlp,rus,platt,0.5655,0.0161,0.0068,0.8056,0.0009,0.086,0.0016,0.0099,0.001,0.1023,1.0068,0.0,1.0,0.4884,0.5991,0.0179,,
0.01,mlp,rus,prior,0.5655,0.0161,-0.0038,0.6869,0.0011,0.1069,0.0018,0.0099,0.0007,-0.0362,0.9965,0.0,1.0,0.4837,0.5992,0.0169,,
0.01,mlp,smote,beta,0.5217,0.0119,0.0065,0.7674,0.0068,0.6821,0.0005,0.0099,-0.0002,0.1014,1.0064,0.0,1.0,0.2195,0.8133,0.0087,,
0.01,mlp,smote,intercept,0.5217,0.0119,0.0629,0.0337,0.0109,1.0912,0.0173,0.0161,-0.6217,51.8726,1.0272,0.0084,0.992,0.0493,0.9612,0.0059,,
0.01,mlp,smote,isotonic,0.5303,0.011,0.0057,0.3963,0.0012,0.1166,0.0012,0.0099,-0.0003,0.1007,1.0056,0.0,1.0,0.2977,0.745,0.01,,
0.01,mlp,smote,none,0.5217,0.0119,1.2014,0.0337,0.0082,0.8182,0.0143,0.0141,-0.4179,55.6712,1.5223,0.0074,0.9946,0.0391,0.9704,0.0062,,
0.01,mlp,smote,platt,0.5217,0.0119,0.0035,0.8619,0.0068,0.6819,0.0005,0.0099,0.0,0.0531,1.0034,0.0,1.0,0.2288,0.8043,0.0087,,
0.01,mlp,smote,prior,0.5101,0.0116,5.6997,0.0452,0.001,0.0979,0.009,0.0106,-0.0633,104.6852,10.7424,0.0019,0.9993,0.0074,0.9946,0.0033,,
0.01,nb,adasyn,beta,0.5745,0.0153,0.0022,1.1022,0.001,0.1016,0.0017,0.0099,0.0008,0.0392,1.0022,0.0,1.0,0.4372,0.6679,0.0223,,
0.01,nb,adasyn,intercept,0.5744,0.0153,-0.0084,0.1073,0.0103,1.0259,0.0103,0.0105,-0.0539,2.0232,0.9923,0.0009,0.9999,0.3191,0.7837,0.0249,,
0.01,nb,adasyn,isotonic,0.5667,0.0134,0.0015,0.6702,0.0012,0.1176,0.001,0.0099,-0.0003,0.0729,1.0015,0.0,1.0,0.3907,0.7105,0.0231,,
0.01,nb,adasyn,none,0.5745,0.0153,-3.2294,0.103,0.1192,11.8881,0.1194,0.0551,-4.5573,-19.5601,0.0801,0.1209,0.9383,0.8028,0.2503,0.0124,,
0.01,nb,adasyn,platt,0.5745,0.0153,0.0019,1.2797,0.0013,0.1285,0.002,0.0099,0.0007,0.0281,1.0019,0.0,1.0,0.6149,0.4843,0.0198,,
0.01,nb,adasyn,prior,0.5744,0.0153,1.3687,0.1118,0.0084,0.8361,0.0082,0.01,-0.0094,22.2855,3.8748,0.0,1.0,0.1209,0.9384,0.0255,,
0.01,nb,none,beta,0.6131,0.0154,-0.0012,1.1617,0.0011,0.1112,0.0018,0.0099,0.0014,-0.0176,0.9988,0.0,1.0,0.5842,0.5805,0.0332,,
0.01,nb,none,intercept,0.6131,0.0154,0.0038,0.2536,0.0086,0.8609,0.0087,0.0108,-0.086,3.2049,1.0037,0.0,0.9992,0.3572,0.787,0.035,,
0.01,nb,none,isotonic,0.6055,0.014,-0.0011,0.7138,0.0012,0.1176,0.0012,0.0099,0.0009,0.0043,0.9989,0.0,1.0,0.5321,0.6336,0.0348,,
0.01,nb,none,none,0.6131,0.0154,-0.4601,0.2536,0.011,1.0974,0.011,0.0114,-0.1459,-2.7845,0.667,0.0,0.9988,0.4781,0.6929,0.0369,,
0.01,nb,none,platt,0.6131,0.0154,-0.0014,1.1416,0.0012,0.1171,0.0018,0.0099,0.0012,-0.0171,0.9986,0.0,1.0,0.5805,0.5835,0.0331,,
0.01,nb,ros,beta,0.5989,0.016,0.0039,1.0302,0.001,0.1027,0.0016,0.0099,0.0011,0.0647,1.0039,0.0,1.0,0.4967,0.6546,0.0317,,
0.01,nb,ros,intercept,0.5989,0.016,-0.0077,0.1688,0.0082,0.819,0.008,0.0103,-0.0352,1.2688,0.993,0.0,1.0,0.3805,0.7606,0.0329,,
0.01,nb,ros,isotonic,0.5929,0.0139,-0.0004,0.7046,0.0013,0.1273,0.0015,0.0099,-0.001,0.0705,0.9997,0.0,1.0,0.4474,0.704,0.0332,,
0.01,nb,ros,none,0.5989,0.016,-5.0642,0.1635,0.3775,37.6628,0.3772,0.2238,-21.5582,48.3732,0.0259,0.4865,0.6626,0.9609,0.0517,0.0055,,
0.01,nb,ros,platt,0.5989,0.016,0.0056,1.0443,0.0015,0.1471,0.002,0.0099,0.001,0.0828,1.0056,0.0,1.0,0.6177,0.5304,0.0296,,
0.01,nb,ros,prior,0.5989,0.016,-0.4667,0.1675,0.0114,1.1353,0.0114,0.0108,-0.0867,-4.8532,0.6507,0.0009,0.9998,0.4865,0.6626,0.0314,,
0.01,nb,rus,beta,0.5922,0.0141,0.0022,1.1341,0.0013,0.1328,0.0018,0.0099,0.0009,0.0326,1.0022,0.0,1.0,0.5888,0.5439,0.0266,,
0.01,nb,rus,intercept,0.5922,0.0141,-0.005,0.1839,0.0101,1.012,0.0102,0.0107,-0.0812,2.9593,0.9959,0.0,0.9995,0.3126,0.7999,0.0281,,
0.01,nb,rus,isotonic,0.5882,0.0132,0.0025,0.7155,0.0013,0.1331,0.0017,0.0099,0.0005,0.0552,1.0025,0.0,1.0,0.4549,0.6659,0.0269,,
0.01,nb,rus,none,0.5922,0.0141,-5.767,0.1839,0.4431,44.2084,0.4432,0.2869,-27.9128,94.7917,0.0222,0.5647,0.5776,0.9981,0.0049,0.0026,,
0.01,nb,rus,platt,0.5922,0.0141,0.0034,1.197,0.0012,0.1214,0.0017,0.0099,0.0009,0.0496,1.0033,0.0,1.0,0.5656,0.5702,0.0273,,
0.01,nb,rus,prior,0.5922,0.0141,-1.1696,0.1839,0.0227,2.265,0.0227,0.0143,-0.4444,-10.4503,0.3754,0.0056,0.9959,0.5647,0.5776,0.0287,,
0.01,nb,smote,beta,0.5742,0.0154,0.0024,1.0828,0.001,0.0987,0.0017,0.0099,0.0008,0.0411,1.0024,0.0,1.0,0.4409,0.665,0.0224,,
0.01,nb,smote,intercept,0.5741,0.0154,-0.0078,0.1062,0.0104,1.0349,0.0104,0.0105,-0.0553,2.0969,0.993,0.0009,0.9999,0.3219,0.7853,0.026,,
0.01,nb,smote,isotonic,0.5671,0.0137,0.0008,0.6615,0.0014,0.1372,0.0012,0.0099,-0.0002,0.0602,1.0008,0.0,1.0,0.4474,0.6517,0.0218,,
0.01,nb,smote,none,0.5742,0.0154,-3.2415,0.1019,0.1194,11.9114,0.1196,0.0555,-4.596,-19.1399,0.08,0.1209,0.9376,0.8028,0.2544,0.0132,,
0.01,nb,smote,platt,0.5742,0.0154,0.0022,1.2466,0.0013,0.1258,0.002,0.0099,0.0007,0.0321,1.0022,0.0,1.0,0.6214,0.4854,0.0213,,
0.01,nb,smote,prior,0.5741,0.0154,1.3559,0.1107,0.0084,0.8358,0.0082,0.01,-0.0096,22.0602,3.8053,0.0,1.0,0.1209,0.9376,0.0253,,
0.01,rf,adasyn,beta,0.5813,0.0141,0.0008,0.7783,0.001,0.0979,0.0018,0.0099,0.0006,0.0239,1.0008,0.0,1.0,0.587,0.5379,0.0249,,
0.01,rf,adasyn,intercept,0.5813,0.0141,0.0005,0.3461,0.0035,0.3485,0.0037,0.0099,-0.0024,0.1493,1.0005,0.0,1.0,0.4958,0.6235,0.0245,,
0.01,rf,adasyn,isotonic,0.5799,0.0132,0.0023,0.5678,0.0016,0.1616,0.0018,0.0099,-0.0004,0.0843,1.0022,0.0,1.0,0.3795,0.7335,0.0259,,
0.01,rf,adasyn,none,0.5813,0.0141,-1.1834,0.3461,0.0219,2.1823,0.022,0.0109,-0.0959,-17.8769,0.3183,0.0,1.0,0.9005,0.1386,0.0111,,
0.01,rf,adasyn,platt,0.5813,0.0141,0.0014,0.7797,0.001,0.0973,0.0017,0.0099,0.0006,0.0331,1.0014,0.0,1.0,0.5823,0.5432,0.0251,,
0.01,rf,adasyn,prior,0.5813,0.0141,3.4148,0.3461,0.0097,0.9674,0.0097,0.01,-0.0093,77.5914,29.9642,0.0,1.0,0.0,1.0,,,
0.01,rf,none,beta,0.5953,0.0185,0.0016,0.8852,0.001,0.0974,0.0017,0.0099,0.0013,0.0276,1.0016,0.0,1.0,0.6056,0.5386,0.0288,,
0.01,rf,none,intercept,0.5953,0.0185,0.0024,0.4341,0.0029,0.2915,0.0031,0.0099,0.0002,0.1219,1.0024,0.0,1.0,0.5386,0.6112,0.0306,,
0.01,rf,none,isotonic,0.5927,0.015,0.0057,0.5469,0.0016,0.1575,0.0018,0.0099,0.0008,0.125,1.0057,0.0,1.0,0.4465,0.6829,0.0285,,
0.01,rf,none,none,0.5953,0.0185,-0.0108,0.4341,0.003,0.2963,0.0031,0.0099,0.0001,-0.0699,0.9894,0.0,1.0,0.5433,0.6042,0.03,,
0.01,rf,none,platt,0.5953,0.0185,0.0025,0.893,0.001,0.097,0.0017,0.0099,0.0013,0.0398,1.0025,0.0,1.0,0.6037,0.5408,0.0289,,
0.01,rf,ros,beta,0.5859,0.0146,0.0023,0.8131,0.0012,0.1173,0.0019,0.0099,0.0009,0.0438,1.0023,0.0,1.0,0.5758,0.5466,0.0245,,
0.01,rf,ros,intercept,0.5859,0.0146,0.0004,0.4143,0.0031,0.3113,0.0035,0.0099,-0.0013,0.1208,1.0004,0.0,1.0,0.4912,0.6228,0.0234,,
0.01,rf,ros,isotonic,0.5861,0.0136,0.0043,0.623,0.0013,0.1306,0.0015,0.0099,0.0,0.1125,1.0043,0.0,1.0,0.3972,0.7225,0.027,,
0.01,rf,ros,none,0.5859,0.0146,-1.9793,0.4142,0.0562,5.6091,0.0562,0.0149,-0.5029,-32.7477,0.1517,0.0,1.0,0.987,0.0214,0.0057,,
0.01,rf,ros,platt,0.5859,0.0146,0.0028,0.8112,0.0011,0.1141,0.0019,0.0099,0.0009,0.0526,1.0028,0.0,1.0,0.5647,0.557,0.0244,,
0.01,rf,ros,prior,0.5859,0.0146,2.6182,0.4146,0.0093,0.9258,0.0093,0.01,-0.0083,49.9667,13.5183,0.0,1.0,0.0,1.0,-0.0008,,
0.01,rf,rus,beta,0.5966,0.0147,0.0011,1.0026,0.001,0.1039,0.0018,0.0099,0.0011,0.0164,1.0011,0.0,1.0,0.6084,0.532,0.028,,
0.01,rf,rus,intercept,0.5966,0.0147,0.0028,0.9232,0.0009,0.0885,0.0017,0.0099,0.0011,0.044,1.0028,0.0,1.0,0.5805,0.5676,0.0298,,
0.01,rf,rus,isotonic,0.591,0.0133,0.0008,0.6638,0.0015,0.1471,0.0019,0.0099,-0.0024,0.1235,1.0008,0.0,1.0,0.5833,0.5565,0.0283,,
0.01,rf,rus,none,0.5966,0.0147,-4.588,0.9232,0.4732,47.21,0.4733,0.241,-23.2878,-2.1721,0.0207,0.573,0.5769,1.0,0.0,,,
0.01,rf,rus,platt,0.5966,0.0147,0.0018,1.0329,0.0013,0.1256,0.0019,0.0099,0.001,0.0305,1.0018,0.0,1.0,0.5823,0.5646,0.0295,,
0.01,rf,rus,prior,0.5966,0.0147,0.0095,0.9232,0.0009,0.0895,0.0017,0.0099,0.0011,0.1414,1.0097,0.0,1.0,0.573,0.5769,0.0303,,
0.01,rf,smote,beta,0.582,0.0145,0.0017,0.8,0.0011,0.1133,0.0015,0.0099,0.0006,0.0365,1.0017,0.0,1.0,0.5916,0.5371,0.0257,,
0.01,rf,smote,intercept,0.582,0.0145,0.0027,0.3506,0.0035,0.3443,0.0035,0.0099,-0.0022,0.1773,1.0026,0.0,1.0,0.506,0.623,0.0265,,
0.01,rf,smote,isotonic,0.5737,0.0129,0.0026,0.495,0.0017,0.1696,0.0018,0.0099,-0.0007,0.095,1.0026,0.0,1.0,0.5135,0.6013,0.0239,,
0.01,rf,smote,none,0.582,0.0145,-1.1891,0.3506,0.022,2.1987,0.022,0.0109,-0.0966,-17.982,0.3165,0.0,1.0,0.9051,0.1363,0.012,,
0.01,rf,smote,platt,0.582,0.0145,0.002,0.7997,0.0011,0.1119,0.0015,0.0099,0.0006,0.0416,1.002,0.0,1.0,0.587,0.5421,0.0258,,
0.01,rf,smote,prior,0.582,0.0145,3.4083,0.3506,0.0097,0.9681,0.0097,0.01,-0.0093,77.3258,29.7719,0.0,1.0,0.0,1.0,,,
0.01,rf,weighted,beta,0.5897,0.0148,0.0009,0.8982,0.0011,0.109,0.0019,0.0099,0.001,0.0197,1.0009,0.0,1.0,0.5805,0.538,0.0237,,
0.01,rf,weighted,intercept,0.5897,0.0148,0.0007,0.4977,0.0023,0.2248,0.0027,0.0099,-0.0001,0.0745,1.0007,0.0,1.0,0.5358,0.5997,0.0275,,
0.01,rf,weighted,isotonic,0.5854,0.0135,0.0039,0.6672,0.0014,0.1402,0.0016,0.0099,0.0005,0.0928,1.0038,0.0,1.0,0.453,0.6723,0.0279,,
0.01,rf,weighted,none,0.5897,0.0148,-1.9913,0.4977,0.0575,5.7375,0.0575,0.0146,-0.4667,-33.4239,0.1485,0.0,1.0,0.9963,0.0108,0.0067,,
0.01,rf,weighted,platt,0.5897,0.0148,0.0045,0.9315,0.0011,0.1099,0.0019,0.0099,0.001,0.0717,1.0045,0.0,1.0,0.5721,0.5484,0.0241,,
0.01,rf,weighted,prior,0.5897,0.0148,2.6061,0.4978,0.0093,0.9275,0.0093,0.01,-0.0084,49.6498,13.3748,0.0,1.0,0.0,1.0,,,
0.01,svm,adasyn,beta,0.5099,0.0111,0.004,0.1078,0.0086,0.8628,0.0006,0.0099,0.0,0.062,1.004,0.0,1.0,0.1516,0.8688,0.0052,,
0.01,svm,adasyn,intercept,0.5099,0.0111,0.2233,0.0095,0.0088,0.8777,0.0139,0.015,-0.5132,40.0467,1.0977,0.0093,0.9932,0.0474,0.9578,0.0023,,
0.01,svm,adasyn,isotonic,0.5094,0.0107,0.0063,-0.3503,0.0059,0.5862,0.0006,0.0099,-0.0004,0.107,1.0063,0.0,1.0,0.1795,0.8436,0.0037,,
0.01,svm,adasyn,none,0.5099,0.0111,5.3186,0.0092,0.0008,0.0834,0.0093,0.0104,-0.0483,103.5685,12.1272,0.0019,0.9994,0.0093,0.9945,0.0048,,
0.01,svm,adasyn,platt,0.5099,0.0111,0.0051,-0.1941,0.0086,0.8621,0.0006,0.0099,0.0001,0.0764,1.0051,0.0,1.0,0.1516,0.8687,0.0051,,
0.01,svm,adasyn,prior,0.5041,0.0108,8.4821,0.0092,0.0001,0.0078,0.01,0.01,-0.012,324.9942,297.0088,0.0,1.0,0.0019,0.9995,0.0055,,
0.01,svm,none,beta,0.5105,0.0122,0.0019,0.4013,0.0014,0.143,0.002,0.0099,-0.0001,0.0311,1.0019,0.0,1.0,0.5563,0.4366,-0.0018,,
0.01,svm,none,intercept,0.4931,0.0113,0.0049,0.0316,0.002,0.2001,0.0024,0.0099,-0.0003,0.0838,1.0049,0.0,1.0,0.4428,0.5461,-0.0022,,
0.01,svm,none,isotonic,0.5064,0.0108,0.0048,0.1207,0.005,0.5007,0.0015,0.0099,-0.0005,0.0929,1.0048,0.0,1.0,0.2409,0.7721,0.0031,,
0.01,svm,none,none,0.4931,0.0113,-0.0139,0.0316,0.002,0.2001,0.0024,0.0099,-0.0004,-0.19,0.9865,0.0,1.0,0.4847,0.5055,-0.002,,
0.01,svm,none,platt,0.4931,0.0113,0.0009,0.0847,0.0017,0.1712,0.0022,0.0099,-0.0002,0.02,1.0009,0.0,1.0,0.4586,0.5279,-0.0027,,
0.01,svm,ros,beta,0.5153,0.0111,0.0056,0.8327,0.1794,17.8998,0.0004,0.0099,0.0001,0.083,1.0056,0.0,1.0,0.1563,0.8767,0.0087,,
0.01,svm,ros,intercept,0.5153,0.0111,0.2627,0.0245,0.1953,19.4853,0.0103,0.015,-0.5116,40.3952,1.1106,0.0102,0.9934,0.0502,0.9591,0.0043,,
0.01,svm,ros,isotonic,0.5187,0.0108,0.0072,0.1295,0.0071,0.7085,0.0002,0.0099,-0.0002,0.116,1.0071,0.0,1.0,0.1712,0.8627,0.0075,,
0.01,svm,ros,none,0.5153,0.0111,5.612,0.0238,0.1983,19.7812,0.0092,0.0104,-0.0522,107.6917,11.8135,0.0009,0.9994,0.0047,0.995,-0.0007,,
0.01,svm,ros,platt,0.5153,0.0111,0.0056,0.7281,0.1795,17.9129,0.0004,0.0099,0.0001,0.0822,1.0055,0.0,1.0,0.1563,0.8768,0.0087,,
0.01,svm,ros,prior,0.5071,0.0106,8.5454,0.0515,0.0001,0.0097,0.01,0.0101,-0.0138,319.2803,278.7299,0.0,1.0,0.0009,0.9994,0.0015,,
0.01,svm,rus,beta,0.5335,0.0131,0.0046,3.4387,0.0008,0.0757,0.0014,0.0099,0.0003,0.0658,1.0045,0.0,1.0,0.454,0.5783,0.0066,,
0.01,svm,rus,intercept,0.4617,0.0094,0.0069,-0.7509,0.003,0.3013,0.0032,0.0099,-0.0013,0.1314,1.0068,0.0,1.0,0.4019,0.5474,-0.0101,,
0.01,svm,rus,isotonic,0.4941,0.01,0.0046,-0.2095,0.0095,0.9448,0.0005,0.0099,-0.0005,0.0811,1.0046,0.0,1.0,0.1981,0.7964,-0.0035,,
0.01,svm,rus,none,0.4617,0.0094,-4.7269,-0.7509,0.5129,51.1736,0.513,0.2783,-27.0462,59.9223,0.0192,0.5926,0.3488,1.0,0.0,,,
0.01,svm,rus,platt,0.5383,0.0132,0.0049,1.4424,0.0006,0.0614,0.0014,0.0099,0.0003,0.071,1.0049,0.0,1.0,0.5516,0.5064,0.0117,,
0.01,svm,rus,prior,0.4617,0.0094,-0.1295,-0.7509,0.0037,0.368,0.0038,0.0099,-0.0025,-1.8599,0.8882,0.0,1.0,0.5926,0.3488,-0.0124,,
0.01,svm,smote,beta,0.511,0.0112,0.0053,-0.1578,0.0073,0.727,0.0005,0.0099,0.0001,0.0782,1.0052,0.0,1.0,0.1572,0.8634,0.0051,,
0.01,svm,smote,intercept,0.511,0.0112,0.2236,0.0114,0.0103,1.0263,0.0139,0.015,-0.5103,39.7469,1.0983,0.0093,0.9932,0.0484,0.9572,0.0025,,
0.01,svm,smote,isotonic,0.5101,0.0107,0.0063,-0.2366,0.0057,0.5712,0.0006,0.0099,-0.0003,0.1071,1.0063,0.0,1.0,0.1991,0.8203,0.0038,,
0.01,svm,smote,none,0.511,0.0112,5.2259,0.0111,0.0025,0.2539,0.0093,0.0104,-0.0493,100.9733,11.4958,0.0019,0.9994,0.0093,0.9943,0.0047,,
0.01,svm,smote,platt,0.511,0.0112,0.0053,-0.1414,0.0073,0.7256,0.0005,0.0099,0.0001,0.0784,1.0052,0.0,1.0,0.1572,0.8635,0.0051,,
0.01,svm,smote,prior,0.5054,0.0108,8.4512,0.0159,0.0001,0.0078,0.01,0.01,-0.0119,315.3892,267.3847,0.0,1.0,0.0019,0.9994,0.0055,,
0.01,svm,weighted,beta,0.5047,0.0109,0.0015,-0.0351,0.0011,0.1104,0.002,0.0099,-0.0001,0.0253,1.0015,0.0,1.0,0.5758,0.4193,-0.0012,,
0.01,svm,weighted,intercept,0.4923,0.0104,0.0057,-0.268,0.002,0.2036,0.0025,0.0099,-0.0007,0.1065,1.0057,0.0,1.0,0.4465,0.5542,0.0002,,
0.01,svm,weighted,isotonic,0.5002,0.0102,0.0072,-0.0423,0.0047,0.4721,0.0013,0.0099,-0.0007,0.1249,1.0071,0.0,1.0,0.2763,0.7192,-0.0032,,
0.01,svm,weighted,none,0.4923,0.0104,-0.0108,-0.268,0.0021,0.2048,0.0026,0.0099,-0.0007,-0.1349,0.9894,0.0,1.0,0.4781,0.5203,-0.0003,,
0.01,svm,weighted,platt,0.5047,0.0109,0.0033,0.5799,0.0011,0.1124,0.002,0.0099,-0.0001,0.0511,1.0033,0.0,1.0,0.4781,0.5192,-0.0005,,
0.01,svm,weighted,prior,0.4923,0.0104,4.5866,-0.268,0.01,0.9947,0.0099,0.01,-0.0099,143.0133,97.1067,0.0,1.0,0.0,1.0,,,
0.01,xgb,adasyn,beta,0.5702,0.0134,0.0034,0.8722,0.0009,0.0897,0.0017,0.0099,0.0005,0.0618,1.0034,0.0,1.0,0.5479,0.5573,0.0211,,
0.01,xgb,adasyn,intercept,0.5702,0.0134,0.0013,0.3145,0.0043,0.4334,0.0047,0.01,-0.0042,0.2143,1.0013,0.0,1.0,0.4484,0.6505,0.0207,,
0.01,xgb,adasyn,isotonic,0.5628,0.0123,0.0022,0.5893,0.0015,0.1479,0.0017,0.0099,-0.0019,0.1179,1.0022,0.0,1.0,0.5647,0.5238,0.018,,
0.01,xgb,adasyn,none,0.5702,0.0134,-0.6234,0.3145,0.0097,0.9632,0.0098,0.0102,-0.0278,-8.92,0.5467,0.0,1.0,0.7191,0.3599,0.0164,,
0.01,xgb,adasyn,platt,0.5702,0.0134,0.0033,0.8667,0.0009,0.0905,0.0017,0.0099,0.0004,0.0607,1.0033,0.0,1.0,0.5451,0.5603,0.0212,,
0.01,xgb,adasyn,prior,0.5702,0.0134,3.9747,0.3145,0.0098,0.9762,0.0098,0.01,-0.0097,104.1165,52.4675,0.0,1.0,0.0,1.0,,,
0.01,xgb,none,beta,0.5907,0.0158,0.0008,0.9068,0.0011,0.107,0.0017,0.0099,0.0011,0.0237,1.0008,0.0,1.0,0.5395,0.585,0.0252,,
0.01,xgb,none,intercept,0.5907,0.0158,-0.0051,0.3722,0.0046,0.4563,0.0048,0.01,-0.0074,0.2844,0.9951,0.0,1.0,0.4391,0.6878,0.0273,,
0.01,xgb,none,isotonic,0.5892,0.0143,-0.0007,0.6768,0.0012,0.1238,0.0016,0.0099,-0.0015,0.0942,0.9994,0.0,1.0,0.4493,0.678,0.0277,,
0.01,xgb,none,none,0.5907,0.0158,0.054,0.3722,0.0044,0.443,0.0046,0.01,-0.0063,1.1285,1.0541,0.0,1.0,0.414,0.7107,0.0274,,
0.01,xgb,none,platt,0.5907,0.0158,0.0004,0.9044,0.0011,0.1064,0.0017,0.0099,0.0011,0.0184,1.0004,0.0,1.0,0.5386,0.5866,0.0253,,
0.01,xgb,ros,beta,0.5531,0.014,0.0057,0.935,0.001,0.103,0.0018,0.0099,0.0003,0.0984,1.0056,0.0,1.0,0.453,0.6269,0.0165,,
0.01,xgb,ros,intercept,0.5531,0.014,-0.0013,0.1916,0.0055,0.5456,0.0058,0.01,-0.0055,0.2227,0.9987,0.0,1.0,0.4428,0.6371,0.0166,,
0.01,xgb,ros,isotonic,0.5501,0.0124,0.0004,0.5153,0.0015,0.1485,0.0015,0.0099,-0.0006,0.0581,1.0004,0.0,1.0,0.466,0.6085,0.0163,,
0.01,xgb,ros,none,0.5531,0.014,-3.9273,0.1916,0.277,27.6401,0.2771,0.1158,-10.6664,-46.8402,0.0349,0.1916,0.8691,0.9991,0.0037,0.0035,,
0.01,xgb,ros,platt,0.5531,0.014,0.0001,0.9775,0.0011,0.1107,0.0019,0.0099,0.0003,0.0094,1.0001,0.0,1.0,0.5702,0.5034,0.0147,,
0.01,xgb,ros,prior,0.5531,0.014,0.6701,0.1916,0.0053,0.5297,0.0053,0.0099,-0.0027,10.0817,1.9359,0.0,1.0,0.1916,0.8691,0.0181,,
0.01,xgb,rus,beta,0.5695,0.0143,0.0046,0.8519,0.0012,0.1229,0.0021,0.0099,0.0007,0.0739,1.0046,0.0,1.0,0.534,0.5726,0.0217,,
0.01,xgb,rus,intercept,0.5695,0.0143,0.0024,0.202,0.0077,0.7714,0.0077,0.0101,-0.0208,0.8423,1.0025,0.0,1.0,0.3665,0.7275,0.0211,,
0.01,xgb,rus,isotonic,0.5647,0.013,0.0007,0.552,0.0016,0.1614,0.0019,0.01,-0.0033,0.1456,1.0007,0.0,1.0,0.4986,0.5965,0.0199,,
0.01,xgb,rus,none,0.5695,0.0143,-5.2289,0.202,0.4624,46.1285,0.4624,0.2826,-27.478,75.6163,0.0212,0.5609,0.5486,1.0,0.0,0.0007,,
0.01,xgb,rus,platt,0.5695,0.0143,0.0006,0.8892,0.0011,0.1106,0.002,0.0099,0.0006,0.0143,1.0006,0.0,1.0,0.5526,0.5583,0.0222,,
0.01,xgb,rus,prior,0.5695,0.0143,-0.6315,0.202,0.0124,1.2398,0.0127,0.0107,-0.0801,-7.9834,0.5515,0.0,0.9999,0.5609,0.5486,0.0219,,
0.01,xgb,smote,beta,0.5673,0.0131,0.0036,0.8119,0.001,0.0995,0.002,0.0099,0.0003,0.0651,1.0035,0.0,1.0,0.5414,0.5591,0.0202,,
0.01,xgb,smote,intercept,0.5673,0.0131,0.0024,0.2966,0.0045,0.4507,0.0049,0.01,-0.0048,0.2423,1.0024,0.0,1.0,0.4502,0.6524,0.0215,,
0.01,xgb,smote,isotonic,0.5616,0.0122,0.0019,0.5108,0.0017,0.1709,0.0019,0.0099,-0.0018,0.1113,1.0019,0.0,1.0,0.4549,0.6209,0.0161,,
0.01,xgb,smote,none,0.5673,0.0131,-0.6171,0.2966,0.0096,0.955,0.0099,0.0102,-0.0284,-8.81,0.5503,0.0,1.0,0.7209,0.3646,0.0177,,
0.01,xgb,smote,platt,0.5673,0.0131,0.0044,0.8126,0.001,0.0995,0.002,0.0099,0.0003,0.0771,1.0043,0.0,1.0,0.5367,0.5625,0.02,,
0.01,xgb,smote,prior,0.5673,0.0131,3.9803,0.2966,0.0098,0.9753,0.0098,0.01,-0.0097,104.4142,52.7624,0.0,1.0,0.0,1.0,,,
0.01,xgb,weighted,beta,0.5692,0.0144,0.0034,0.9653,0.0009,0.089,0.0018,0.0099,0.0007,0.0601,1.0033,0.0,1.0,0.4549,0.6415,0.0202,,
0.01,xgb,weighted,intercept,0.5692,0.0144,-0.0016,0.2371,0.0058,0.5805,0.0059,0.01,-0.0072,0.3008,0.9984,0.0,1.0,0.4288,0.668,0.0205,,
0.01,xgb,weighted,isotonic,0.5608,0.0128,0.0008,0.5909,0.0014,0.142,0.0013,0.0099,-0.0001,0.0533,1.0008,0.0,1.0,0.4521,0.6325,0.0178,,
0.01,xgb,weighted,none,0.5692,0.0144,-3.7891,0.2371,0.2438,24.3221,0.2438,0.0989,-8.9661,-45.3722,0.0395,0.1721,0.8926,0.9991,0.0042,0.0043,,
0.01,xgb,weighted,platt,0.5692,0.0144,0.001,1.0529,0.001,0.0996,0.0018,0.0099,0.0006,0.0211,1.001,0.0,1.0,0.5647,0.5278,0.0185,,
0.01,xgb,weighted,prior,0.5692,0.0144,0.8084,0.2371,0.0058,0.5824,0.0058,0.01,-0.003,12.2524,2.2169,0.0,1.0,0.1721,0.8926,0.0211,,
0.02,cart,adasyn,beta,0.543,0.025,0.0011,1.2143,0.0019,0.0968,0.0043,0.0196,-0.0006,0.0638,1.0011,0.0,1.0,0.4765,0.6025,0.0236,,
0.02,cart,adasyn,intercept,0.543,0.025,-0.0035,0.088,0.0167,0.8328,0.0167,0.0208,-0.0616,3.3059,0.9972,0.0009,0.9991,0.3387,0.7401,0.0256,,
0.02,cart,adasyn,isotonic,0.556,0.0241,0.001,0.843,0.0016,0.0804,0.0011,0.0196,0.0008,0.0461,1.001,0.0,1.0,0.5765,0.4994,0.0249,,
0.02,cart,adasyn,none,0.543,0.025,-2.3266,0.0815,0.1203,6.0056,0.1203,0.0552,-1.8138,-31.6904,0.1498,0.07,0.9631,0.8438,0.1867,0.009,,
0.02,cart,adasyn,platt,0.543,0.025,0.0009,1.1351,0.0022,0.1079,0.0044,0.0196,0.0005,0.0169,1.0009,0.0,1.0,0.5548,0.5113,0.0187,,
0.02,cart,adasyn,prior,0.543,0.025,1.5618,0.0924,0.0177,0.883,0.0157,0.0201,-0.0247,36.755,4.2821,0.0,0.9998,0.07,0.9631,0.0244,,
0.02,cart,none,beta,0.5441,0.0269,-0.0029,0.9913,0.0041,0.204,0.0047,0.0196,0.0011,-0.048,0.9972,0.0,1.0,0.3065,0.7861,0.0318,,
0.02,cart,none,intercept,0.5441,0.0269,-0.007,-0.0451,0.0096,0.48,0.0094,0.0201,-0.0248,1.3485,0.9935,0.0,1.0,0.3613,0.7464,0.0347,,
0.02,cart,none,isotonic,0.5678,0.0266,0.0,0.8926,0.0015,0.075,0.0007,0.0196,0.002,0.0285,1.0,0.0,1.0,0.4862,0.6312,0.0342,,
0.02,cart,none,none,0.5441,0.0269,-0.0057,-0.0452,0.0096,0.4805,0.0094,0.0201,-0.0249,1.3773,0.995,0.0,1.0,0.3618,0.7459,0.0346,,
0.02,cart,none,platt,0.4559,0.0207,0.0027,3.5852,0.0058,0.2918,0.0068,0.0196,0.0001,0.0538,1.0026,0.0,1.0,0.1949,0.8391,0.0166,,
0.02,cart,ros,beta,0.5332,0.0258,0.0022,0.8926,0.0028,0.1418,0.0035,0.0196,0.0,0.075,1.0022,0.0,1.0,0.5203,0.5467,0.0189,,
0.02,cart,ros,intercept,0.5332,0.0258,-0.0012,0.0026,0.0146,0.7303,0.0149,0.0208,-0.0607,3.2652,0.9997,0.0051,0.9989,0.4567,0.631,0.0256,,
0.02,cart,ros,isotonic,0.5569,0.0252,0.0026,0.9371,0.0041,0.203,0.0005,0.0196,0.0017,0.0621,1.0026,0.0,1.0,0.4184,0.6848,0.0316,,
0.02,cart,ros,none,0.5332,0.0258,-3.8828,-0.0004,0.3461,17.2784,0.337,0.2006,-9.2213,43.3915,0.0563,0.4479,0.6445,0.7553,0.2296,-0.0051,,
0.02,cart,ros,platt,0.4763,0.0205,0.0023,-0.5038,0.0036,0.1783,0.0053,0.0196,-0.0,0.0474,1.0022,0.0,1.0,0.335,0.6779,0.0044,,
0.02,cart,ros,prior,0.5332,0.0258,0.0098,0.0026,0.0145,0.7216,0.0147,0.0208,-0.0601,3.4804,1.0096,0.0051,0.9989,0.4479,0.6445,0.0271,,
0.02,cart,rus,beta,0.5629,0.0264,0.0023,0.9708,0.002,0.1002,0.0039,0.0196,0.0013,0.0516,1.0022,0.0,1.0,0.5092,0.5832,0.0265,,
0.02,cart,rus,intercept,0.5629,0.0264,-0.0051,0.2274,0.0126,0.6271,0.013,0.0203,-0.0346,1.8975,0.9953,0.0,1.0,0.3857,0.7221,0.034,,
0.02,cart,rus,isotonic,0.5705,0.0261,0.0005,0.9134,0.0019,0.0948,0.0021,0.0196,0.0018,0.0259,1.0005,0.0,1.0,0.4636,0.6427,0.0316,,
0.02,cart,rus,none,0.5629,0.0264,-4.3171,0.2274,0.4517,22.5547,0.452,0.2652,-12.5133,54.1101,0.0424,0.53,0.5682,1.0,0.0,,,
0.02,cart,rus,platt,0.5629,0.0264,0.001,1.0038,0.002,0.1018,0.0039,0.0196,0.0013,0.0227,1.0009,0.0,1.0,0.5235,0.5715,0.0272,,
0.02,cart,rus,prior,0.5629,0.0264,-0.4245,0.2274,0.017,0.8509,0.0176,0.0212,-0.0816,-5.8701,0.6789,0.0,1.0,0.53,0.5682,0.0281,,
0.02,cart,smote,beta,0.5396,0.0245,0.0004,0.9966,0.0013,0.0653,0.0045,0.0196,-0.0001,0.0372,1.0004,0.0,1.0,0.5065,0.5523,0.0166,,
0.02,cart,smote,intercept,0.5396,0.0245,-0.0154,0.0912,0.0176,0.8786,0.018,0.021,-0.0676,3.3417,0.9867,0.0018,0.9992,0.312,0.7443,0.0187,,
0.02,cart,smote,isotonic,0.5562,0.0242,0.0006,0.884,0.004,0.2006,0.0012,0.0196,0.0011,0.0332,1.0006,0.0,1.0,0.529,0.5402,0.0244,,
0.02,cart,smote,none,0.5396,0.0245,-2.3372,0.0854,0.1198,5.9834,0.1191,0.0553,-1.8175,-31.6096,0.1491,0.0668,0.9655,0.8604,0.1841,0.015,,
0.02,cart,smote,platt,0.5396,0.0245,0.0009,0.9677,0.0013,0.0655,0.0046,0.0196,0.0005,0.0189,1.0009,0.0,1.0,0.5622,0.4977,0.0169,,
0.02,cart,smote,prior,0.5396,0.0245,1.5555,0.0952,0.0158,0.7877,0.0154,0.0202,-0.027,36.8634,4.1916,0.0005,0.9997,0.0668,0.9655,0.0251,,
0.02,cart,weighted,beta,0.5514,0.0275,0.0036,0.945,0.003,0.1516,0.0036,0.0196,0.0014,0.0709,1.0035,0.0,1.0,0.5309,0.5704,0.0292,,
0.02,cart,weighted,intercept,0.5514,0.0275,-0.0075,0.0071,0.0129,0.6462,0.0129,0.0201,-0.0243,1.3194,0.9932,0.0,1.0,0.5097,0.6034,0.0325,,
0.02,cart,weighted,isotonic,0.5663,0.0267,-0.0012,0.8775,0.0023,0.1173,0.0019,0.0196,0.0016,0.0139,0.9989,0.0,1.0,0.4673,0.6588,0.0374,,
0.02,cart,weighted,none,0.5514,0.0275,-3.8862,0.0022,0.3586,17.9021,0.3512,0.2096,-9.68,52.1271,0.0543,0.5014,0.6155,0.7664,0.2213,-0.0042,,
0.02,cart,weighted,platt,0.4876,0.0224,0.0023,-0.1701,0.0045,0.223,0.0049,0.0196,0.0,0.0492,1.0022,0.0,1.0,0.4502,0.5577,0.0027,,
0.02,cart,weighted,prior,0.5514,0.0275,0.0065,0.0071,0.0127,0.6363,0.0127,0.0201,-0.0235,1.5871,1.0063,0.0,1.0,0.5014,0.6155,0.0337,,
0.02,knn,adasyn,beta,0.5564,0.024,0.0019,0.8715,0.0023,0.1135,0.0027,0.0196,0.0,0.052,1.0019,0.0,1.0,0.5876,0.4901,0.0223,,
0.02,knn,adasyn,intercept,0.5564,0.024,-0.0601,0.0566,0.0263,1.3129,0.0265,0.0314,-0.5979,40.3678,0.9782,0.0129,0.988,0.1548,0.8898,0.0198,,
0.02,knn,adasyn,isotonic,0.5525,0.0232,0.0011,0.7562,0.0017,0.0844,0.0023,0.0196,0.0003,0.0436,1.0011,0.0,1.0,0.5479,0.5229,0.0211,,
0.02,knn,adasyn,none,0.5564,0.024,-6.1515,0.0512,0.5664,28.2776,0.5659,0.4068,-19.7259,192.2873,0.0342,0.7249,0.3388,0.9876,0.0245,0.0106,,
0.02,knn,adasyn,platt,0.5564,0.024,0.0029,1.1277,0.0023,0.1142,0.0028,0.0196,0.0002,0.0692,1.0029,0.0,1.0,0.5696,0.5093,0.0222,,
0.02,knn,adasyn,prior,0.5564,0.024,-2.2631,0.0549,0.0592,2.9561,0.0592,0.0399,-1.0341,-9.5113,0.27,0.0378,0.9713,0.7249,0.3388,0.0189,,
0.02,knn,none,beta,0.5409,0.0234,0.0016,0.9774,0.0027,0.1343,0.0017,0.0196,0.0002,0.0395,1.0016,0.0,1.0,0.6327,0.4187,0.0146,,
0.02,knn,none,intercept,0.5409,0.0234,-0.0059,0.0232,0.0149,0.7423,0.0128,0.02,-0.0171,0.8324,0.9943,0.0,1.0,0.6327,0.4187,0.0146,,
0.02,knn,none,isotonic,0.5407,0.0231,-0.0001,0.8104,0.0021,0.1034,0.0016,0.0196,-0.0003,0.039,0.9999,0.0,0.9999,0.3631,0.6975,0.0196,,
0.02,knn,none,none,0.5409,0.0234,0.0963,0.0232,0.013,0.6513,0.0124,0.0199,-0.0136,2.857,1.0977,0.0,1.0,0.6327,0.4187,0.0146,,
0.02,knn,none,platt,0.5409,0.0234,0.002,0.98,0.0027,0.134,0.0017,0.0196,0.0002,0.047,1.0019,0.0,1.0,0.6327,0.4187,0.0146,,
0.02,knn,ros,beta,0.5385,0.023,0.001,0.7499,0.0018,0.0907,0.0019,0.0196,0.0002,0.0308,1.001,0.0,1.0,0.5742,0.4754,0.0141,,
0.02,knn,ros,intercept,0.5385,0.023,-0.0347,0.0263,0.0265,1.3245,0.0263,0.0285,-0.4502,28.7763,0.9842,0.0124,0.9915,0.2143,0.8314,0.0171,,
0.02,knn,ros,isotonic,0.5393,0.0226,-0.0,0.7224,0.0016,0.0811,0.0009,0.0196,0.0003,0.0133,1.0,0.0,1.0,0.3765,0.6869,0.0202,,
0.02,knn,ros,none,0.5385,0.023,-5.2667,0.017,0.334,16.6782,0.3238,0.246,-11.5312,153.3276,0.0591,0.4323,0.6292,0.6327,0.4187,0.0146,,
0.02,knn,ros,platt,0.5385,0.023,0.0027,0.8945,0.0017,0.0871,0.002,0.0196,0.0002,0.0612,1.0026,0.0,1.0,0.6327,0.4187,0.0146,,
0.02,knn,ros,prior,0.5385,0.023,-1.374,0.0232,0.0456,2.2769,0.0455,0.0335,-0.7064,3.4492,0.4332,0.0124,0.9915,0.4323,0.6292,0.0178,,
0.02,knn,rus,beta,0.5934,0.0289,0.0007,1.0594,0.0017,0.0844,0.0027,0.0196,0.0023,0.0133,1.0007,0.0,1.0,0.6028,0.5274,0.0365,,
0.02,knn,rus,intercept,0.5934,0.0289,0.0012,0.9112,0.0014,0.0689,0.0023,0.0196,0.0024,0.0376,1.0011,0.0,1.0,0.5295,0.5941,0.0353,,
0.02,knn,rus,isotonic,0.5909,0.0275,0.0007,0.9253,0.0019,0.0937,0.0027,0.0196,0.002,0.0424,1.0007,0.0,1.0,0.5194,0.6107,0.0377,,
0.02,knn,rus,none,0.5934,0.0289,-3.8357,0.9112,0.4502,22.4794,0.4504,0.2297,-10.7011,-16.9173,0.0426,0.5286,0.591,1.0,0.0,,,
0.02,knn,rus,platt,0.5934,0.0289,0.0004,1.0523,0.0016,0.0798,0.0026,0.0196,0.0024,0.011,1.0004,0.0,1.0,0.5452,0.5759,0.0344,,
0.02,knn,rus,prior,0.5934,0.0289,0.057,0.9112,0.0021,0.1038,0.0026,0.0196,0.0023,1.1874,1.0597,0.0,1.0,0.5286,0.591,0.0346,,
0.02,knn,smote,beta,0.5565,0.024,0.002,0.8627,0.0023,0.1148,0.0029,0.0196,0.0001,0.0529,1.002,0.0,1.0,0.5839,0.4915,0.022,,
0.02,knn,smote,intercept,0.5565,0.024,0.0022,0.0585,0.0265,1.321,0.0267,0.0314,-0.6006,42.7112,1.0012,0.0143,0.9879,0.1318,0.9052,0.0177,,
0.02,knn,smote,isotonic,0.5531,0.0233,0.0008,0.7918,0.0018,0.0903,0.0021,0.0196,0.0005,0.0334,1.0007,0.0,1.0,0.6005,0.4722,0.0216,,
0.02,knn,smote,none,0.5565,0.024,-6.1602,0.0532,0.5664,28.2794,0.5659,0.4066,-19.7174,192.2419,0.0342,0.7304,0.339,0.988,0.0244,0.0109,,
0.02,knn,smote,platt,0.5565,0.024,0.0031,1.197,0.0022,0.1099,0.003,0.0196,0.0003,0.0679,1.003,0.0,1.0,0.5682,0.5113,0.0223,,
0.02,knn,smote,prior,0.5565,0.024,-2.2676,0.0569,0.0588,2.9377,0.0588,0.0399,-1.0309,-9.3543,0.2711,0.0143,0.9879,0.7304,0.339,0.0206,,
0.02,lr,adasyn,beta,0.5969,0.0352,0.0043,1.0875,0.0013,0.067,0.0023,0.0196,0.0037,0.0768,1.0042,0.0,1.0,0.5005,0.6358,0.0396,,
0.02,lr,adasyn,intercept,0.5969,0.0352,0.0024,0.3687,0.0089,0.4457,0.0093,0.0198,-0.0112,1.0983,1.0024,0.0018,0.9999,0.4484,0.683,0.0396,,
0.02,lr,adasyn,isotonic,0.5923,0.0302,-0.0001,0.7987,0.0023,0.1152,0.003,0.0196,0.002,0.0785,0.9999,0.0005,0.9999,0.6014,0.5251,0.0358,,
0.02,lr,adasyn,none,0.5969,0.0352,-3.9531,0.3687,0.3993,19.9371,0.3996,0.2157,-9.988,10.3847,0.0477,0.477,0.6571,0.9972,0.0064,0.0053,,
0.02,lr,adasyn,platt,0.5969,0.0352,0.0027,1.1857,0.0019,0.0944,0.0028,0.0196,0.0032,0.0343,1.0027,0.0,1.0,0.5899,0.5495,0.0393,,
0.02,lr,adasyn,prior,0.5969,0.0352,-0.0647,0.3687,0.0094,0.4675,0.0097,0.0199,-0.0139,-0.2169,0.9408,0.0018,0.9999,0.4783,0.6552,0.0393,,
0.02,lr,none,beta,0.6187,0.038,0.0024,1.1793,0.0015,0.0763,0.0026,0.0195,0.005,0.0156,1.0024,0.0,1.0,0.5691,0.5985,0.0479,,
0.02,lr,none,intercept,0.6187,0.038,0.0014,0.6583,0.0039,0.1967,0.0045,0.0196,0.0027,0.3122,1.0014,0.0,1.0,0.5009,0.6622,0.0483,,
0.02,lr,none,isotonic,0.6146,0.0336,-0.0005,0.8092,0.0017,0.0841,0.002,0.0196,0.0023,0.1054,0.9995,0.0,0.9999,0.5876,0.5699,0.0453,,
0.02,lr,none,none,0.6187,0.038,0.0057,0.6583,0.0039,0.1958,0.0044,0.0196,0.0028,0.3991,1.0056,0.0,1.0,0.4982,0.6646,0.0482,,
0.02,lr,none,platt,0.6187,0.038,0.0022,1.1788,0.0015,0.0759,0.0026,0.0195,0.005,0.0115,1.0021,0.0,1.0,0.5659,0.6014,0.0478,,
0.02,lr,ros,beta,0.6171,0.0373,0.0012,1.153,0.0019,0.0933,0.0027,0.0195,0.0047,0.0018,1.0012,0.0,1.0,0.5419,0.6235,0.0478,,
0.02,lr,ros,intercept,0.6171,0.0373,0.0001,0.5203,0.0058,0.2888,0.0061,0.0197,-0.0025,0.6131,1.0001,0.0009,0.9999,0.4871,0.676,0.0487,,
0.02,lr,ros,isotonic,0.6146,0.0327,-0.0002,0.9373,0.0016,0.0787,0.002,0.0196,0.0039,0.0391,0.9998,0.0,0.9999,0.6101,0.5399,0.0427,,
0.02,lr,ros,none,0.6171,0.0373,-3.92,0.5203,0.4147,20.7033,0.415,0.2186,-10.1389,2.6664,0.0461,0.5028,0.6622,0.9986,0.0038,0.0042,,
0.02,lr,ros,platt,0.6171,0.0373,0.003,1.2183,0.0021,0.1029,0.0029,0.0195,0.0046,0.0251,1.0029,0.0,1.0,0.5857,0.5795,0.0469,,
0.02,lr,ros,prior,0.6171,0.0373,-0.0273,0.5203,0.0059,0.2957,0.0063,0.0197,-0.0031,0.065,0.9743,0.0009,0.9999,0.5028,0.6622,0.0488,,
0.02,lr,rus,beta,0.6012,0.0341,0.0028,1.2209,0.0022,0.1102,0.0032,0.0196,0.0033,0.0354,1.0027,0.0,1.0,0.5401,0.5914,0.0375,,
0.02,lr,rus,intercept,0.6012,0.0341,0.0048,0.4288,0.0082,0.4082,0.0085,0.0199,-0.0124,1.1739,1.0046,0.0009,0.9998,0.4355,0.7012,0.0417,,
0.02,lr,rus,isotonic,0.5986,0.0312,0.0031,0.9832,0.0019,0.0968,0.0024,0.0196,0.0036,0.0611,1.003,0.0,1.0,0.5876,0.5417,0.0371,,
0.02,lr,rus,none,0.6012,0.0341,-4.1485,0.4288,0.4482,22.3777,0.4485,0.2521,-11.8422,35.5814,0.0428,0.5433,0.5893,1.0,0.0,0.0012,,
0.02,lr,rus,platt,0.6012,0.0341,0.0023,1.2822,0.002,0.1007,0.003,0.0196,0.0033,0.0252,1.0022,0.0,1.0,0.5452,0.5874,0.0377,,
0.02,lr,rus,prior,0.6012,0.0341,-0.2558,0.4288,0.0105,0.5228,0.0109,0.0201,-0.0252,-3.9521,0.7866,0.0009,0.9997,0.5433,0.5893,0.0377,,
0.02,lr,smote,beta,0.5975,0.0351,0.0041,1.0915,0.0015,0.0729,0.0025,0.0196,0.0037,0.073,1.004,0.0,1.0,0.4986,0.6348,0.0388,,
0.02,lr,smote,intercept,0.5975,0.0351,0.0017,0.3674,0.009,0.4503,0.0093,0.0199,-0.0122,1.1417,1.0018,0.0018,0.9999,0.4475,0.6859,0.0402,,
0.02,lr,smote,isotonic,0.5936,0.0305,0.0004,0.8148,0.0024,0.1187,0.0027,0.0196,0.0026,0.0744,1.0004,0.0,1.0,0.5733,0.5567,0.037,,
0.02,lr,smote,none,0.5975,0.0351,-3.9587,0.3674,0.3989,19.9146,0.3991,0.2156,-9.9845,10.6707,0.0478,0.4788,0.6581,0.9972,0.0067,0.0058,,
0.02,lr,smote,platt,0.5975,0.0351,0.0027,1.1785,0.0019,0.096,0.0029,0.0196,0.0033,0.034,1.0026,0.0,1.0,0.5912,0.5516,0.0402,,
0.02,lr,smote,prior,0.5975,0.0351,-0.0661,0.3674,0.0095,0.4728,0.0097,0.0199,-0.015,-0.1852,0.9397,0.0023,0.9999,0.4788,0.6581,0.0404,,
0.02,lr,weighted,beta,0.6176,0.0375,0.0011,1.1565,0.0019,0.0956,0.0029,0.0195,0.0049,-0.0019,1.0011,0.0,1.0,0.547,0.6214,0.0487,,
0.02,lr,weighted,intercept,0.6176,0.0375,0.0008,0.5381,0.0057,0.2839,0.0061,0.0197,-0.002,0.6052,1.0008,0.0009,0.9999,0.4894,0.6767,0.0497,,
0.02,lr,weighted,isotonic,0.6126,0.0329,0.0011,0.9405,0.0015,0.0765,0.002,0.0195,0.0043,0.0496,1.0011,0.0,1.0,0.6028,0.5494,0.0431,,
0.02,lr,weighted,none,0.6176,0.0375,-3.9177,0.5381,0.4154,20.7383,0.4157,0.2185,-10.1317,1.7172,0.046,0.5023,0.6634,1.0,0.0016,0.0053,,
0.02,lr,weighted,platt,0.6176,0.0375,0.0031,1.2162,0.002,0.0989,0.003,0.0195,0.0047,0.0263,1.003,0.0,1.0,0.5806,0.5849,0.047,,
0.02,lr,weighted,prior,0.6176,0.0375,-0.025,0.5381,0.0058,0.2898,0.0062,0.0197,-0.0025,0.089,0.9764,0.0009,0.9999,0.5023,0.6634,0.049,,
0.02,mlp,adasyn,beta,0.5233,0.0229,0.0022,1.5793,0.0048,0.2394,0.0017,0.0196,0.0001,0.0554,1.0021,0.0,1.0,0.2465,0.7893,0.0125,,
0.02,mlp,adasyn,intercept,0.524,0.0229,-0.0325,0.0337,0.033,1.6486,0.0349,0.0334,-0.7007,92.3711,0.9962,0.0318,0.9822,0.0719,0.9506,0.0144,,
0.02,mlp,adasyn,isotonic,0.533,0.0225,0.0014,0.6671,0.0017,0.0846,0.0019,0.0196,-0.0007,0.0806,1.0014,0.0,1.0,0.6544,0.3837,0.012,,
0.02,mlp,adasyn,none,0.5233,0.0229,0.5603,0.0335,0.0302,1.51,0.032,0.0313,-0.5962,94.4382,1.1734,0.0281,0.9848,0.0664,0.9566,0.0158,,
0.02,mlp,adasyn,platt,0.5233,0.0229,0.0025,1.891,0.0048,0.2377,0.0017,0.0196,0.0001,0.0591,1.0024,0.0,1.0,0.2525,0.7833,0.0124,,
0.02,mlp,adasyn,prior,0.5199,0.0224,4.4349,0.0467,0.1981,9.8913,0.0202,0.0233,-0.189,125.5964,3.7945,0.0092,0.9955,0.0281,0.9848,0.0144,,
0.02,mlp,none,beta,0.5822,0.0297,-0.0017,1.0605,0.0012,0.0582,0.0022,0.0196,0.0023,-0.0372,0.9984,0.0,1.0,0.5447,0.5699,0.0325,,
0.02,mlp,none,intercept,0.5822,0.0297,0.001,0.8145,0.0015,0.0748,0.0024,0.0196,0.0021,0.045,1.001,0.0,1.0,0.5253,0.5888,0.0325,,
0.02,mlp,none,isotonic,0.5781,0.0269,-0.0003,0.8182,0.0017,0.0854,0.0021,0.0196,0.0018,0.0318,0.9998,0.0,1.0,0.4751,0.6324,0.0347,,
0.02,mlp,none,none,0.5822,0.0297,-0.0092,0.8145,0.0022,0.1082,0.003,0.0196,0.0018,-0.1648,0.9963,0.0,1.0,0.5253,0.5864,0.0326,,
0.02,mlp,none,platt,0.5822,0.0297,-0.0017,1.119,0.0012,0.0614,0.0023,0.0196,0.0022,-0.0365,0.9983,0.0,1.0,0.5447,0.5706,0.0327,,
0.02,mlp,ros,beta,0.5203,0.0225,0.0017,0.8027,0.0096,0.4816,0.0012,0.0196,0.0002,0.0411,1.0016,0.0,1.0,0.2378,0.7972,0.0122,,
0.02,mlp,ros,intercept,0.5203,0.0225,-0.1222,0.0298,0.0267,1.3356,0.0357,0.0344,-0.7515,103.2551,0.9747,0.0309,0.9811,0.0687,0.9536,0.0147,,
0.02,mlp,ros,isotonic,0.5243,0.0219,0.0019,0.5371,0.0017,0.0836,0.0018,0.0196,-0.0001,0.0688,1.0019,0.0,1.0,0.3392,0.6964,0.0116,,
0.02,mlp,ros,none,0.5203,0.0225,0.1941,0.0298,0.0254,1.2657,0.0341,0.0332,-0.6919,103.9372,1.0617,0.0276,0.9829,0.0631,0.9572,0.0139,,
0.02,mlp,ros,platt,0.5203,0.0225,0.0018,0.8181,0.0096,0.4811,0.0012,0.0196,0.0002,0.0439,1.0018,0.0,1.0,0.2382,0.7968,0.0122,,
0.02,mlp,ros,prior,0.5206,0.0221,4.0764,0.0415,0.201,10.0343,0.022,0.0245,-0.2503,126.4558,3.0207,0.0115,0.9938,0.0276,0.9829,0.0117,,
0.02,mlp,rus,beta,0.6078,0.0331,0.0035,1.1607,0.0014,0.068,0.0021,0.0196,0.0033,0.0537,1.0035,0.0,1.0,0.5806,0.5704,0.0427,,
0.02,mlp,rus,intercept,0.6078,0.0331,0.0052,0.7585,0.0025,0.1263,0.0029,0.0196,-0.0003,0.3434,1.005,0.0,0.9999,0.5152,0.6318,0.0427,,
0.02,mlp,rus,isotonic,0.6058,0.0294,0.0022,0.8634,0.0017,0.0829,0.0023,0.0196,0.003,0.0629,1.0022,0.0,1.0,0.5991,0.5423,0.0402,,
0.02,mlp,rus,none,0.6078,0.0331,-3.9526,0.7585,0.4631,23.1221,0.4632,0.2458,-11.5231,12.1001,0.0415,0.5604,0.5859,1.0,0.0,,,
0.02,mlp,rus,platt,0.6078,0.0331,0.004,1.214,0.0017,0.083,0.0023,0.0196,0.0025,0.0941,1.0039,0.0,1.0,0.5558,0.5934,0.0425,,
0.02,mlp,rus,prior,0.6078,0.0331,-0.06,0.7585,0.0028,0.1382,0.0032,0.0196,-0.0011,-0.9828,0.9446,0.0,0.9999,0.5604,0.5859,0.0416,,
0.02,mlp,smote,beta,0.5242,0.0236,0.0013,1.095,0.0018,0.0899,0.0014,0.0196,0.0001,0.0387,1.0013,0.0,1.0,0.2991,0.7495,0.016,,
0.02,mlp,smote,intercept,0.5242,0.0236,-0.1064,0.0348,0.0363,1.8101,0.0352,0.033,-0.6812,83.3114,0.9694,0.0309,0.9821,0.0839,0.9446,0.0174,,
0.02,mlp,smote,isotonic,0.527,0.0223,-0.0007,0.5274,0.0014,0.0707,0.0016,0.0196,-0.0008,0.0473,0.9993,0.0,1.0,0.4576,0.5764,0.0105,,
0.02,mlp,smote,none,0.5242,0.0236,0.3444,0.0347,0.034,1.6974,0.0327,0.0312,-0.5908,83.8897,1.1097,0.0281,0.9845,0.0779,0.9501,0.018,,
0.02,mlp,smote,platt,0.5242,0.0236,0.0018,1.2581,0.0017,0.0854,0.0014,0.0196,0.0002,0.0448,1.0018,0.0,1.0,0.3046,0.743,0.0155,,
0.02,mlp,smote,prior,0.5203,0.0231,4.2277,0.0506,0.2017,10.0725,0.0195,0.0226,-0.153,117.3561,4.2269,0.0101,0.9963,0.0281,0.9845,0.0143,,
0.02,nb,adasyn,beta,0.5841,0.0309,0.0041,1.1063,0.0014,0.0715,0.002,0.0196,0.0022,0.0784,1.004,0.0,1.0,0.4982,0.6226,0.0351,,
0.02,nb,adasyn,intercept,0.5841,0.0309,0.011,0.1661,0.0176,0.8795,0.0177,0.0207,-0.0538,3.685,1.0101,0.0018,0.9997,0.3498,0.7558,0.0343,,
0.02,nb,adasyn,isotonic,0.5788,0.0275,0.0024,0.7269,0.0015,0.0742,0.0016,0.0196,0.0005,0.1539,1.0024,0.0005,1.0,0.4816,0.6316,0.034,,
0.02,nb,adasyn,none,0.5841,0.0309,-2.6598,0.1659,0.1407,7.0258,0.1404,0.0704,-2.5847,-23.1507,0.1268,0.1355,0.9274,0.8521,0.2117,0.022,,
0.02,nb,adasyn,platt,0.5841,0.0309,0.0035,1.1548,0.0016,0.078,0.0021,0.0196,0.0018,0.066,1.0034,0.0,1.0,0.5889,0.5305,0.0335,,
0.02,nb,adasyn,prior,0.5841,0.0309,1.2286,0.1667,0.0151,0.7536,0.0148,0.0198,-0.0111,27.8193,3.1591,0.0,1.0,0.1355,0.927,0.0337,,
0.02,nb,none,beta,0.6229,0.034,0.0019,1.1337,0.0016,0.0802,0.0023,0.0195,0.0042,0.0176,1.0018,0.0,1.0,0.5857,0.5948,0.0515,,
0.02,nb,none,intercept,0.6229,0.034,0.0074,0.3474,0.0129,0.6424,0.013,0.0206,-0.0481,3.28,1.0069,0.0037,0.9991,0.4152,0.7455,0.0514,,
0.02,nb,none,isotonic,0.6207,0.0307,0.0022,0.9097,0.0018,0.0903,0.0024,0.0196,0.0037,0.0544,1.0022,0.0,1.0,0.6488,0.5209,0.0479,,
0.02,nb,none,none,0.6229,0.034,-0.3611,0.3474,0.0164,0.818,0.0166,0.0215,-0.0935,-3.3276,0.7314,0.0046,0.9985,0.5203,0.6569,0.0522,,
0.02,nb,none,platt,0.6229,0.034,0.0018,1.1408,0.0017,0.0872,0.0023,0.0195,0.0041,0.0217,1.0017,0.0,1.0,0.5788,0.5995,0.0509,,
0.02,nb,ros,beta,0.6208,0.0363,0.0014,1.111,0.0019,0.0962,0.0029,0.0195,0.0043,0.0086,1.0014,0.0,1.0,0.5659,0.6062,0.0496,,
0.02,nb,ros,intercept,0.6208,0.0363,0.005,0.3493,0.0122,0.6071,0.0125,0.0201,-0.0228,1.9384,1.0047,0.0014,0.9999,0.4318,0.73,0.0508,,
0.02,nb,ros,isotonic,0.6167,0.0317,0.0007,0.8847,0.002,0.1012,0.0025,0.0196,0.0037,0.0456,1.0007,0.0009,1.0,0.5885,0.5721,0.0459,,
0.02,nb,ros,none,0.6208,0.0363,-4.2421,0.3493,0.4016,20.049,0.4017,0.2353,-10.99,40.2429,0.0475,0.5318,0.6393,0.9935,0.0118,0.0067,,
0.02,nb,ros,platt,0.6208,0.0363,0.0022,1.1483,0.0018,0.0893,0.0028,0.0195,0.0043,0.0208,1.0022,0.0,1.0,0.5954,0.5857,0.0515,,
0.02,nb,ros,prior,0.6208,0.0363,-0.3494,0.3493,0.0159,0.7928,0.016,0.0208,-0.061,-4.5962,0.7318,0.0037,0.9996,0.5318,0.6393,0.0498,,
0.02,nb,rus,beta,0.6091,0.0327,0.0031,1.1718,0.0021,0.1059,0.0034,0.0196,0.0032,0.0485,1.0031,0.0,1.0,0.5687,0.5673,0.0385,,
0.02,nb,rus,intercept,0.6091,0.0327,0.0127,0.2968,0.0141,0.705,0.0144,0.0205,-0.0425,3.1256,1.0119,0.0005,0.9997,0.4009,0.7507,0.0488,,
0.02,nb,rus,isotonic,0.6038,0.0297,0.0024,0.8996,0.0021,0.1062,0.0033,0.0196,0.0029,0.0605,1.0024,0.0,1.0,0.5364,0.6077,0.0419,,
0.02,nb,rus,none,0.6091,0.0327,-4.5606,0.2968,0.4329,21.6133,0.4331,0.2692,-12.7129,69.5025,0.0442,0.5553,0.5853,0.9986,0.0019,0.0016,,
0.02,nb,rus,platt,0.6091,0.0327,0.0028,1.2291,0.0019,0.0949,0.0033,0.0196,0.0033,0.0406,1.0028,0.0,1.0,0.5576,0.5845,0.0404,,
0.02,nb,rus,prior,0.6091,0.0327,-0.6679,0.2968,0.0242,1.2093,0.0245,0.0228,-0.1593,-8.7803,0.5576,0.0078,0.9979,0.5553,0.5853,0.0399,,
0.02,nb,smote,beta,0.5843,0.0307,0.0039,1.096,0.0015,0.073,0.0021,0.0196,0.0022,0.0757,1.0038,0.0,1.0,0.4986,0.6216,0.0349,,
0.02,nb,smote,intercept,0.5843,0.0307,0.0106,0.1651,0.0177,0.8852,0.0179,0.0207,-0.0556,3.7827,1.0097,0.0014,0.9997,0.3498,0.7578,0.035,,
0.02,nb,smote,isotonic,0.5796,0.0278,0.0012,0.7348,0.0017,0.0868,0.0018,0.0196,-0.0003,0.1648,1.0013,0.0005,0.9999,0.5014,0.6115,0.033,,
0.02,nb,smote,none,0.5843,0.0307,-2.6659,0.1649,0.1405,7.0162,0.1401,0.0706,-2.5965,-22.6242,0.127,0.135,0.927,0.8535,0.2143,0.0232,,
0.02,nb,smote,platt,0.5843,0.0307,0.0026,1.1442,0.0016,0.0787,0.0022,0.0196,0.0018,0.0479,1.0025,0.0,1.0,0.5853,0.5303,0.0325,,
0.02,nb,smote,prior,0.5843,0.0307,1.2268,0.1657,0.0151,0.7559,0.0148,0.0199,-0.0115,27.8235,3.1505,0.0,1.0,0.135,0.927,0.0333,,
0.02,rf,adasyn,beta,0.5981,0.0317,-0.0004,1.0779,0.0015,0.0766,0.0027,0.0196,0.0027,-0.0138,0.9996,0.0,1.0,0.5972,0.5391,0.0383,,
0.02,rf,adasyn,intercept,0.5981,0.0317,-0.0033,0.5526,0.0045,0.2226,0.0051,0.0196,0.0011,0.118,0.9968,0.0,1.0,0.5235,0.6027,0.0361,,
0.02,rf,adasyn,isotonic,0.5942,0.0291,-0.0028,0.7695,0.0016,0.0819,0.0022,0.0196,0.0004,0.0712,0.9974,0.0,0.9999,0.5774,0.5492,0.0365,,
0.02,rf,adasyn,none,0.5981,0.0317,-1.0909,0.5526,0.0365,1.8229,0.0364,0.0217,-0.1049,-22.9692,0.3551,0.0,1.0,0.9419,0.0999,0.0195,,
0.02,rf,adasyn,platt,0.5981,0.0317,-0.0009,1.0741,0.0015,0.0743,0.0027,0.0196,0.0028,-0.0219,0.9991,0.0,1.0,0.5899,0.5457,0.0382,,
0.02,rf,adasyn,prior,0.5981,0.0317,2.7975,0.5526,0.0187,0.9353,0.0188,0.02,-0.0173,78.101,15.9514,0.0,1.0,0.0,1.0,-0.0012,,
0.02,rf,none,beta,0.6101,0.0394,0.0004,1.1069,0.002,0.098,0.003,0.0195,0.0042,-0.0165,1.0004,0.0,1.0,0.6018,0.5486,0.0423,,
0.02,rf,none,intercept,0.6101,0.0394,-0.0017,0.6801,0.0038,0.1911,0.0043,0.0195,0.0045,0.0524,0.9984,0.0,1.0,0.5576,0.596,0.0438,,
0.02,rf,none,isotonic,0.6088,0.0331,-0.0024,0.9212,0.0015,0.0764,0.0018,0.0195,0.0049,-0.0071,0.9977,0.0,1.0,0.5005,0.6525,0.0469,,
0.02,rf,none,none,0.6101,0.0394,-0.0139,0.6801,0.0039,0.195,0.0044,0.0195,0.0044,-0.1991,0.9866,0.0,1.0,0.5631,0.5873,0.0428,,
0.02,rf,none,platt,0.6101,0.0394,-0.0001,1.1046,0.002,0.0974,0.003,0.0195,0.0043,-0.0282,0.9999,0.0,1.0,0.5982,0.5509,0.042,,
0.02,rf,ros,beta,0.5976,0.0325,0.0004,1.027,0.0016,0.0819,0.0026,0.0196,0.0028,0.0066,1.0004,0.0,1.0,0.5885,0.5444,0.0374,,
0.02,rf,ros,intercept,0.5976,0.0325,-0.0028,0.5984,0.0038,0.19,0.0042,0.0196,0.0017,0.0912,0.9973,0.0,1.0,0.5272,0.605,0.0378,,
0.02,rf,ros,isotonic,0.5933,0.0296,-0.0008,0.7564,0.0017,0.0862,0.0023,0.0196,0.0024,0.0372,0.9992,0.0,1.0,0.5419,0.585,0.0375,,
0.02,rf,ros,none,0.5976,0.0325,-1.8283,0.5984,0.0892,4.4559,0.0893,0.0302,-0.5398,-41.2376,0.1835,0.0014,0.9998,0.9963,0.0087,0.0068,,
0.02,rf,ros,platt,0.5976,0.0325,-0.0011,1.0238,0.0016,0.0789,0.0025,0.0196,0.0028,-0.0224,0.9989,0.0,1.0,0.5751,0.5564,0.0371,,
0.02,rf,ros,prior,0.5976,0.0325,2.0644,0.5984,0.0174,0.8699,0.0174,0.0199,-0.0142,50.39,7.6889,0.0,1.0,0.0014,0.9998,0.0102,,
0.02,rf,rus,beta,0.6192,0.0346,0.0052,1.1373,0.0017,0.0867,0.0031,0.0196,0.0039,0.0853,1.0051,0.0,1.0,0.6166,0.5526,0.0477,,
0.02,rf,rus,intercept,0.6192,0.0346,0.0022,1.2588,0.0016,0.0817,0.003,0.0196,0.0038,0.0203,1.0022,0.0,1.0,0.5949,0.5754,0.0482,,
0.02,rf,rus,isotonic,0.6166,0.0313,0.0005,0.8557,0.0018,0.0893,0.0026,0.0196,0.003,0.0634,1.0005,0.0,1.0,0.5493,0.6128,0.0473,,
0.02,rf,rus,none,0.6192,0.0346,-3.8806,1.2588,0.4626,23.0968,0.4629,0.2398,-11.2191,-4.4871,0.0415,0.5765,0.5854,1.0,0.0,,,
0.02,rf,rus,platt,0.6192,0.0346,0.0032,1.0808,0.0014,0.0687,0.0028,0.0195,0.0041,0.0525,1.0031,0.0,1.0,0.5829,0.5859,0.048,,
0.02,rf,rus,prior,0.6192,0.0346,0.0121,1.2588,0.0016,0.0811,0.003,0.0196,0.0038,0.2239,1.012,0.0,1.0,0.5765,0.5854,0.046,,
0.02,rf,smote,beta,0.5989,0.0324,0.0004,1.0985,0.0014,0.0723,0.0028,0.0196,0.0029,-0.0004,1.0004,0.0,1.0,0.5972,0.5397,0.0385,,
0.02,rf,smote,intercept,0.5989,0.0324,-0.0026,0.5587,0.0044,0.2215,0.0051,0.0196,0.0015,0.1267,0.9975,0.0,1.0,0.5221,0.6055,0.0366,,
0.02,rf,smote,isotonic,0.5982,0.0299,-0.0006,0.873,0.0014,0.0692,0.0023,0.0196,0.0031,0.0105,0.9994,0.0,1.0,0.5488,0.5868,0.0399,,
0.02,rf,smote,none,0.5989,0.0324,-1.0883,0.5587,0.0364,1.8161,0.0363,0.0217,-0.1037,-22.9118,0.356,0.0,1.0,0.9406,0.0997,0.0189,,
0.02,rf,smote,platt,0.5989,0.0324,-0.0007,1.0923,0.0014,0.069,0.0027,0.0196,0.0029,-0.0213,0.9994,0.0,1.0,0.5908,0.5465,0.0387,,
0.02,rf,smote,prior,0.5989,0.0324,2.8044,0.5587,0.0187,0.9358,0.0188,0.02,-0.0173,78.4012,16.061,0.0,1.0,0.0,1.0,-0.001,,
0.02,rf,weighted,beta,0.606,0.0329,0.0013,1.0282,0.0013,0.0659,0.0026,0.0196,0.0032,0.0242,1.0013,0.0,1.0,0.6041,0.5507,0.0436,,
0.02,rf,weighted,intercept,0.606,0.0329,0.0004,0.7344,0.0025,0.1241,0.0032,0.0196,0.003,0.0759,1.0004,0.0,1.0,0.5645,0.5901,0.044,,
0.02,rf,weighted,isotonic,0.6022,0.0299,-0.0003,0.7721,0.0017,0.0834,0.0023,0.0196,0.0024,0.0574,0.9997,0.0,1.0,0.5535,0.587,0.0414,,
0.02,rf,weighted,none,0.606,0.0329,-1.8551,0.7344,0.0927,4.6297,0.0927,0.0302,-0.5389,-42.6343,0.1778,0.0,0.9999,0.9977,0.0029,0.0001,,
0.02,rf,weighted,platt,0.606,0.0329,0.0009,1.0274,0.0013,0.0658,0.0025,0.0196,0.0032,0.0192,1.0009,0.0,1.0,0.5922,0.5623,0.0436,,
0.02,rf,weighted,prior,0.606,0.0329,2.0375,0.7344,0.0173,0.8656,0.0174,0.0199,-0.0142,49.5517,7.5006,0.0,1.0,0.0,0.9999,-0.0016,,
0.02,svm,adasyn,beta,0.5079,0.0215,0.0017,0.3537,0.1713,8.553,0.0011,0.0196,0.0001,0.0374,1.0017,0.0,1.0,0.2894,0.7235,0.0057,,
0.02,svm,adasyn,intercept,0.5191,0.0221,-0.1426,0.0479,0.1987,9.9222,0.0352,0.0325,-0.6547,68.7945,0.9509,0.024,0.9826,0.0876,0.938,0.0148,,
0.02,svm,adasyn,isotonic,0.5229,0.0216,0.0015,1.2237,0.0128,0.6393,0.0006,0.0196,0.0001,0.04,1.0015,0.0,1.0,0.2461,0.7961,0.0146,,
0.02,svm,adasyn,none,0.5191,0.0221,5.2269,0.0477,0.2024,10.1051,0.0183,0.0215,-0.0947,141.0754,8.8385,0.0032,0.9979,0.0161,0.9898,0.0088,,
0.02,svm,adasyn,platt,0.5079,0.0215,0.0018,0.6917,0.1715,8.5606,0.0011,0.0196,0.0001,0.0382,1.0018,0.0,1.0,0.2899,0.7235,0.0059,,
0.02,svm,adasyn,prior,0.5156,0.0214,8.399,0.0675,0.1997,9.9717,0.0195,0.0202,-0.0312,319.6901,61.4998,0.0005,0.9997,0.0032,0.9979,0.0046,,
0.02,svm,none,beta,0.5468,0.0264,0.0023,2.7167,0.002,0.098,0.0026,0.0196,0.0006,0.0423,1.0023,0.0,1.0,0.594,0.4581,0.0145,,
0.02,svm,none,intercept,0.532,0.0252,0.002,1.7917,0.0023,0.1133,0.0028,0.0196,0.0005,0.0428,1.0019,0.0,1.0,0.506,0.5402,0.013,,
0.02,svm,none,isotonic,0.5393,0.0237,0.0018,0.5975,0.0054,0.2688,0.0013,0.0196,0.0006,0.0518,1.0017,0.0,1.0,0.5272,0.5218,0.0146,,
0.02,svm,none,none,0.532,0.0252,-0.0187,1.7917,0.0024,0.1188,0.0029,0.0196,0.0004,-0.3838,0.9818,0.0,1.0,0.6166,0.4166,0.0098,,
0.02,svm,none,platt,0.5468,0.0264,0.0032,2.412,0.0018,0.0912,0.0026,0.0196,0.0006,0.0604,1.0031,0.0,1.0,0.5171,0.546,0.0178,,
0.02,svm,ros,beta,0.5055,0.0208,0.0017,10.751,0.1947,9.719,0.0,0.0196,0.0001,0.0365,1.0017,0.0,1.0,0.4562,0.564,0.0118,,
0.02,svm,ros,intercept,0.5183,0.0215,-0.1463,0.0574,0.2035,10.161,0.0011,0.0322,-0.638,55.6999,0.9504,0.0258,0.984,0.071,0.9543,0.0171,,
0.02,svm,ros,isotonic,0.5169,0.0212,0.002,0.937,0.1867,9.3238,0.0001,0.0196,0.0002,0.0467,1.002,0.0,1.0,0.318,0.7196,0.0219,,
0.02,svm,ros,none,0.5183,0.0215,7.7294,0.0545,0.1996,9.9677,0.0184,0.0211,-0.0731,206.8403,13.759,0.0018,0.9987,0.0065,0.995,0.0035,,
0.02,svm,ros,platt,0.5055,0.0208,0.0018,0.3711,0.1947,9.7197,0.0,0.0196,-0.0,0.0423,1.0018,0.0,1.0,0.4161,0.5905,0.0046,,
0.02,svm,ros,prior,0.5077,0.0208,9.323,0.054,0.2,9.987,0.0196,0.0203,-0.0347,403.8774,49.5767,0.0009,0.9996,0.0018,0.9987,0.0024,,
0.02,svm,rus,beta,0.5708,0.0271,0.0036,1.4257,0.0017,0.0841,0.0029,0.0196,0.0012,0.067,1.0036,0.0,1.0,0.5834,0.518,0.0285,,
0.02,svm,rus,intercept,0.5425,0.0241,0.0022,0.8207,0.0038,0.1883,0.0046,0.0197,-0.0018,0.1381,1.0022,0.0,1.0,0.506,0.5646,0.0199,,
0.02,svm,rus,isotonic,0.5516,0.0232,0.0022,0.6442,0.0052,0.2589,0.0015,0.0196,0.0008,0.0586,1.0021,0.0,1.0,0.388,0.6921,0.024,,
0.02,svm,rus,none,0.5425,0.0241,-3.9817,0.8207,0.4876,24.343,0.4876,0.2647,-12.4851,29.3446,0.0395,0.6111,0.455,1.0,0.0,,,
0.02,svm,rus,platt,0.5708,0.0271,0.0033,1.3866,0.0016,0.081,0.0027,0.0196,0.0013,0.0591,1.0032,0.0,1.0,0.5447,0.5593,0.0294,,
0.02,svm,rus,prior,0.5425,0.0241,-0.0891,0.8207,0.0048,0.2421,0.0057,0.0197,-0.0048,-1.7222,0.9263,0.0,1.0,0.6111,0.455,0.0183,,
0.02,svm,smote,beta,0.5105,0.0216,0.0017,1.172,0.0112,0.5612,0.0014,0.0196,0.0001,0.0359,1.0017,0.0,1.0,0.3599,0.663,0.0085,,
0.02,svm,smote,intercept,0.5222,0.0222,-0.133,0.0458,0.2026,10.1173,0.0353,0.0323,-0.646,67.6968,0.9524,0.0258,0.9828,0.0885,0.9367,0.0145,,
0.02,svm,smote,isotonic,0.5293,0.022,0.0015,1.3042,0.0073,0.3654,0.0007,0.0196,0.0002,0.0386,1.0015,0.0,1.0,0.3373,0.7177,0.0179,,
0.02,svm,smote,none,0.5222,0.0222,4.9364,0.0456,0.2026,10.1173,0.0183,0.0215,-0.0964,131.975,7.6207,0.0032,0.9978,0.0161,0.9885,0.006,,
0.02,svm,smote,platt,0.5105,0.0216,0.0018,0.6944,0.0109,0.5419,0.0014,0.0196,0.0001,0.0382,1.0018,0.0,1.0,0.3147,0.6969,0.0049,,
0.02,svm,smote,prior,0.5146,0.0214,8.2309,0.0635,0.1994,9.9543,0.0196,0.0202,-0.0305,301.3881,52.7191,0.0005,0.9997,0.0032,0.9978,0.0036,,
0.02,svm,weighted,beta,0.5302,0.0231,0.0024,3.9624,0.0018,0.0917,0.003,0.0196,0.0002,0.0484,1.0023,0.0,1.0,0.5226,0.5279,0.0142,,
0.02,svm,weighted,intercept,0.5302,0.0231,0.002,3.6423,0.0018,0.0904,0.003,0.0196,0.0002,0.0425,1.002,0.0,1.0,0.5281,0.5234,0.0145,,
0.02,svm,weighted,isotonic,0.5282,0.0221,0.0014,0.4773,0.0052,0.2592,0.0013,0.0196,0.0001,0.0452,1.0014,0.0,1.0,0.6544,0.3819,0.0095,,
0.02,svm,weighted,none,0.5302,0.0231,-0.0196,3.6423,0.0019,0.0954,0.0031,0.0196,0.0002,-0.403,0.981,0.0,1.0,0.6982,0.3197,0.0059,,
0.02,svm,weighted,platt,0.5302,0.0231,0.0021,3.8629,0.0018,0.0912,0.003,0.0196,0.0002,0.0442,1.0021,0.0,1.0,0.5235,0.5265,0.0141,,
0.02,svm,weighted,prior,0.5302,0.0231,3.8731,3.6423,0.0197,0.9819,0.0196,0.02,-0.0196,140.0291,47.1395,0.0,1.0,0.0,1.0,,,
0.02,xgb,adasyn,beta,0.5797,0.0325,0.0015,0.9896,0.0014,0.0719,0.0028,0.0196,0.002,0.0324,1.0015,0.0,1.0,0.553,0.5519,0.0295,,
0.02,xgb,adasyn,intercept,0.5797,0.0325,0.0015,0.4497,0.0063,0.3155,0.0067,0.0196,-0.001,0.2927,1.0015,0.0,1.0,0.4885,0.6232,0.0323,,
0.02,xgb,adasyn,isotonic,0.5782,0.028,0.0016,0.7708,0.002,0.0979,0.0027,0.0196,0.0021,0.0741,1.0015,0.0,1.0,0.5327,0.5646,0.0283,,
0.02,xgb,adasyn,none,0.5797,0.0325,-0.5696,0.4497,0.0157,0.7833,0.0159,0.0201,-0.0253,-11.4452,0.5799,0.0,1.0,0.7747,0.3084,0.0253,,
0.02,xgb,adasyn,platt,0.5797,0.0325,0.0015,0.992,0.0014,0.0717,0.0028,0.0196,0.002,0.0319,1.0014,0.0,1.0,0.5479,0.5566,0.0295,,
0.02,xgb,adasyn,prior,0.5797,0.0325,3.3188,0.4497,0.0192,0.9566,0.0193,0.02,-0.0186,103.9861,26.8508,0.0,1.0,0.0,1.0,,,
0.02,xgb,none,beta,0.6027,0.0365,0.0002,1.1032,0.0017,0.0848,0.0032,0.0196,0.0038,-0.0079,1.0002,0.0,1.0,0.5567,0.5851,0.0403,,
0.02,xgb,none,intercept,0.6027,0.0365,-0.0033,0.5274,0.006,0.2989,0.0066,0.0196,-0.001,0.3905,0.9969,0.0,1.0,0.4825,0.6636,0.0432,,
0.02,xgb,none,isotonic,0.5989,0.0315,-0.0019,0.8425,0.0018,0.0886,0.0025,0.0196,0.0026,0.0415,0.9982,0.0,1.0,0.5521,0.5816,0.039,,
0.02,xgb,none,none,0.6027,0.0365,0.0339,0.5274,0.0059,0.2939,0.0065,0.0196,-0.0004,1.1391,1.0331,0.0,1.0,0.4627,0.6823,0.0435,,
0.02,xgb,none,platt,0.6027,0.0365,0.0007,1.1082,0.0017,0.0831,0.0032,0.0196,0.0039,0.0011,1.0006,0.0,1.0,0.5544,0.5886,0.0407,,
0.02,xgb,ros,beta,0.575,0.0319,0.0038,1.0523,0.0017,0.0855,0.0028,0.0196,0.0017,0.099,1.0037,0.0,1.0,0.4908,0.6205,0.0321,,
0.02,xgb,ros,intercept,0.575,0.0319,0.0017,0.3472,0.007,0.3509,0.0073,0.0197,-0.0022,0.3697,1.0016,0.0,1.0,0.5028,0.611,0.0327,,
0.02,xgb,ros,isotonic,0.5745,0.0275,0.0015,0.7615,0.002,0.099,0.002,0.0196,0.0006,0.131,1.0015,0.0,1.0,0.4922,0.61,0.0301,,
0.02,xgb,ros,none,0.575,0.0319,-3.458,0.3472,0.3296,16.4546,0.3297,0.1519,-6.7375,-44.8155,0.0573,0.2696,0.818,0.9995,0.0021,0.0053,,
0.02,xgb,ros,platt,0.575,0.0319,0.0009,1.0977,0.0019,0.0955,0.0029,0.0196,0.0016,0.0199,1.0008,0.0,1.0,0.5935,0.5129,0.0299,,
0.02,xgb,ros,prior,0.575,0.0319,0.4347,0.3472,0.0077,0.3866,0.0078,0.0196,-0.001,9.2421,1.5268,0.0,1.0,0.2696,0.818,0.0317,,
0.02,xgb,rus,beta,0.5936,0.0317,0.0021,1.0724,0.0015,0.0759,0.0025,0.0196,0.0028,0.0373,1.002,0.0,1.0,0.4986,0.6313,0.0377,,
0.02,xgb,rus,intercept,0.5936,0.0317,0.0015,0.3752,0.0092,0.4612,0.0094,0.0198,-0.0111,0.9525,1.0015,0.0,1.0,0.441,0.6898,0.0395,,
0.02,xgb,rus,isotonic,0.5874,0.0283,0.0009,0.7966,0.0016,0.0787,0.0017,0.0196,0.0025,0.0551,1.0009,0.0,1.0,0.4945,0.6357,0.0382,,
0.02,xgb,rus,none,0.5936,0.0317,-4.1835,0.3752,0.4492,22.427,0.4495,0.2578,-12.1344,43.5486,0.0427,0.5544,0.5739,1.0,0.0,0.001,,
0.02,xgb,rus,platt,0.5936,0.0317,0.0014,1.1066,0.0016,0.0795,0.0026,0.0196,0.0028,0.0182,1.0014,0.0,1.0,0.5507,0.5768,0.0361,,
0.02,xgb,rus,prior,0.5936,0.0317,-0.2908,0.3752,0.0121,0.6024,0.0123,0.0202,-0.0271,-4.804,0.7607,0.0,1.0,0.5544,0.5739,0.0364,,
0.02,xgb,smote,beta,0.5767,0.0301,0.0017,0.9275,0.0015,0.076,0.0024,0.0196,0.0019,0.0415,1.0017,0.0,1.0,0.5475,0.5532,0.0284,,
0.02,xgb,smote,intercept,0.5767,0.0301,0.002,0.4282,0.0064,0.3208,0.0069,0.0197,-0.0014,0.3128,1.0019,0.0,1.0,0.4783,0.6241,0.0296,,
0.02,xgb,smote,isotonic,0.5733,0.0274,0.0008,0.72,0.0021,0.1036,0.0026,0.0196,0.0013,0.0877,1.0008,0.0005,0.9999,0.5949,0.4958,0.026,,
0.02,xgb,smote,none,0.5767,0.0301,-0.5748,0.4282,0.016,0.7997,0.0159,0.0202,-0.0267,-11.5424,0.5777,0.0,1.0,0.7765,0.3072,0.0256,,
0.02,xgb,smote,platt,0.5767,0.0301,0.0017,0.9297,0.0015,0.075,0.0024,0.0196,0.0019,0.0416,1.0017,0.0,1.0,0.5465,0.5578,0.0295,,
0.02,xgb,smote,prior,0.5767,0.0301,3.3178,0.4282,0.0192,0.9588,0.0193,0.02,-0.0186,103.9524,26.8479,0.0,1.0,0.0,1.0,,,
0.02,xgb,weighted,beta,0.5804,0.0314,0.0022,1.0693,0.002,0.098,0.0029,0.0196,0.002,0.058,1.0022,0.0,1.0,0.4995,0.6221,0.0351,,
0.02,xgb,weighted,intercept,0.5804,0.0314,0.0014,0.3456,0.0079,0.3952,0.008,0.0197,-0.0035,0.4583,1.0014,0.0,1.0,0.4848,0.6327,0.0341,,
0.02,xgb,weighted,isotonic,0.5796,0.0278,0.0011,0.8041,0.0023,0.1149,0.003,0.0196,0.0016,0.0775,1.001,0.0,1.0,0.4733,0.6403,0.0332,,
0.02,xgb,weighted,none,0.5804,0.0314,-3.4173,0.3456,0.3139,15.6723,0.3141,0.1442,-6.3472,-42.3688,0.06,0.2751,0.8263,1.0,0.0018,0.0058,,
0.02,xgb,weighted,platt,0.5804,0.0314,0.0007,1.0476,0.0023,0.114,0.0032,0.0196,0.0018,0.0156,1.0007,0.0,1.0,0.5783,0.5298,0.0304,,
0.02,xgb,weighted,prior,0.5804,0.0314,0.4753,0.3456,0.0082,0.4107,0.0083,0.0197,-0.0013,10.1496,1.587,0.0,1.0,0.2751,0.8263,0.0372,,
0.05,cart,adasyn,beta,0.5642,0.063,-0.001,1.0293,0.0036,0.0726,0.0084,0.0474,0.0023,-0.0184,0.9991,0.0,1.0,0.5,0.6004,0.0457,,
0.05,cart,adasyn,intercept,0.5642,0.063,-0.0065,0.1966,0.0278,0.5566,0.0295,0.0492,-0.0358,3.6761,0.9944,0.002,0.9988,0.4465,0.6371,0.0387,,
0.05,cart,adasyn,isotonic,0.5742,0.0626,-0.0012,0.923,0.0033,0.0668,0.0039,0.0473,0.0037,-0.0021,0.9989,0.0,1.0,0.4908,0.6166,0.0514,,
0.05,cart,adasyn,none,0.5642,0.063,-1.6418,0.1912,0.1414,2.8283,0.141,0.084,-0.7681,-35.5346,0.2651,0.0696,0.9644,0.9091,0.125,0.0206,,
0.05,cart,adasyn,platt,0.5642,0.063,-0.0006,1.1692,0.0038,0.0769,0.0089,0.0474,0.0023,-0.0384,0.9995,0.0,1.0,0.5628,0.5433,0.0465,,
0.05,cart,adasyn,prior,0.5642,0.063,1.2947,0.2011,0.0356,0.7121,0.035,0.0487,-0.0261,46.0614,3.3498,0.0,1.0,0.0696,0.9644,0.0368,,
0.05,cart,none,beta,0.5859,0.0745,-0.0017,0.971,0.0066,0.1323,0.0087,0.0473,0.0051,0.0774,0.9984,0.0013,0.9998,0.3228,0.7891,0.0622,,
0.05,cart,none,intercept,0.5859,0.0745,-0.0008,0.0281,0.0148,0.2953,0.0156,0.0481,-0.0117,2.3136,0.9993,0.0021,0.9996,0.4497,0.6889,0.0666,,
0.05,cart,none,isotonic,0.5917,0.0724,-0.0019,0.923,0.0019,0.038,0.002,0.0471,0.0082,0.02,0.9982,0.0,1.0,0.4812,0.6618,0.068,,
0.05,cart,none,none,0.5859,0.0745,-0.0014,0.028,0.0148,0.2952,0.0156,0.0481,-0.0117,2.2957,0.9987,0.0041,0.9992,0.449,0.6894,0.0666,,
0.05,cart,none,platt,0.5859,0.0745,-0.0001,0.1174,0.0132,0.2646,0.013,0.0475,0.0006,-0.0082,0.9999,0.0,1.0,0.6748,0.4434,0.0527,,
0.05,cart,ros,beta,0.571,0.0708,-0.0012,1.0486,0.0091,0.182,0.0121,0.0475,-0.0002,0.1023,0.9989,0.0005,0.9997,0.5761,0.5329,0.0477,,
0.05,cart,ros,intercept,0.571,0.0708,-0.0046,0.0068,0.0206,0.4115,0.021,0.0494,-0.0408,4.4156,0.996,0.0064,0.9973,0.5372,0.5787,0.0516,,
0.05,cart,ros,isotonic,0.5809,0.0693,-0.0009,0.9692,0.0021,0.0414,0.0028,0.0472,0.0069,-0.0088,0.9991,0.0,1.0,0.4277,0.7051,0.0643,,
0.05,cart,ros,none,0.571,0.0708,-2.9439,0.0002,0.3768,7.5364,0.3734,0.2221,-3.6754,23.673,0.1193,0.5372,0.5787,0.8928,0.0898,-0.0139,,
0.05,cart,ros,platt,0.5198,0.0621,0.0001,1.5932,0.0135,0.2694,0.0145,0.0475,0.0001,0.004,1.0001,0.0,1.0,0.5635,0.4614,0.0132,,
0.05,cart,ros,prior,0.571,0.0708,0.0002,0.0068,0.0205,0.4091,0.0209,0.0494,-0.0406,4.5616,1.0002,0.0068,0.9973,0.5372,0.5787,0.0516,,
0.05,cart,rus,beta,0.5852,0.0689,-0.0011,0.9784,0.0026,0.0519,0.0058,0.0473,0.0045,-0.013,0.999,0.0,1.0,0.5594,0.5645,0.055,,
0.05,cart,rus,intercept,0.5852,0.0689,-0.0036,0.2869,0.0236,0.4716,0.0241,0.0499,-0.0507,5.5352,0.9969,0.0063,0.9974,0.4033,0.7079,0.0533,,
0.05,cart,rus,isotonic,0.5905,0.0677,-0.0007,0.9248,0.0031,0.0622,0.0039,0.0472,0.0058,0.0289,0.9994,0.0,1.0,0.4972,0.6284,0.059,,
0.05,cart,rus,none,0.5852,0.0689,-3.2299,0.2869,0.4226,8.4522,0.423,0.2567,-4.4051,41.6295,0.1057,0.5752,0.5463,0.9979,0.0036,0.012,,
0.05,cart,rus,platt,0.5852,0.0689,-0.0009,0.9937,0.003,0.0607,0.0064,0.0473,0.0042,-0.0027,0.9992,0.0,1.0,0.5455,0.5738,0.0529,,
0.05,cart,rus,prior,0.5852,0.0689,-0.2859,0.2869,0.0282,0.5637,0.0287,0.0512,-0.0771,-2.5106,0.7831,0.0138,0.9931,0.5752,0.5463,0.0534,,
0.05,cart,smote,beta,0.5668,0.0654,0.0008,1.0131,0.0032,0.0641,0.0076,0.0473,0.0032,0.0138,1.0008,0.0,1.0,0.5081,0.5957,0.047,,
0.05,cart,smote,intercept,0.5668,0.0654,0.0022,0.2223,0.0251,0.5016,0.0256,0.0488,-0.0273,3.3748,1.002,0.0011,0.9994,0.4116,0.671,0.0384,,
0.05,cart,smote,isotonic,0.5756,0.0646,0.0003,0.9638,0.0027,0.055,0.0029,0.0473,0.0045,0.0165,1.0003,0.0,1.0,0.4823,0.6378,0.0567,,
0.05,cart,smote,none,0.5668,0.0654,-1.5634,0.2186,0.1317,2.6339,0.1311,0.0787,-0.6567,-36.1901,0.2776,0.0615,0.9715,0.9096,0.1199,0.0181,,
0.05,cart,smote,platt,0.5668,0.0654,0.0008,1.0693,0.0035,0.0707,0.0079,0.0474,0.0024,0.0251,1.0007,0.0,0.9999,0.5533,0.5458,0.0439,,
0.05,cart,smote,prior,0.5668,0.0654,1.3806,0.2256,0.0367,0.7342,0.0362,0.0488,-0.0269,49.1992,3.6424,0.0,0.9999,0.0615,0.9715,0.0395,,
0.05,cart,weighted,beta,0.5792,0.0729,0.0003,0.9912,0.0055,0.1104,0.0096,0.0472,0.0059,-0.0015,1.0003,0.0,1.0,0.5583,0.5699,0.0565,,
0.05,cart,weighted,intercept,0.5792,0.0729,-0.0024,0.0222,0.018,0.3596,0.0189,0.0481,-0.013,2.2472,0.9978,0.0014,0.9997,0.5225,0.6,0.0545,,
0.05,cart,weighted,isotonic,0.5882,0.071,-0.0019,0.9576,0.0024,0.0472,0.0027,0.0471,0.0077,-0.0337,0.9982,0.0,1.0,0.5063,0.6361,0.0648,,
0.05,cart,weighted,none,0.5792,0.0729,-2.939,0.0128,0.3834,7.6692,0.3811,0.2258,-3.7543,27.1741,0.1173,0.5132,0.6065,0.9023,0.0934,-0.0036,,
0.05,cart,weighted,platt,0.5579,0.0692,0.0004,9.7256,0.0132,0.2631,0.0143,0.0475,0.0002,0.0137,1.0004,0.0,1.0,0.7233,0.3038,0.0168,,
0.05,cart,weighted,prior,0.5792,0.0729,0.005,0.0223,0.0178,0.3564,0.0188,0.0481,-0.0126,2.4703,1.0046,0.0005,0.9999,0.5132,0.6065,0.0534,,
0.05,knn,adasyn,beta,0.5724,0.0632,-0.0002,1.2993,0.0048,0.0965,0.0056,0.0474,0.0022,-0.0295,0.9998,0.0,1.0,0.6229,0.4791,0.0447,,
0.05,knn,adasyn,intercept,0.5724,0.0632,-0.0029,0.1273,0.0301,0.6019,0.0304,0.0522,-0.0995,9.5002,0.9977,0.005,0.9969,0.3756,0.7125,0.0422,,
0.05,knn,adasyn,isotonic,0.5685,0.0609,0.0001,0.9359,0.0022,0.0447,0.004,0.0474,0.0026,0.0166,1.0001,0.0,1.0,0.5929,0.5042,0.0429,,
0.05,knn,adasyn,none,0.5724,0.0632,-4.1568,0.1256,0.5859,11.7181,0.5861,0.4275,-7.9995,199.9751,0.0786,0.8443,0.2293,0.9979,0.0059,0.0109,,
0.05,knn,adasyn,platt,0.5724,0.0632,-0.0004,1.1969,0.0059,0.1178,0.0062,0.0474,0.0015,-0.0032,0.9996,0.0,1.0,0.5542,0.5484,0.0449,,
0.05,knn,adasyn,prior,0.5724,0.0632,-1.2203,0.1268,0.086,1.7202,0.0855,0.0675,-0.4208,-22.2622,0.3786,0.0361,0.9789,0.8443,0.2293,0.0384,,
0.05,knn,none,beta,0.5761,0.0669,-0.0003,1.081,0.0021,0.0417,0.0027,0.0473,0.0048,-0.0361,0.9998,0.0,1.0,0.4885,0.6251,0.0511,,
0.05,knn,none,intercept,0.5761,0.0669,-0.0011,0.0533,0.0189,0.3784,0.019,0.0478,-0.0068,1.3991,0.999,0.0,1.0,0.4885,0.6251,0.0511,,
0.05,knn,none,isotonic,0.5752,0.066,-0.001,1.0198,0.0023,0.0466,0.0023,0.0473,0.0045,-0.0216,0.9991,0.0,0.9999,0.4885,0.6251,0.0511,,
0.05,knn,none,none,0.5761,0.0669,0.1097,0.0533,0.0173,0.3465,0.0172,0.0477,-0.0041,4.8509,1.1073,0.0,1.0,0.4885,0.6251,0.0511,,
0.05,knn,none,platt,0.5761,0.0669,-0.0001,1.2396,0.0091,0.1812,0.0085,0.0474,0.0013,-0.0183,0.9999,0.0,1.0,0.9053,0.1365,0.0268,,
0.05,knn,ros,beta,0.5648,0.0634,-0.0012,1.1,0.0037,0.0749,0.0042,0.0474,0.0012,0.0182,0.9989,0.0002,0.9998,0.5362,0.5566,0.0413,,
0.05,knn,ros,intercept,0.5648,0.0634,-0.0042,0.053,0.0304,0.6071,0.0302,0.0499,-0.0508,5.2597,0.9964,0.0047,0.9981,0.4077,0.687,0.0443,,
0.05,knn,ros,isotonic,0.5638,0.0609,0.0005,1.0243,0.0023,0.0457,0.0025,0.0474,0.0026,0.0146,1.0004,0.0,1.0,0.4864,0.608,0.0424,,
0.05,knn,ros,none,0.5648,0.0634,-3.0717,0.0397,0.3723,7.447,0.3643,0.2335,-3.9168,52.6457,0.1212,0.4592,0.6354,0.898,0.1467,0.0278,,
0.05,knn,ros,platt,0.5648,0.0634,-0.0004,1.2648,0.0068,0.1368,0.0069,0.0474,0.0012,-0.027,0.9996,0.0,1.0,0.8661,0.1805,0.0265,,
0.05,knn,ros,prior,0.5648,0.0634,-0.1277,0.0523,0.0325,0.6504,0.0326,0.0505,-0.0628,1.7919,0.8951,0.0047,0.9981,0.4592,0.6354,0.0428,,
0.05,knn,rus,beta,0.5966,0.0716,-0.002,1.0048,0.0021,0.0412,0.0038,0.0472,0.0063,-0.0665,0.9981,0.0,1.0,0.542,0.5826,0.0551,,
0.05,knn,rus,intercept,0.5966,0.0716,-0.003,0.8083,0.0038,0.0754,0.0052,0.0472,0.0057,0.0768,0.9971,0.0,1.0,0.5283,0.597,0.0556,,
0.05,knn,rus,isotonic,0.5935,0.0691,-0.0024,0.8771,0.0025,0.0496,0.0031,0.0472,0.0057,0.0,0.9977,0.0,1.0,0.5444,0.5846,0.0571,,
0.05,knn,rus,none,0.5966,0.0716,-2.8697,0.8083,0.4111,8.2216,0.4113,0.2239,-3.7148,-20.0492,0.1084,0.5023,0.6255,1.0,0.0,,,
0.05,knn,rus,platt,0.5966,0.0716,-0.0024,1.0061,0.0014,0.029,0.0033,0.0472,0.0065,-0.084,0.9977,0.0,1.0,0.5623,0.5671,0.0569,,
0.05,knn,rus,prior,0.5966,0.0716,0.0744,0.8083,0.0047,0.0937,0.0058,0.0472,0.0058,2.5738,1.0728,0.0,1.0,0.5023,0.6255,0.0574,,
0.05,knn,smote,beta,0.5746,0.0637,0.0001,1.2428,0.0047,0.0939,0.0051,0.0474,0.0025,-0.0223,1.0001,0.0,1.0,0.6428,0.465,0.0472,,
0.05,knn,smote,intercept,0.5746,0.0637,-0.002,0.1245,0.0308,0.6151,0.031,0.0526,-0.1078,10.3899,0.9985,0.0054,0.9965,0.3656,0.7244,0.0437,,
0.05,knn,smote,isotonic,0.5722,0.0616,-0.0,0.9924,0.0024,0.0471,0.0034,0.0474,0.0031,0.0001,1.0,0.0,1.0,0.5832,0.5189,0.0449,,
0.05,knn,smote,none,0.5746,0.0637,-4.1643,0.1233,0.5822,11.6437,0.5824,0.424,-7.9263,197.6957,0.0791,0.837,0.2371,0.9975,0.0062,0.0104,,
0.05,knn,smote,platt,0.5746,0.0637,-0.0004,1.1472,0.0061,0.1213,0.0059,0.0474,0.0015,0.0041,0.9997,0.0,1.0,0.5524,0.5545,0.0469,,
0.05,knn,smote,prior,0.5746,0.0637,-1.2202,0.1242,0.0851,1.7026,0.0847,0.0677,-0.4259,-21.2136,0.3817,0.0404,0.9777,0.837,0.2371,0.0382,,
0.05,lr,adasyn,beta,0.6113,0.0857,-0.0009,0.9662,0.0019,0.0374,0.0039,0.047,0.0111,0.0321,0.9992,0.0009,0.9999,0.5089,0.6557,0.0752,,
0.05,lr,adasyn,intercept,0.6113,0.0857,-0.003,0.5351,0.0124,0.2476,0.0128,0.0474,0.0026,1.3226,0.9973,0.0023,0.9997,0.5123,0.6542,0.0759,,
0.05,lr,adasyn,isotonic,0.6083,0.08,-0.002,0.8275,0.0031,0.0622,0.0037,0.047,0.0101,0.1138,0.9981,0.0009,1.0,0.4841,0.6705,0.0719,,
0.05,lr,adasyn,none,0.6113,0.0857,-2.9653,0.5351,0.3968,7.936,0.3974,0.2259,-3.7559,5.9729,0.1118,0.5202,0.6443,0.9962,0.0055,0.0055,,
0.05,lr,adasyn,platt,0.6113,0.0857,0.0004,0.9684,0.0028,0.0566,0.0043,0.047,0.0107,-0.0248,1.0003,0.0,1.0,0.5632,0.5917,0.0685,,
0.05,lr,adasyn,prior,0.6113,0.0857,-0.0287,0.5351,0.0127,0.2531,0.0131,0.0474,0.0019,0.5286,0.9742,0.0023,0.9997,0.5254,0.6397,0.0746,,
0.05,lr,none,beta,0.6287,0.0925,-0.0018,0.9473,0.0022,0.0434,0.0038,0.0468,0.0144,-0.0167,0.9983,0.0,1.0,0.5422,0.643,0.0838,,
0.05,lr,none,intercept,0.6287,0.0925,-0.0026,0.8015,0.0048,0.0958,0.0058,0.0469,0.0127,0.3917,0.9976,0.0021,0.9998,0.519,0.6658,0.0848,,
0.05,lr,none,isotonic,0.6273,0.0857,-0.003,0.8155,0.0031,0.0629,0.0049,0.0469,0.0123,0.2345,0.9972,0.0013,0.9998,0.4934,0.6924,0.0881,,
0.05,lr,none,none,0.6287,0.0925,0.0004,0.8015,0.0048,0.0964,0.0058,0.0469,0.0127,0.4878,1.0004,0.0021,0.9999,0.5179,0.6678,0.0853,,
0.05,lr,none,platt,0.6287,0.0925,-0.0019,0.9507,0.002,0.0393,0.0037,0.0468,0.0144,0.0072,0.9982,0.0007,1.0,0.5358,0.649,0.0839,,
0.05,lr,ros,beta,0.627,0.0898,-0.003,0.9268,0.0026,0.0513,0.004,0.0469,0.0118,0.0881,0.9972,0.0016,0.9998,0.5159,0.6651,0.0832,,
0.05,lr,ros,intercept,0.627,0.0898,-0.0033,0.6688,0.0073,0.1463,0.0079,0.0471,0.0074,0.9042,0.997,0.0023,0.9996,0.514,0.6706,0.085,,
0.05,lr,ros,isotonic,0.625,0.0839,-0.0019,0.854,0.0035,0.0702,0.0047,0.0469,0.0121,0.1731,0.9982,0.0007,0.9999,0.5133,0.6641,0.0827,,
0.05,lr,ros,none,0.627,0.0898,-2.9562,0.6688,0.4057,8.1139,0.4062,0.2267,-3.7727,-0.7859,0.1096,0.5184,0.6655,0.997,0.0044,0.0048,,
0.05,lr,ros,platt,0.627,0.0898,-0.001,0.9486,0.002,0.0394,0.0039,0.0469,0.0128,0.0133,0.999,0.0002,1.0,0.5485,0.6355,0.0829,,
0.05,lr,ros,prior,0.627,0.0898,-0.0121,0.6688,0.0074,0.1474,0.008,0.0472,0.0072,0.6272,0.989,0.0023,0.9996,0.5184,0.6655,0.0844,,
0.05,lr,rus,beta,0.618,0.0827,-0.0002,0.9472,0.0021,0.0421,0.0035,0.047,0.0099,0.0634,0.9998,0.0005,1.0,0.5401,0.6254,0.0744,,
0.05,lr,rus,intercept,0.618,0.0827,-0.0017,0.5797,0.0113,0.2263,0.0119,0.0476,-0.0013,1.5552,0.9984,0.0023,0.9995,0.4927,0.6751,0.0775,,
0.05,lr,rus,isotonic,0.6164,0.0784,-0.0018,0.8149,0.0033,0.0663,0.0041,0.0471,0.0086,0.1823,0.9983,0.0,1.0,0.5612,0.6057,0.0743,,
0.05,lr,rus,none,0.618,0.0827,-3.0585,0.5797,0.4203,8.4059,0.4208,0.2422,-4.0989,18.692,0.1062,0.5492,0.6147,1.0,0.0,0.0027,,
0.05,lr,rus,platt,0.618,0.0827,-0.0011,0.9573,0.0017,0.0333,0.0032,0.047,0.0099,0.0309,0.999,0.0,1.0,0.5397,0.6261,0.0744,,
0.05,lr,rus,prior,0.618,0.0827,-0.1144,0.5797,0.0126,0.2513,0.0133,0.0478,-0.0055,-1.9095,0.9015,0.0029,0.9995,0.5492,0.6147,0.0731,,
0.05,lr,smote,beta,0.6131,0.0868,-0.0016,0.9733,0.0021,0.0411,0.0036,0.047,0.0114,0.0082,0.9985,0.0013,0.9999,0.5093,0.6573,0.0761,,
0.05,lr,smote,intercept,0.6131,0.0868,-0.0038,0.5289,0.013,0.2598,0.0132,0.0474,0.0016,1.4858,0.9966,0.003,0.9996,0.5089,0.6602,0.0774,,
0.05,lr,smote,isotonic,0.611,0.0816,-0.0019,0.8434,0.0032,0.0631,0.0038,0.047,0.0106,0.1202,0.9982,0.0009,1.0,0.5054,0.6529,0.0736,,
0.05,lr,smote,none,0.6131,0.0868,-2.9738,0.5289,0.3954,7.908,0.3961,0.2257,-3.7521,7.028,0.1121,0.5211,0.6456,0.9952,0.0061,0.0043,,
0.05,lr,smote,platt,0.6131,0.0868,0.0001,0.9806,0.003,0.0593,0.0046,0.047,0.0111,-0.0387,1.0001,0.0,1.0,0.5667,0.594,0.0711,,
0.05,lr,smote,prior,0.6131,0.0868,-0.0297,0.5289,0.0132,0.2648,0.0135,0.0475,0.0008,0.6899,0.9734,0.003,0.9996,0.5211,0.6456,0.0756,,
0.05,lr,weighted,beta,0.6293,0.0907,-0.0028,0.9329,0.0028,0.0559,0.0036,0.0469,0.0124,0.0872,0.9974,0.0016,0.9998,0.5204,0.6625,0.0839,,
0.05,lr,weighted,intercept,0.6293,0.0907,-0.0032,0.6944,0.0069,0.1375,0.0074,0.0471,0.0085,0.8332,0.9971,0.0023,0.9996,0.5143,0.6715,0.0856,,
0.05,lr,weighted,isotonic,0.6282,0.0846,-0.0017,0.8544,0.0032,0.0641,0.0045,0.0469,0.0124,0.1875,0.9984,0.0005,0.9999,0.4904,0.6922,0.0868,,
0.05,lr,weighted,none,0.6293,0.0907,-2.9552,0.6944,0.4063,8.1266,0.4069,0.2267,-3.7727,-1.3888,0.1094,0.5197,0.6666,0.9989,0.0023,0.0056,,
0.05,lr,weighted,platt,0.6293,0.0907,-0.0008,0.9531,0.0021,0.0426,0.0034,0.0469,0.0133,0.0317,0.9992,0.0004,1.0,0.5467,0.6391,0.0839,,
0.05,lr,weighted,prior,0.6293,0.0907,-0.0112,0.6944,0.0069,0.1383,0.0074,0.0471,0.0084,0.5822,0.9898,0.0023,0.9996,0.5197,0.6666,0.0856,,
0.05,mlp,adasyn,beta,0.5448,0.0598,0.0001,1.0217,0.0021,0.0419,0.0022,0.0474,0.0016,0.0059,1.0001,0.0,1.0,0.3937,0.675,0.032,,
0.05,mlp,adasyn,intercept,0.5442,0.0596,-0.0388,0.0335,0.0833,1.6657,0.0845,0.0804,-0.6937,156.1439,0.9931,0.0737,0.955,0.1326,0.9091,0.0312,,
0.05,mlp,adasyn,isotonic,0.5427,0.0577,-0.0003,0.7593,0.0094,0.188,0.0026,0.0474,0.0013,0.0456,0.9997,0.0,1.0,0.474,0.5826,0.0264,,
0.05,mlp,adasyn,none,0.5448,0.0598,-0.7553,0.0324,0.0911,1.822,0.092,0.087,-0.8323,156.6372,0.8381,0.0857,0.9456,0.1487,0.8934,0.0296,,
0.05,mlp,adasyn,platt,0.5448,0.0598,0.0001,1.0331,0.002,0.0401,0.0021,0.0474,0.0016,0.0065,1.0001,0.0,1.0,0.4039,0.6678,0.0332,,
0.05,mlp,adasyn,prior,0.5426,0.0589,2.1808,0.0381,0.0664,1.3287,0.0643,0.0662,-0.3932,165.8862,1.7689,0.0419,0.975,0.0857,0.9454,0.0296,,
0.05,mlp,none,beta,0.6018,0.0778,-0.0031,0.9896,0.0016,0.0315,0.003,0.0471,0.0079,-0.0939,0.9971,0.0,1.0,0.5571,0.5902,0.0651,,
0.05,mlp,none,intercept,0.6018,0.0778,-0.0022,1.0754,0.0024,0.0486,0.0038,0.0471,0.0076,-0.0878,0.9979,0.0,1.0,0.5565,0.5892,0.0644,,
0.05,mlp,none,isotonic,0.5998,0.0736,-0.0055,0.7267,0.0025,0.0494,0.0036,0.0473,0.0047,0.1351,0.9949,0.0005,0.9998,0.5177,0.6253,0.065,,
0.05,mlp,none,none,0.6018,0.0778,0.0337,1.0754,0.0038,0.0761,0.0046,0.0471,0.0074,1.0718,1.0342,0.0,1.0,0.5155,0.6262,0.0645,,
0.05,mlp,none,platt,0.6018,0.0778,-0.003,0.9945,0.0017,0.0333,0.0031,0.0471,0.0079,-0.0862,0.9972,0.0,1.0,0.5544,0.593,0.0652,,
0.05,mlp,ros,beta,0.5508,0.0612,0.0003,1.1791,0.0031,0.0621,0.0033,0.0474,0.002,-0.0055,1.0003,0.0,1.0,0.3672,0.7084,0.0363,,
0.05,mlp,ros,intercept,0.5496,0.061,-0.0231,0.0372,0.0829,1.659,0.0836,0.0801,-0.6872,159.7109,0.9936,0.078,0.9555,0.1403,0.9103,0.0381,,
0.05,mlp,ros,isotonic,0.5548,0.0599,0.0006,0.8052,0.0021,0.0422,0.0028,0.0474,0.0015,0.0802,1.0006,0.0002,0.9999,0.5649,0.5075,0.0327,,
0.05,mlp,ros,none,0.5508,0.0612,-0.6678,0.036,0.0892,1.7842,0.0902,0.0856,-0.8026,159.7901,0.8548,0.0893,0.9474,0.1555,0.8975,0.0376,,
0.05,mlp,ros,platt,0.5508,0.0612,0.0004,1.2867,0.0029,0.059,0.0032,0.0474,0.0019,-0.0089,1.0004,0.0,1.0,0.3915,0.6806,0.0337,,
0.05,mlp,ros,prior,0.5444,0.06,2.2757,0.0425,0.0663,1.3268,0.0633,0.0661,-0.3917,173.6519,1.7736,0.0471,0.9755,0.0893,0.9474,0.0353,,
0.05,mlp,rus,beta,0.5987,0.0751,-0.0009,1.0437,0.0023,0.0463,0.0038,0.0472,0.0067,-0.0067,0.9992,0.0,1.0,0.5574,0.5865,0.0637,,
0.05,mlp,rus,intercept,0.5987,0.0751,-0.0003,0.7803,0.0087,0.1746,0.0096,0.0479,-0.0081,1.7188,0.9996,0.0034,0.9992,0.5045,0.6356,0.0638,,
0.05,mlp,rus,isotonic,0.5975,0.0705,-0.0011,0.8675,0.0026,0.0526,0.0029,0.0472,0.0066,0.0433,0.9989,0.0,1.0,0.5728,0.5713,0.0639,,
0.05,mlp,rus,none,0.5987,0.0751,-2.9646,0.7803,0.4131,8.2624,0.4132,0.2332,-3.9092,-2.6343,0.1088,0.4866,0.6453,0.9948,0.008,0.0157,,
0.05,mlp,rus,platt,0.5987,0.0751,-0.0,1.0321,0.0026,0.052,0.0038,0.0472,0.0054,0.0882,1.0,0.0002,0.9999,0.5428,0.6008,0.0639,,
0.05,mlp,rus,prior,0.5987,0.0751,-0.0205,0.7803,0.0104,0.2079,0.011,0.0481,-0.0121,1.273,0.9879,0.0041,0.999,0.4866,0.6453,0.0603,,
0.05,mlp,smote,beta,0.5479,0.0605,-0.0003,1.0112,0.002,0.0407,0.0021,0.0474,0.0018,-0.0059,0.9997,0.0,1.0,0.3808,0.6955,0.0361,,
0.05,mlp,smote,intercept,0.5478,0.0603,-0.0213,0.0354,0.0831,1.6618,0.0845,0.0808,-0.7013,163.9083,0.9946,0.0741,0.9548,0.131,0.9118,0.0326,,
0.05,mlp,smote,isotonic,0.5523,0.0596,-0.0011,0.7997,0.0026,0.0523,0.0029,0.0474,0.0016,0.0399,0.999,0.0,1.0,0.3995,0.6661,0.0321,,
0.05,mlp,smote,none,0.5479,0.0605,-0.6706,0.0344,0.0898,1.7954,0.0911,0.0866,-0.8232,163.8329,0.8594,0.0832,0.9467,0.1462,0.8981,0.0319,,
0.05,mlp,smote,platt,0.5479,0.0605,-0.0001,1.0375,0.0017,0.0348,0.0021,0.0474,0.0019,-0.006,0.9999,0.0,1.0,0.3937,0.6835,0.0362,,
0.05,mlp,smote,prior,0.5434,0.0594,2.2729,0.04,0.0669,1.3373,0.0646,0.0667,-0.4053,175.3313,1.7368,0.0465,0.9749,0.0832,0.9467,0.0289,,
0.05,nb,adasyn,beta,0.6045,0.0753,-0.0011,0.9739,0.002,0.0408,0.0038,0.0472,0.0071,-0.0146,0.9989,0.0,1.0,0.5263,0.6163,0.0638,,
0.05,nb,adasyn,intercept,0.6045,0.0753,-0.0049,0.2672,0.0321,0.643,0.0324,0.05,-0.0518,6.6898,0.9958,0.0063,0.9984,0.4279,0.7095,0.0655,,
0.05,nb,adasyn,isotonic,0.6024,0.0714,-0.0007,0.8427,0.0027,0.0537,0.004,0.0472,0.0061,0.105,0.9993,0.0004,0.9999,0.5234,0.6175,0.0636,,
0.05,nb,adasyn,none,0.6045,0.0753,-1.9255,0.2672,0.1625,3.2502,0.1618,0.1021,-1.1495,-20.9331,0.2391,0.1793,0.9046,0.8819,0.2068,0.0481,,
0.05,nb,adasyn,platt,0.6045,0.0753,-0.0015,1.0026,0.0016,0.0312,0.0038,0.0472,0.0072,-0.0629,0.9986,0.0,1.0,0.5834,0.5611,0.0633,,
0.05,nb,adasyn,prior,0.6045,0.0753,1.0111,0.2672,0.0324,0.6475,0.031,0.0483,-0.0178,36.7147,2.4672,0.0002,1.0,0.1806,0.9037,0.0611,,
0.05,nb,none,beta,0.6253,0.0807,-0.0016,0.9737,0.0018,0.0362,0.0033,0.047,0.0102,-0.0256,0.9985,0.0,1.0,0.5761,0.6065,0.0812,,
0.05,nb,none,intercept,0.6253,0.0807,-0.0005,0.384,0.0257,0.5145,0.0259,0.0492,-0.0349,5.3577,0.9995,0.0057,0.9983,0.4631,0.711,0.083,,
0.05,nb,none,isotonic,0.624,0.0763,-0.0018,0.8829,0.0028,0.0552,0.0041,0.047,0.0096,0.0515,0.9983,0.0,1.0,0.5634,0.6114,0.0786,,
0.05,nb,none,none,0.6253,0.0807,-0.2947,0.384,0.031,0.6193,0.0309,0.0508,-0.0687,-2.5931,0.7784,0.0097,0.9967,0.554,0.6283,0.0818,,
0.05,nb,none,platt,0.6253,0.0807,-0.0011,0.9819,0.0017,0.0339,0.0033,0.047,0.0101,-0.0012,0.999,0.0,1.0,0.57,0.6127,0.0814,,
0.05,nb,ros,beta,0.6239,0.0818,-0.0018,0.9565,0.0023,0.0454,0.0041,0.047,0.01,-0.0123,0.9984,0.0,1.0,0.5539,0.6277,0.0817,,
0.05,nb,ros,intercept,0.6239,0.0818,-0.0025,0.3807,0.0251,0.5028,0.0252,0.0489,-0.0294,4.78,0.9978,0.0052,0.9989,0.4671,0.7073,0.0828,,
0.05,nb,ros,isotonic,0.6221,0.0772,-0.0017,0.8574,0.0031,0.0618,0.0047,0.0471,0.009,0.1008,0.9985,0.0,1.0,0.5573,0.6242,0.0824,,
0.05,nb,ros,none,0.6239,0.0818,-3.2317,0.3807,0.3913,7.8266,0.3917,0.2434,-4.1247,41.0122,0.1132,0.5562,0.6246,0.9945,0.0097,0.0093,,
0.05,nb,ros,platt,0.6239,0.0818,-0.0016,0.9795,0.0017,0.034,0.0036,0.047,0.0102,-0.0366,0.9985,0.0,1.0,0.5716,0.6062,0.079,,
0.05,nb,ros,prior,0.6239,0.0818,-0.2876,0.3807,0.0303,0.6069,0.0304,0.0504,-0.061,-3.0074,0.7817,0.0091,0.9975,0.5562,0.6246,0.081,,
0.05,nb,rus,beta,0.618,0.0775,-0.0013,0.9703,0.0019,0.0376,0.0038,0.0471,0.0087,-0.0082,0.9988,0.0,1.0,0.5737,0.5965,0.0754,,
0.05,nb,rus,intercept,0.618,0.0775,-0.0024,0.3324,0.0292,0.583,0.0289,0.0499,-0.05,6.7027,0.9981,0.0077,0.9975,0.4433,0.7198,0.0785,,
0.05,nb,rus,isotonic,0.6169,0.074,-0.0017,0.8496,0.0027,0.0549,0.004,0.0471,0.0078,0.0936,0.9985,0.0002,1.0,0.6188,0.5493,0.0739,,
0.05,nb,rus,none,0.618,0.0775,-3.4011,0.3324,0.4056,8.1126,0.406,0.2608,-4.4902,58.2492,0.1097,0.5764,0.596,0.9975,0.0062,0.0101,,
0.05,nb,rus,platt,0.618,0.0775,-0.0011,0.9745,0.0019,0.0385,0.004,0.0471,0.0086,0.007,0.9989,0.0,1.0,0.5698,0.6044,0.0774,,
0.05,nb,rus,prior,0.618,0.0775,-0.4571,0.3324,0.0394,0.7871,0.0395,0.0533,-0.1218,-4.7773,0.6861,0.0188,0.9932,0.5764,0.596,0.0763,,
0.05,nb,smote,beta,0.6065,0.0759,-0.0013,0.9807,0.002,0.039,0.0037,0.0471,0.0074,-0.0275,0.9987,0.0,1.0,0.5336,0.6127,0.0654,,
0.05,nb,smote,intercept,0.6065,0.0759,-0.0053,0.266,0.033,0.6609,0.0333,0.0502,-0.0568,7.3101,0.9955,0.0073,0.9979,0.425,0.7157,0.0675,,
0.05,nb,smote,isotonic,0.6047,0.072,-0.0006,0.8607,0.0026,0.0514,0.0035,0.0472,0.0069,0.0764,0.9995,0.0002,0.9999,0.5311,0.6153,0.0659,,
0.05,nb,smote,none,0.6065,0.0759,-1.9546,0.266,0.1637,3.275,0.1628,0.1039,-1.1885,-18.6267,0.2379,0.189,0.8992,0.879,0.2151,0.0504,,
0.05,nb,smote,platt,0.6065,0.0759,-0.0015,1.0085,0.0015,0.0303,0.0034,0.0471,0.0074,-0.066,0.9985,0.0,1.0,0.5827,0.5648,0.0647,,
0.05,nb,smote,prior,0.6065,0.0759,0.9894,0.266,0.0326,0.6516,0.0315,0.0484,-0.0185,36.2857,2.4042,0.0004,0.9999,0.189,0.8992,0.0627,,
0.05,rf,adasyn,beta,0.6186,0.0831,-0.001,1.0527,0.003,0.0596,0.0041,0.047,0.01,-0.0608,0.999,0.0,1.0,0.5755,0.5959,0.0761,,
0.05,rf,adasyn,intercept,0.6186,0.0831,-0.0013,0.8315,0.0037,0.0744,0.0051,0.047,0.0101,0.1018,0.9988,0.0,1.0,0.5798,0.5912,0.0756,,
0.05,rf,adasyn,isotonic,0.617,0.0781,-0.0014,0.9469,0.0028,0.0567,0.0036,0.047,0.0096,0.0251,0.9987,0.0004,0.9999,0.5122,0.6549,0.0766,,
0.05,rf,adasyn,none,0.6186,0.0831,-0.9048,0.8315,0.063,1.2595,0.0632,0.052,-0.0939,-29.4602,0.4415,0.0002,0.9999,0.9646,0.0794,0.0359,,
0.05,rf,adasyn,platt,0.6186,0.0831,-0.0006,1.072,0.0031,0.0618,0.0045,0.047,0.0101,-0.0867,0.9994,0.0,1.0,0.5966,0.5706,0.0735,,
0.05,rf,adasyn,prior,0.6186,0.0831,2.0317,0.8315,0.0432,0.8646,0.0431,0.0492,-0.0357,77.6779,7.2018,0.0,1.0,0.0002,0.9999,0.0057,,
0.05,rf,none,beta,0.6304,0.0939,-0.0017,0.9894,0.0035,0.0708,0.0046,0.0468,0.0144,-0.0587,0.9984,0.0,1.0,0.5685,0.6158,0.0828,,
0.05,rf,none,intercept,0.6304,0.0939,-0.0007,0.933,0.0048,0.0962,0.0056,0.0468,0.0143,-0.0336,0.9994,0.0,1.0,0.5873,0.5899,0.0783,,
0.05,rf,none,isotonic,0.6291,0.0879,-0.0003,0.8967,0.0033,0.0662,0.0043,0.0469,0.0133,0.2187,0.9998,0.0007,0.9999,0.5136,0.6729,0.0866,,
0.05,rf,none,none,0.6304,0.0939,-0.0143,0.933,0.005,0.0993,0.0056,0.0468,0.0143,-0.4719,0.9867,0.0,1.0,0.5964,0.5791,0.0773,,
0.05,rf,none,platt,0.6304,0.0939,-0.0009,0.9937,0.0045,0.0897,0.0055,0.0468,0.0141,-0.0974,0.9992,0.0,1.0,0.5939,0.5836,0.0783,,
0.05,rf,ros,beta,0.6256,0.0882,-0.0006,0.9862,0.0024,0.0477,0.004,0.0469,0.0124,0.0241,0.9994,0.0,1.0,0.5429,0.6392,0.0823,,
0.05,rf,ros,intercept,0.6256,0.0882,-0.0003,0.8853,0.0038,0.0764,0.0052,0.0469,0.0124,0.0657,0.9998,0.0,1.0,0.5829,0.5998,0.081,,
0.05,rf,ros,isotonic,0.6243,0.083,-0.0007,0.8945,0.0033,0.0655,0.0043,0.0469,0.0117,0.1325,0.9993,0.0004,0.9999,0.5386,0.6443,0.0833,,
0.05,rf,ros,none,0.6256,0.0882,-1.5654,0.8853,0.144,2.8804,0.1445,0.0711,-0.4968,-51.8545,0.2571,0.0123,0.9978,0.998,0.0073,0.0136,,
0.05,rf,ros,platt,0.6256,0.0882,0.0005,0.9981,0.0034,0.0678,0.0048,0.0469,0.0123,-0.0218,1.0005,0.0,1.0,0.5925,0.5899,0.0806,,
0.05,rf,ros,prior,0.6256,0.0882,1.3786,0.8853,0.037,0.7402,0.0368,0.0485,-0.022,48.2462,3.7778,0.0,1.0,0.0123,0.9978,0.0437,,
0.05,rf,rus,beta,0.631,0.0839,-0.0015,0.9901,0.0023,0.0457,0.004,0.0469,0.0116,-0.0637,0.9986,0.0,1.0,0.6031,0.5874,0.0843,,
0.05,rf,rus,intercept,0.631,0.0839,-0.0005,1.2499,0.0043,0.0858,0.0055,0.047,0.0109,-0.1608,0.9995,0.0,1.0,0.616,0.5751,0.084,,
0.05,rf,rus,isotonic,0.6304,0.0802,-0.0012,0.9176,0.0026,0.052,0.0042,0.047,0.0112,0.063,0.9989,0.0004,0.9999,0.5675,0.6282,0.088,,
0.05,rf,rus,none,0.631,0.0839,-2.9325,1.2499,0.4306,8.6126,0.4315,0.2381,-4.012,-5.2561,0.1038,0.6054,0.5874,1.0,0.0,,,
0.05,rf,rus,platt,0.631,0.0839,-0.0009,1.0078,0.0022,0.0445,0.0039,0.0469,0.0116,-0.0557,0.9991,0.0,1.0,0.6013,0.5898,0.0844,,
0.05,rf,rus,prior,0.631,0.0839,0.0116,1.2499,0.0043,0.0851,0.0056,0.047,0.0109,0.234,1.0111,0.0,1.0,0.6054,0.5874,0.0851,,
0.05,rf,smote,beta,0.62,0.0834,-0.0008,1.0532,0.0028,0.056,0.0045,0.047,0.0101,-0.0518,0.9992,0.0,1.0,0.5888,0.5848,0.0768,,
0.05,rf,smote,intercept,0.62,0.0834,-0.0006,0.839,0.0035,0.0708,0.0051,0.047,0.0104,0.1137,0.9994,0.0,1.0,0.5796,0.5898,0.0749,,
0.05,rf,smote,isotonic,0.6192,0.0783,-0.0022,0.8963,0.0027,0.053,0.0039,0.0471,0.0094,0.0524,0.998,0.0,1.0,0.5084,0.6621,0.0783,,
0.05,rf,smote,none,0.62,0.0834,-0.9047,0.839,0.063,1.2592,0.0632,0.0519,-0.0934,-29.472,0.4416,0.0,0.9999,0.9667,0.0796,0.0378,,
0.05,rf,smote,platt,0.62,0.0834,0.0,1.0614,0.0029,0.059,0.0046,0.047,0.0103,-0.0624,1.0,0.0,1.0,0.5975,0.5713,0.0742,,
0.05,rf,smote,prior,0.62,0.0834,2.0394,0.839,0.0433,0.8654,0.0431,0.0492,-0.0358,78.0616,7.2566,0.0,1.0,0.0,0.9999,-0.002,,
0.05,rf,weighted,beta,0.6318,0.0889,-0.0016,0.9855,0.0022,0.0437,0.0029,0.0469,0.013,0.0018,0.9985,0.0,1.0,0.5463,0.6418,0.0851,,
0.05,rf,weighted,intercept,0.6318,0.0889,-0.0011,1.0337,0.0028,0.0558,0.0038,0.0469,0.013,-0.0981,0.999,0.0,1.0,0.5972,0.5922,0.0837,,
0.05,rf,weighted,isotonic,0.6293,0.0836,-0.0022,0.8699,0.0032,0.063,0.0044,0.0469,0.0116,0.1343,0.9979,0.0009,0.9998,0.5245,0.6624,0.0858,,
0.05,rf,weighted,none,0.6318,0.0889,-1.6208,1.0337,0.1539,3.0782,0.1544,0.0733,-0.5441,-54.9868,0.2447,0.0073,0.9989,0.9995,0.0021,0.0072,,
0.05,rf,weighted,platt,0.6318,0.0889,0.0001,1.0011,0.0026,0.0515,0.0036,0.0469,0.013,-0.0301,1.0001,0.0,1.0,0.5909,0.5962,0.0828,,
0.05,rf,weighted,prior,0.6318,0.0889,1.3233,1.0337,0.0363,0.7255,0.0361,0.0485,-0.0212,46.0374,3.5868,0.0,1.0,0.0073,0.9989,0.0368,,
0.05,svm,adasyn,beta,0.5519,0.0633,0.0001,1.0727,0.0026,0.0523,0.0042,0.0474,0.0021,-0.0065,1.0001,0.0,1.0,0.5215,0.5552,0.0336,,
0.05,svm,adasyn,intercept,0.5519,0.0633,-0.0119,0.0496,0.0731,1.4619,0.0721,0.0693,-0.4586,71.9539,0.9943,0.0585,0.9655,0.1992,0.8591,0.0364,,
0.05,svm,adasyn,isotonic,0.5503,0.0601,0.0003,0.8863,0.0024,0.0483,0.0025,0.0474,0.002,0.0414,1.0003,0.0002,1.0,0.4309,0.6502,0.0379,,
0.05,svm,adasyn,none,0.5519,0.0633,0.3046,0.0496,0.0689,1.379,0.0686,0.066,-0.3906,74.5108,1.1582,0.0505,0.9702,0.1804,0.8742,0.036,,
0.05,svm,adasyn,platt,0.5519,0.0633,0.0,1.1014,0.0026,0.0529,0.0043,0.0474,0.002,-0.0118,1.0,0.0,1.0,0.5333,0.5456,0.0345,,
0.05,svm,adasyn,prior,0.5523,0.0631,3.2409,0.058,0.0481,0.963,0.0438,0.0519,-0.0928,136.0219,5.6659,0.0102,0.9957,0.0505,0.9702,0.026,,
0.05,svm,none,beta,0.5588,0.0655,-0.0028,0.901,0.0024,0.0476,0.0038,0.0474,0.0022,-0.0322,0.9974,0.0004,1.0,0.5197,0.566,0.0377,,
0.05,svm,none,intercept,0.5588,0.0655,-0.0022,1.1287,0.0034,0.0672,0.0047,0.0474,0.0014,0.0272,0.9979,0.0004,0.9999,0.5182,0.5655,0.0368,,
0.05,svm,none,isotonic,0.5568,0.0616,-0.0033,0.7258,0.0026,0.0521,0.0034,0.0474,0.0017,0.0285,0.9968,0.0,1.0,0.4637,0.6208,0.0382,,
0.05,svm,none,none,0.5588,0.0655,-0.0335,1.1287,0.004,0.0792,0.0049,0.0474,0.0013,-0.9893,0.9689,0.0004,0.9999,0.5965,0.4783,0.0328,,
0.05,svm,none,platt,0.5588,0.0655,-0.0026,0.8984,0.0023,0.0469,0.0038,0.0474,0.0019,-0.0027,0.9976,0.0004,0.9999,0.5175,0.568,0.0376,,
0.05,svm,ros,beta,0.5653,0.0653,-0.0012,1.0323,0.0017,0.0337,0.0032,0.0474,0.003,-0.0457,0.9989,0.0,1.0,0.5345,0.5606,0.0417,,
0.05,svm,ros,intercept,0.5653,0.0653,-0.0273,0.0723,0.0693,1.3861,0.068,0.067,-0.4099,60.6748,0.9867,0.0567,0.9681,0.2199,0.8473,0.0405,,
0.05,svm,ros,isotonic,0.5643,0.0622,-0.0019,0.7948,0.0019,0.0384,0.0029,0.0474,0.0027,-0.0101,0.9982,0.0,1.0,0.4973,0.599,0.0432,,
0.05,svm,ros,none,0.5653,0.0653,-0.6009,0.0722,0.082,1.6393,0.0817,0.076,-0.5998,57.0452,0.7552,0.08,0.9518,0.2844,0.7935,0.0425,,
0.05,svm,ros,platt,0.5653,0.0653,-0.0016,1.0347,0.0017,0.0343,0.0034,0.0474,0.003,-0.0622,0.9984,0.0,1.0,0.5356,0.5594,0.0417,,
0.05,svm,ros,prior,0.5651,0.0653,2.3431,0.0748,0.0489,0.9781,0.046,0.0527,-0.1099,103.8432,3.7283,0.0132,0.9939,0.08,0.9518,0.0318,,
0.05,svm,rus,beta,0.5992,0.0685,-0.0025,1.0115,0.0023,0.0456,0.0036,0.0472,0.0057,-0.0799,0.9976,0.0,1.0,0.5984,0.5444,0.0627,,
0.05,svm,rus,intercept,0.5675,0.064,-0.0017,0.2233,0.0069,0.1385,0.0077,0.0473,0.0039,0.0041,0.9984,0.0,1.0,0.5156,0.5823,0.0436,,
0.05,svm,rus,isotonic,0.5815,0.0643,-0.0018,0.6401,0.0121,0.2426,0.0032,0.0473,0.0048,-0.0039,0.9983,0.0,1.0,0.4651,0.6555,0.0509,,
0.05,svm,rus,none,0.5675,0.064,-2.958,0.2233,0.4412,8.824,0.4413,0.2465,-4.1891,8.6336,0.1018,0.5841,0.5122,1.0,0.0,,,
0.05,svm,rus,platt,0.5992,0.0685,-0.0027,0.9951,0.0027,0.0541,0.0041,0.0472,0.0056,-0.0717,0.9974,0.0,1.0,0.578,0.5649,0.0633,,
0.05,svm,rus,prior,0.5675,0.064,-0.014,0.2233,0.0071,0.1416,0.0079,0.0473,0.0037,-0.3902,0.9877,0.0,1.0,0.5841,0.5122,0.0421,,
0.05,svm,smote,beta,0.5528,0.0634,0.0001,1.0887,0.0028,0.0566,0.0046,0.0474,0.0021,-0.0102,1.0001,0.0,1.0,0.5256,0.5532,0.0346,,
0.05,svm,smote,intercept,0.5528,0.0634,-0.0109,0.0511,0.0719,1.4388,0.0708,0.0685,-0.4415,67.8227,0.9949,0.0562,0.9661,0.2065,0.8553,0.038,,
0.05,svm,smote,isotonic,0.5517,0.0607,0.0004,0.8743,0.0029,0.0586,0.0024,0.0474,0.002,0.0468,1.0004,0.0,1.0,0.4359,0.6501,0.0398,,
0.05,svm,smote,none,0.5528,0.0634,0.1611,0.0511,0.0695,1.3907,0.069,0.0666,-0.4031,69.2565,1.0851,0.053,0.9691,0.1965,0.8642,0.0384,,
0.05,svm,smote,platt,0.5528,0.0634,-0.0001,1.1021,0.0029,0.0578,0.0047,0.0474,0.002,-0.0174,0.9999,0.0,1.0,0.5365,0.5416,0.0342,,
0.05,svm,smote,prior,0.5528,0.0634,3.1051,0.0591,0.0481,0.962,0.0439,0.0518,-0.0913,130.2831,5.5643,0.0102,0.9956,0.053,0.9691,0.0272,,
0.05,svm,weighted,beta,0.5535,0.0635,-0.0017,-1.5272,0.0032,0.0647,0.0052,0.0473,0.0034,-0.0582,0.9984,0.0,1.0,0.5401,0.5318,0.0315,,
0.05,svm,weighted,intercept,0.5535,0.0635,-0.0013,-1.0903,0.0045,0.0893,0.0057,0.0474,0.0031,-0.0275,0.9988,0.0,1.0,0.5311,0.5392,0.0308,,
0.05,svm,weighted,isotonic,0.5628,0.0622,-0.002,0.5825,0.0116,0.2329,0.0029,0.0474,0.0031,-0.0018,0.9981,0.0,1.0,0.6035,0.4864,0.0373,,
0.05,svm,weighted,none,0.5535,0.0635,-0.035,-1.0903,0.0048,0.0968,0.0061,0.0474,0.003,-1.1234,0.9674,0.0,1.0,0.6736,0.4104,0.0343,,
0.05,svm,weighted,platt,0.5535,0.0635,-0.0014,-1.3766,0.0032,0.0641,0.0052,0.0473,0.0034,-0.0449,0.9987,0.0,1.0,0.5365,0.5353,0.0315,,
0.05,svm,weighted,prior,0.5535,0.0635,2.9091,-1.0903,0.0473,0.9467,0.0471,0.0497,-0.0464,131.6965,17.4122,0.0,1.0,0.0,1.0,,,
0.05,xgb,adasyn,beta,0.6106,0.0841,-0.0009,1.0178,0.0019,0.0374,0.0031,0.047,0.0102,-0.0385,0.9992,0.0005,1.0,0.5356,0.6123,0.0662,,
0.05,xgb,adasyn,intercept,0.6106,0.0841,-0.0011,0.735,0.0066,0.131,0.007,0.0471,0.0091,0.2462,0.999,0.0,1.0,0.5481,0.6014,0.0664,,
0.05,xgb,adasyn,isotonic,0.6093,0.0785,-0.0005,0.8963,0.002,0.0394,0.0032,0.047,0.0096,0.0949,0.9995,0.0009,1.0,0.5041,0.6453,0.0681,,
0.05,xgb,adasyn,none,0.6106,0.0841,-0.3616,0.735,0.0204,0.4071,0.0204,0.0477,-0.004,-11.3136,0.7165,0.0,1.0,0.772,0.3582,0.0595,,
0.05,xgb,adasyn,platt,0.6106,0.0841,-0.0003,1.0341,0.0024,0.0479,0.0039,0.047,0.0096,-0.0603,0.9997,0.0,1.0,0.5714,0.5745,0.0642,,
0.05,xgb,adasyn,prior,0.6106,0.0841,2.5749,0.735,0.0458,0.9161,0.0459,0.0495,-0.0423,108.202,12.3197,0.0,1.0,0.0,1.0,-0.0015,,
0.05,xgb,none,beta,0.6328,0.0938,-0.0016,0.9595,0.0021,0.0412,0.0038,0.0468,0.0149,-0.022,0.9985,0.0,1.0,0.5632,0.6286,0.0861,,
0.05,xgb,none,intercept,0.6328,0.0938,-0.0019,0.7748,0.0057,0.1132,0.0067,0.0469,0.0131,0.479,0.9982,0.0007,0.9999,0.5356,0.6541,0.0864,,
0.05,xgb,none,isotonic,0.6301,0.088,-0.0015,0.878,0.0027,0.0531,0.0039,0.0468,0.0142,0.1437,0.9986,0.0002,0.9999,0.5249,0.6637,0.0873,,
0.05,xgb,none,none,0.6328,0.0938,0.0147,0.7748,0.0056,0.1122,0.0067,0.0469,0.0133,1.0054,1.0137,0.0005,0.9999,0.5268,0.6643,0.0876,,
0.05,xgb,none,platt,0.6328,0.0938,-0.001,0.9648,0.0019,0.0381,0.0037,0.0468,0.015,0.0041,0.9991,0.0,1.0,0.5601,0.6319,0.0864,,
0.05,xgb,ros,beta,0.6176,0.0874,-0.0006,0.9633,0.002,0.0409,0.0037,0.0469,0.0116,0.042,0.9995,0.0,1.0,0.5293,0.6439,0.0785,,
0.05,xgb,ros,intercept,0.6176,0.0874,-0.0017,0.6886,0.0065,0.1294,0.0073,0.047,0.0104,0.3035,0.9984,0.0,1.0,0.5676,0.6038,0.0762,,
0.05,xgb,ros,isotonic,0.616,0.082,-0.0013,0.877,0.0027,0.0546,0.0041,0.047,0.0111,0.1237,0.9988,0.0002,1.0,0.5401,0.6298,0.0776,,
0.05,xgb,ros,none,0.6176,0.0874,-2.7246,0.6886,0.3613,7.2254,0.3621,0.1922,-3.0457,-33.3077,0.1213,0.4161,0.7482,0.9987,0.0017,0.0024,,
0.05,xgb,ros,platt,0.6176,0.0874,-0.0007,0.9704,0.0037,0.0748,0.005,0.047,0.0109,-0.068,0.9993,0.0,1.0,0.597,0.5701,0.0734,,
0.05,xgb,ros,prior,0.6176,0.0874,0.2195,0.6886,0.0097,0.1931,0.0098,0.047,0.0097,7.3943,1.2285,0.0,1.0,0.4161,0.7482,0.0817,,
0.05,xgb,rus,beta,0.619,0.0823,0.0005,0.9751,0.002,0.0399,0.0034,0.047,0.0102,0.0575,1.0005,0.0,1.0,0.5362,0.6372,0.0783,,
0.05,xgb,rus,intercept,0.619,0.0823,0.0019,0.5762,0.0118,0.2357,0.0119,0.0474,0.0017,1.3982,1.0017,0.0,0.9999,0.5107,0.6631,0.0797,,
0.05,xgb,rus,isotonic,0.6173,0.0784,0.0006,0.8751,0.0024,0.0482,0.0037,0.047,0.0095,0.1587,1.0005,0.0,1.0,0.5039,0.6715,0.0809,,
0.05,xgb,rus,none,0.619,0.0823,-3.062,0.5762,0.4187,8.374,0.4194,0.2432,-4.1209,21.7505,0.1065,0.5709,0.6011,1.0,0.0,0.0015,,
0.05,xgb,rus,platt,0.619,0.0823,0.0005,0.9796,0.0021,0.043,0.0036,0.047,0.0103,0.0219,1.0004,0.0,1.0,0.5626,0.6102,0.077,,
0.05,xgb,rus,prior,0.619,0.0823,-0.1179,0.5762,0.0133,0.2669,0.0139,0.0476,-0.0026,-2.3033,0.8982,0.0002,0.9999,0.5709,0.6011,0.0763,,
0.05,xgb,smote,beta,0.611,0.0849,-0.0011,1.0071,0.002,0.0401,0.0041,0.047,0.0104,-0.0403,0.9989,0.0002,1.0,0.543,0.6121,0.0695,,
0.05,xgb,smote,intercept,0.611,0.0849,-0.0009,0.7326,0.0066,0.1315,0.0074,0.0471,0.0093,0.2533,0.9991,0.0,1.0,0.5492,0.6029,0.0676,,
0.05,xgb,smote,isotonic,0.608,0.0781,-0.0014,0.8427,0.0022,0.0434,0.0027,0.0471,0.0094,0.1352,0.9987,0.0013,0.9999,0.4841,0.6677,0.0713,,
0.05,xgb,smote,none,0.611,0.0849,-0.3775,0.7326,0.0214,0.4279,0.0215,0.0477,-0.005,-11.8196,0.7063,0.0,1.0,0.7797,0.3489,0.0591,,
0.05,xgb,smote,platt,0.611,0.0849,-0.0001,1.0248,0.0024,0.0472,0.0044,0.047,0.0098,-0.0488,0.9999,0.0,1.0,0.5744,0.5766,0.0665,,
0.05,xgb,smote,prior,0.611,0.0849,2.5665,0.7326,0.0458,0.9159,0.0459,0.0495,-0.0421,107.6589,12.2137,0.0,1.0,0.0,1.0,,,
0.05,xgb,weighted,beta,0.6228,0.0889,-0.003,0.974,0.0015,0.0296,0.0036,0.0469,0.0128,-0.0511,0.9972,0.0,1.0,0.5225,0.652,0.0795,,
0.05,xgb,weighted,intercept,0.6228,0.0889,-0.0032,0.6962,0.0071,0.1429,0.0079,0.047,0.0111,0.3244,0.9971,0.0,1.0,0.5601,0.6134,0.0774,,
0.05,xgb,weighted,isotonic,0.6206,0.083,-0.0025,0.8421,0.0033,0.065,0.0043,0.047,0.0109,0.1338,0.9976,0.0004,0.9999,0.5064,0.6706,0.082,,
0.05,xgb,weighted,none,0.6228,0.0889,-2.7141,0.6962,0.3554,7.1078,0.3562,0.189,-2.9799,-32.1452,0.1231,0.4198,0.7504,0.9991,0.001,0.0004,,
0.05,xgb,weighted,platt,0.6228,0.0889,-0.0013,0.9847,0.0031,0.0626,0.0042,0.0469,0.0121,-0.0931,0.9988,0.0,1.0,0.5965,0.5805,0.0779,,
0.05,xgb,weighted,prior,0.6228,0.0889,0.2299,0.6962,0.0099,0.1984,0.0098,0.047,0.0105,7.7793,1.24,0.0,1.0,0.4198,0.7504,0.0848,,
0.0898,cart,adasyn,beta,0.5755,0.1207,0.001,0.9953,0.004,0.045,0.0101,0.0811,0.0083,0.048,1.0009,0.0,0.9999,0.4664,0.6328,0.0596,,
0.0898,cart,adasyn,intercept,0.5755,0.1207,0.003,0.2885,0.0356,0.3968,0.0377,0.0833,-0.0189,5.2845,1.0025,0.0038,0.9988,0.4733,0.6241,0.0586,,
0.0898,cart,adasyn,isotonic,0.5811,0.119,0.0002,0.9631,0.0027,0.0305,0.0036,0.0809,0.0106,0.0497,1.0002,0.0,1.0,0.4202,0.7037,0.0792,,
0.0898,cart,adasyn,none,0.5755,0.1207,-1.2744,0.2833,0.1514,1.6861,0.1506,0.118,-0.4441,-31.83,0.3763,0.1456,0.923,0.9126,0.1296,0.0364,,
0.0898,cart,adasyn,platt,0.5755,0.1207,0.0005,0.9653,0.0057,0.0632,0.0118,0.0811,0.0074,-0.0531,1.0005,0.0,1.0,0.557,0.5437,0.0581,,
0.0898,cart,adasyn,prior,0.5755,0.1207,1.0268,0.2928,0.054,0.601,0.0541,0.084,-0.0283,48.2852,2.5107,0.0,0.9999,0.1461,0.9222,0.0714,,
0.0898,cart,none,beta,0.606,0.1388,0.0007,1.0121,0.0141,0.1573,0.0146,0.0808,0.0117,0.2424,1.0006,0.0043,0.9991,0.3968,0.7503,0.0983,,
0.0898,cart,none,intercept,0.606,0.1388,0.0017,0.2114,0.0163,0.1816,0.017,0.0815,0.0027,3.3408,1.0015,0.0123,0.9974,0.5208,0.641,0.096,,
0.0898,cart,none,isotonic,0.6107,0.1357,0.0009,0.9731,0.0031,0.034,0.0041,0.0803,0.0182,0.1279,1.0008,0.0009,0.9998,0.5653,0.6045,0.0994,,
0.0898,cart,none,none,0.606,0.1388,0.0009,0.2113,0.0163,0.1817,0.017,0.0815,0.0027,3.311,1.0008,0.013,0.997,0.5208,0.641,0.096,,
0.0898,cart,none,platt,0.606,0.1388,0.0009,1.1518,0.0199,0.2217,0.0195,0.0812,0.0068,-0.1814,1.0008,0.0,1.0,0.6143,0.5394,0.0891,,
0.0898,cart,ros,beta,0.5965,0.1351,0.0012,1.2172,0.0151,0.1679,0.0171,0.0812,0.0063,0.1717,1.0011,0.0018,0.9995,0.5229,0.6318,0.0919,,
0.0898,cart,ros,intercept,0.5965,0.1351,0.0016,0.0624,0.0228,0.2542,0.0234,0.0826,-0.0107,4.9934,1.0014,0.0145,0.9956,0.5218,0.6322,0.0915,,
0.0898,cart,ros,isotonic,0.6017,0.1321,-0.0001,0.9979,0.0036,0.0403,0.0044,0.0804,0.0159,0.0299,0.9999,0.0011,0.9999,0.5274,0.6324,0.0943,,
0.0898,cart,ros,none,0.5965,0.1351,-2.3094,0.0451,0.3567,3.9726,0.3504,0.2281,-1.7909,18.19,0.204,0.503,0.6556,0.9487,0.0568,0.0065,,
0.0898,cart,ros,platt,0.5965,0.1351,0.0,1.4362,0.0238,0.2655,0.0243,0.0816,0.0013,-0.0296,1.0,0.0,1.0,0.8409,0.2196,0.0417,,
0.0898,cart,ros,prior,0.5965,0.1351,0.0067,0.0624,0.0227,0.2528,0.0233,0.0826,-0.0105,5.1934,1.0057,0.0144,0.9957,0.503,0.6556,0.095,,
0.0898,cart,rus,beta,0.5997,0.1331,0.0012,1.016,0.0112,0.1244,0.0143,0.0809,0.0099,-0.0325,1.0011,0.0,1.0,0.5821,0.5704,0.0883,,
0.0898,cart,rus,intercept,0.5997,0.1331,0.0097,0.1506,0.0334,0.3715,0.0345,0.0867,-0.0605,12.74,1.0075,0.0428,0.9868,0.4598,0.6844,0.088,,
0.0898,cart,rus,isotonic,0.6047,0.1294,0.0029,0.9913,0.0036,0.0401,0.005,0.0805,0.0154,0.1137,1.0026,0.0,1.0,0.5481,0.6088,0.0923,,
0.0898,cart,rus,none,0.5997,0.1331,-2.5353,0.1483,0.3834,4.2695,0.3835,0.2495,-2.0523,35.8013,0.1897,0.5339,0.6159,0.9881,0.0225,0.0211,,
0.0898,cart,rus,platt,0.5997,0.1331,0.0009,1.0909,0.016,0.1785,0.0168,0.0812,0.0068,0.0943,1.0008,0.0,1.0,0.5102,0.641,0.0898,,
0.0898,cart,rus,prior,0.5997,0.1331,-0.2192,0.1504,0.0342,0.381,0.0352,0.0878,-0.0739,4.0512,0.844,0.048,0.9855,0.5339,0.6159,0.088,,
0.0898,cart,smote,beta,0.5756,0.123,-0.0005,0.9706,0.004,0.0444,0.0108,0.081,0.0093,-0.011,0.9996,0.0002,1.0,0.4632,0.6495,0.0684,,
0.0898,cart,smote,intercept,0.5756,0.123,-0.0025,0.2804,0.0362,0.4029,0.0387,0.0833,-0.0193,5.3041,0.9979,0.0079,0.9986,0.4632,0.6495,0.0684,,
0.0898,cart,smote,isotonic,0.5833,0.1216,-0.0003,0.9425,0.0039,0.0429,0.0041,0.0808,0.0114,0.045,0.9998,0.0,1.0,0.4521,0.6754,0.0798,,
0.0898,cart,smote,none,0.5756,0.123,-1.2918,0.2738,0.1542,1.7167,0.153,0.1189,-0.4551,-31.6724,0.3727,0.1418,0.9288,0.9167,0.1201,0.0327,,
0.0898,cart,smote,platt,0.5756,0.123,0.0001,0.8943,0.0071,0.0794,0.0124,0.0811,0.0078,-0.0506,1.0001,0.0,1.0,0.5348,0.5772,0.0651,,
0.0898,cart,smote,prior,0.5756,0.123,1.0243,0.2856,0.0545,0.6074,0.0539,0.084,-0.0273,48.2234,2.4925,0.0035,0.9993,0.1418,0.9288,0.0755,,
0.0898,cart,weighted,beta,0.6031,0.1392,-0.0007,1.0022,0.0083,0.0919,0.0108,0.0805,0.0147,0.0282,0.9994,0.0011,0.9999,0.533,0.6293,0.0956,,
0.0898,cart,weighted,intercept,0.6031,0.1392,-0.0012,0.0672,0.0185,0.2064,0.0205,0.0817,0.0,3.4877,0.999,0.0168,0.9964,0.5452,0.6196,0.0967,,
0.0898,cart,weighted,isotonic,0.607,0.1362,0.0005,0.9841,0.0032,0.0358,0.0037,0.0803,0.0179,0.0796,1.0005,0.0017,0.9998,0.5408,0.6263,0.0983,,
0.0898,cart,weighted,none,0.6031,0.1392,-2.313,0.0484,0.3636,4.049,0.3572,0.2305,-1.8203,19.0936,0.201,0.5406,0.6228,0.9481,0.065,0.0145,,
0.0898,cart,weighted,platt,0.6031,0.1391,-0.0002,0.9462,0.0241,0.268,0.0239,0.0816,0.0018,-0.0322,0.9998,0.0,1.0,0.8636,0.1964,0.0431,,
0.0898,cart,weighted,prior,0.6031,0.1392,0.0031,0.0673,0.0183,0.2043,0.0204,0.0817,0.0002,3.6554,1.0026,0.0168,0.9964,0.5406,0.6228,0.0961,,
0.0898,knn,adasyn,beta,0.5775,0.1133,-0.0013,0.9144,0.0039,0.0431,0.0054,0.0813,0.0056,-0.0005,0.9988,0.0,1.0,0.6263,0.4814,0.0617,,
0.0898,knn,adasyn,intercept,0.5775,0.1133,-0.0041,0.247,0.034,0.3787,0.035,0.0847,-0.0358,6.3291,0.9966,0.0053,0.9972,0.4474,0.656,0.0618,,
0.0898,knn,adasyn,isotonic,0.576,0.1111,-0.0018,0.7919,0.0039,0.044,0.0056,0.0813,0.0055,0.0581,0.9984,0.0,1.0,0.5778,0.5309,0.063,,
0.0898,knn,adasyn,none,0.5775,0.1133,-3.3009,0.2465,0.5588,6.2226,0.5593,0.4158,-4.0874,189.7398,0.1383,0.8888,0.1761,0.9985,0.0031,0.0073,,
0.0898,knn,adasyn,platt,0.5775,0.1133,-0.0016,0.915,0.0048,0.0533,0.0056,0.0815,0.0033,0.1752,0.9986,0.0011,0.9995,0.5514,0.5591,0.0635,,
0.0898,knn,adasyn,prior,0.5775,0.1133,-0.9997,0.2468,0.1101,1.2262,0.1089,0.104,-0.2723,-26.9099,0.4553,0.0479,0.9717,0.8888,0.1761,0.0494,,
0.0898,knn,none,beta,0.5884,0.1264,-0.0019,0.9994,0.0032,0.0356,0.0047,0.0808,0.0111,-0.0699,0.9983,0.0003,1.0,0.4915,0.6294,0.0712,,
0.0898,knn,none,intercept,0.5884,0.1264,-0.0029,0.1381,0.0211,0.235,0.0217,0.0815,0.0032,1.7225,0.9974,0.0001,1.0,0.5228,0.5957,0.0693,,
0.0898,knn,none,isotonic,0.5878,0.1238,-0.0018,0.9462,0.0037,0.0409,0.0056,0.0809,0.0105,-0.0067,0.9984,0.0008,0.9999,0.5596,0.5617,0.071,,
0.0898,knn,none,none,0.5884,0.1264,0.0967,0.1381,0.0194,0.216,0.02,0.0813,0.0048,5.8454,1.0892,0.0,1.0,0.4915,0.6294,0.0712,,
0.0898,knn,none,platt,0.5884,0.1264,-0.0007,0.7955,0.0139,0.1552,0.0121,0.0813,0.0047,-0.1093,0.9993,0.0,1.0,0.6912,0.4239,0.0674,,
0.0898,knn,ros,beta,0.5772,0.1166,-0.0011,0.9223,0.0036,0.0403,0.0053,0.0813,0.0058,0.0496,0.999,0.0002,1.0,0.5205,0.5878,0.0627,,
0.0898,knn,ros,intercept,0.5772,0.1166,-0.0027,0.1249,0.0349,0.3887,0.0353,0.0838,-0.0257,5.4391,0.9978,0.0052,0.9981,0.4817,0.6255,0.063,,
0.0898,knn,ros,isotonic,0.5763,0.1138,-0.0011,0.7723,0.0037,0.0413,0.0055,0.0813,0.0053,0.1443,0.999,0.0002,0.9999,0.5107,0.593,0.0608,,
0.0898,knn,ros,none,0.5772,0.1166,-2.3246,0.0992,0.3503,3.9006,0.3476,0.2319,-1.8368,24.1718,0.2053,0.5043,0.603,0.9752,0.0422,0.0251,,
0.0898,knn,ros,platt,0.5772,0.1166,-0.0005,0.7912,0.0115,0.1282,0.0103,0.0814,0.0037,-0.0598,0.9995,0.0,1.0,0.6889,0.4129,0.0594,,
0.0898,knn,ros,prior,0.5772,0.1166,-0.0085,0.1248,0.035,0.3902,0.0355,0.0839,-0.026,5.2154,0.9929,0.0052,0.9981,0.5043,0.603,0.0625,,
0.0898,knn,rus,beta,0.6031,0.1321,0.0006,1.0171,0.0027,0.0299,0.0043,0.0807,0.013,-0.0094,1.0005,0.0,1.0,0.5602,0.5846,0.0838,,
0.0898,knn,rus,intercept,0.6031,0.1321,0.0003,0.8288,0.0053,0.0593,0.0062,0.0807,0.0129,0.4048,1.0003,0.0,1.0,0.5592,0.5871,0.0847,,
0.0898,knn,rus,isotonic,0.6023,0.1291,0.0009,0.9764,0.0026,0.0286,0.004,0.0807,0.0132,0.0458,1.0008,0.0,1.0,0.592,0.5553,0.0848,,
0.0898,knn,rus,none,0.6031,0.1321,-2.2565,0.8288,0.3752,4.1778,0.3756,0.2275,-1.7835,-14.2276,0.1931,0.5286,0.6148,1.0,0.0,,,
0.0898,knn,rus,platt,0.6031,0.1321,0.0008,1.0303,0.0024,0.0262,0.0039,0.0806,0.0134,-0.0162,1.0007,0.0,1.0,0.5754,0.5713,0.0845,,
0.0898,knn,rus,prior,0.6031,0.1321,0.0596,0.8288,0.0068,0.0756,0.0076,0.0807,0.0128,2.9331,1.0554,0.0,1.0,0.5286,0.6148,0.0839,,
0.0898,knn,smote,beta,0.5808,0.1149,-0.0012,0.9042,0.004,0.0449,0.0051,0.0813,0.0057,0.0351,0.9989,0.0,1.0,0.623,0.4896,0.0645,,
0.0898,knn,smote,intercept,0.5808,0.1149,-0.0057,0.2238,0.0352,0.392,0.0356,0.0851,-0.0413,7.1986,0.9953,0.0075,0.9962,0.4539,0.6596,0.068,,
0.0898,knn,smote,isotonic,0.5795,0.1125,-0.0015,0.823,0.0032,0.0354,0.005,0.0812,0.006,0.0738,0.9987,0.0,1.0,0.5845,0.5289,0.0654,,
0.0898,knn,smote,none,0.5808,0.1149,-3.3119,0.2233,0.556,6.1921,0.5567,0.4134,-4.0584,188.735,0.1389,0.8847,0.1845,0.9986,0.0033,0.0092,,
0.0898,knn,smote,platt,0.5808,0.1149,-0.0018,0.8914,0.0057,0.0634,0.0061,0.0815,0.0024,0.2556,0.9984,0.0014,0.9991,0.5492,0.5659,0.0662,,
0.0898,knn,smote,prior,0.5808,0.1149,-0.9958,0.2236,0.1085,1.2079,0.1074,0.1042,-0.2745,-25.2917,0.4596,0.0558,0.9682,0.8847,0.1845,0.0516,,
0.0898,lr,adasyn,beta,0.6205,0.1536,-0.0058,1.0096,0.0025,0.028,0.0045,0.08,0.0212,-0.2259,0.9949,0.002,0.9998,0.5242,0.6454,0.1005,,
0.0898,lr,adasyn,intercept,0.6205,0.1536,-0.009,0.6414,0.0156,0.1736,0.0163,0.0805,0.0155,1.6437,0.9923,0.0073,0.9988,0.5267,0.6409,0.099,,
0.0898,lr,adasyn,isotonic,0.6193,0.146,-0.0064,0.9328,0.0032,0.0362,0.0048,0.0801,0.0201,-0.0495,0.9944,0.0028,0.9993,0.484,0.6799,0.1003,,
0.0898,lr,adasyn,none,0.6205,0.1536,-2.3268,0.6414,0.3668,4.0846,0.3679,0.2292,-1.804,5.2244,0.1962,0.5285,0.6401,0.9967,0.0052,0.0081,,
0.0898,lr,adasyn,platt,0.6205,0.1536,-0.0057,1.0129,0.0043,0.0477,0.0061,0.08,0.0209,-0.3607,0.995,0.0004,0.9999,0.5701,0.5993,0.0983,,
0.0898,lr,adasyn,prior,0.6205,0.1536,-0.0256,0.6414,0.0159,0.177,0.0165,0.0805,0.0151,0.9735,0.9782,0.0074,0.9987,0.538,0.6313,0.0995,,
0.0898,lr,none,beta,0.6386,0.1629,-0.004,0.9997,0.0026,0.0292,0.0045,0.0796,0.0263,-0.1547,0.9965,0.0013,0.9998,0.5429,0.654,0.1171,,
0.0898,lr,none,intercept,0.6386,0.1629,-0.005,0.8575,0.0054,0.0603,0.0066,0.0797,0.0254,0.5567,0.9957,0.0055,0.9992,0.5231,0.6725,0.1177,,
0.0898,lr,none,isotonic,0.6376,0.1555,-0.0046,0.9301,0.0032,0.0352,0.0051,0.0797,0.0253,0.0593,0.996,0.0017,0.9996,0.5249,0.6678,0.1163,,
0.0898,lr,none,none,0.6386,0.1629,-0.0022,0.8575,0.0055,0.0607,0.0066,0.0797,0.0255,0.6701,0.9981,0.0055,0.9992,0.5213,0.6744,0.1179,,
0.0898,lr,none,platt,0.6386,0.1629,-0.0042,1.0069,0.0023,0.0251,0.0045,0.0796,0.0265,-0.1469,0.9963,0.0027,0.9997,0.5379,0.6601,0.1181,,
0.0898,lr,ros,beta,0.6392,0.1614,-0.0047,1.0057,0.0031,0.0347,0.0047,0.0797,0.0254,-0.185,0.9958,0.0025,0.9997,0.5478,0.649,0.1167,,
0.0898,lr,ros,intercept,0.6392,0.1614,-0.0063,0.7739,0.0086,0.0954,0.0092,0.0799,0.0228,1.0952,0.9946,0.0081,0.9987,0.5241,0.672,0.1179,,
0.0898,lr,ros,isotonic,0.6377,0.1536,-0.0045,0.9305,0.0031,0.0344,0.0058,0.0797,0.0248,0.0343,0.996,0.0023,0.9995,0.5495,0.6428,0.114,,
0.0898,lr,ros,none,0.6392,0.1614,-2.324,0.7739,0.3725,4.1479,0.3732,0.2282,-1.7914,-1.6121,0.1939,0.5252,0.6711,0.9978,0.0031,0.0051,,
0.0898,lr,ros,platt,0.6392,0.1614,-0.0044,1.0111,0.0026,0.0295,0.0043,0.0796,0.0257,-0.1979,0.9961,0.0027,0.9997,0.5456,0.6499,0.1159,,
0.0898,lr,ros,prior,0.6392,0.1614,-0.0079,0.7739,0.0086,0.0953,0.0092,0.0799,0.0227,1.0296,0.9932,0.0082,0.9987,0.5252,0.6711,0.1179,,
0.0898,lr,rus,beta,0.6327,0.158,-0.0039,1.0192,0.0031,0.0348,0.0049,0.0798,0.0235,-0.1898,0.9966,0.002,0.9997,0.5502,0.6394,0.1118,,
0.0898,lr,rus,intercept,0.6327,0.158,-0.0056,0.7326,0.0113,0.1254,0.0118,0.0802,0.0193,1.5011,0.9952,0.0097,0.9985,0.5159,0.6718,0.1129,,
0.0898,lr,rus,isotonic,0.6319,0.1503,-0.0039,0.9468,0.0024,0.0268,0.0053,0.0799,0.0227,0.0387,0.9966,0.0035,0.9993,0.5579,0.6291,0.11,,
0.0898,lr,rus,none,0.6327,0.158,-2.3694,0.7326,0.3809,4.2414,0.3817,0.2356,-1.8819,7.4947,0.1904,0.5465,0.643,0.9998,0.0006,0.0055,,
0.0898,lr,rus,platt,0.6327,0.158,-0.0037,1.025,0.0027,0.0299,0.0044,0.0798,0.0238,-0.1882,0.9967,0.0022,0.9997,0.5449,0.6446,0.1121,,
0.0898,lr,rus,prior,0.6327,0.158,-0.0533,0.7326,0.0114,0.1269,0.012,0.0802,0.0182,-0.4438,0.955,0.0104,0.9984,0.5465,0.643,0.112,,
0.0898,lr,smote,beta,0.6229,0.1548,-0.0057,1.0154,0.0025,0.0281,0.0043,0.0799,0.0219,-0.2365,0.995,0.002,0.9998,0.5278,0.6442,0.1018,,
0.0898,lr,smote,intercept,0.6229,0.1548,-0.0088,0.6321,0.0162,0.1805,0.0169,0.0805,0.0149,1.9724,0.9924,0.0102,0.9984,0.5214,0.651,0.1025,,
0.0898,lr,smote,isotonic,0.6218,0.1476,-0.007,0.9398,0.0029,0.0326,0.0044,0.08,0.0214,-0.1137,0.9938,0.0036,0.9994,0.513,0.6586,0.1026,,
0.0898,lr,smote,none,0.6229,0.1548,-2.3392,0.6321,0.367,4.0869,0.3681,0.2298,-1.811,6.7916,0.1961,0.5295,0.642,0.9964,0.0055,0.0075,,
0.0898,lr,smote,platt,0.6229,0.1548,-0.0052,1.018,0.0039,0.0431,0.0055,0.08,0.0217,-0.3415,0.9954,0.0006,0.9999,0.5664,0.606,0.1003,,
0.0898,lr,smote,prior,0.6229,0.1548,-0.0231,0.6321,0.0164,0.1829,0.0171,0.0806,0.0145,1.402,0.9804,0.0104,0.9983,0.5295,0.642,0.1014,,
0.0898,lr,weighted,beta,0.6397,0.1619,-0.0048,1.0032,0.003,0.0332,0.0046,0.0796,0.0257,-0.1916,0.9958,0.002,0.9997,0.5516,0.6474,0.1179,,
0.0898,lr,weighted,intercept,0.6397,0.1619,-0.0058,0.7942,0.0078,0.0867,0.0085,0.0798,0.0235,0.985,0.995,0.0074,0.9988,0.5251,0.674,0.1198,,
0.0898,lr,weighted,isotonic,0.6385,0.1547,-0.0042,0.9387,0.0029,0.0322,0.0044,0.0797,0.0253,0.0349,0.9964,0.0025,0.9993,0.5774,0.6211,0.1164,,
0.0898,lr,weighted,none,0.6397,0.1619,-2.3247,0.7942,0.3738,4.1627,0.3746,0.2286,-1.7967,-2.1131,0.1934,0.5262,0.6727,0.9985,0.0022,0.0034,,
0.0898,lr,weighted,platt,0.6397,0.1619,-0.0043,1.0104,0.0025,0.0275,0.0044,0.0796,0.0261,-0.1741,0.9962,0.0027,0.9997,0.5454,0.6539,0.1185,,
0.0898,lr,weighted,prior,0.6397,0.1619,-0.0086,0.7942,0.0078,0.0865,0.0085,0.0798,0.0235,0.872,0.9926,0.0076,0.9988,0.5262,0.6727,0.1196,,
0.0898,mlp,adasyn,beta,0.555,0.1106,-0.0002,0.9891,0.0027,0.0302,0.0041,0.0814,0.0036,0.0121,0.9998,0.0,1.0,0.4848,0.5927,0.0451,,
0.0898,mlp,adasyn,intercept,0.5543,0.1104,-0.0207,0.0361,0.1357,1.5115,0.1311,0.1333,-0.6304,185.1968,0.9948,0.1206,0.9212,0.1986,0.8548,0.0427,,
0.0898,mlp,adasyn,isotonic,0.5538,0.1072,-0.0003,0.7629,0.0041,0.0457,0.006,0.0815,0.0029,0.1503,0.9998,0.0003,0.9999,0.4574,0.618,0.045,,
0.0898,mlp,adasyn,none,0.555,0.1106,-1.1539,0.0346,0.1561,1.7386,0.1557,0.1513,-0.8516,188.6799,0.756,0.156,0.8933,0.2496,0.8126,0.0452,,
0.0898,mlp,adasyn,platt,0.555,0.1106,-0.0,0.9914,0.0028,0.0313,0.0044,0.0814,0.0036,0.0091,1.0,0.0,1.0,0.5036,0.5731,0.0443,,
0.0898,mlp,adasyn,prior,0.5538,0.11,1.1473,0.0382,0.1193,1.3286,0.1202,0.1196,-0.4632,191.9406,1.3966,0.0895,0.9441,0.1566,0.8927,0.045,,
0.0898,mlp,none,beta,0.623,0.1462,-0.0023,1.0365,0.0032,0.0357,0.0053,0.0802,0.0186,-0.1634,0.998,0.0,1.0,0.58,0.599,0.1038,,
0.0898,mlp,none,intercept,0.623,0.1462,-0.0025,0.9897,0.0037,0.0414,0.0054,0.0802,0.0186,-0.0015,0.9978,0.0008,1.0,0.5707,0.6086,0.1044,,
0.0898,mlp,none,isotonic,0.622,0.1388,-0.0019,0.9266,0.0034,0.0377,0.0048,0.0803,0.0174,0.0734,0.9983,0.0015,0.9997,0.5628,0.6132,0.1032,,
0.0898,mlp,none,none,0.623,0.1462,0.0246,0.9897,0.0059,0.0659,0.0072,0.0803,0.0182,1.176,1.0243,0.0007,1.0,0.5326,0.6396,0.1022,,
0.0898,mlp,none,platt,0.623,0.1462,-0.002,1.0402,0.0036,0.0396,0.0054,0.0802,0.0186,-0.1353,0.9982,0.0004,1.0,0.5738,0.6052,0.1041,,
0.0898,mlp,ros,beta,0.5565,0.1102,-0.0025,1.0804,0.0031,0.0342,0.0043,0.0814,0.0039,-0.1238,0.9978,0.0,1.0,0.4633,0.6181,0.0478,,
0.0898,mlp,ros,intercept,0.5556,0.1098,-0.1421,0.0343,0.1406,1.5655,0.1351,0.1378,-0.6863,215.1017,0.9686,0.1277,0.9174,0.1956,0.8603,0.0454,,
0.0898,mlp,ros,isotonic,0.5573,0.1074,-0.0032,0.9087,0.0028,0.0308,0.0043,0.0814,0.0035,-0.0527,0.9971,0.0002,1.0,0.505,0.574,0.047,,
0.0898,mlp,ros,none,0.5565,0.1102,-1.4126,0.0326,0.1607,1.7893,0.16,0.1563,-0.9121,220.0503,0.7381,0.1604,0.8883,0.2419,0.8224,0.0475,,
0.0898,mlp,ros,platt,0.5565,0.1102,-0.0025,1.079,0.0032,0.036,0.0043,0.0814,0.0037,-0.1258,0.9977,0.0,1.0,0.4814,0.6011,0.0481,,
0.0898,mlp,ros,prior,0.5552,0.1094,0.9034,0.036,0.1266,1.4096,0.1276,0.126,-0.5419,216.5892,1.2393,0.103,0.9365,0.1604,0.8883,0.0435,,
0.0898,mlp,rus,beta,0.6241,0.1463,-0.0016,1.0387,0.0035,0.0387,0.005,0.0802,0.0185,-0.1504,0.9986,0.0003,0.9999,0.5918,0.5855,0.1025,,
0.0898,mlp,rus,intercept,0.6241,0.1463,-0.0014,0.7387,0.0103,0.1143,0.011,0.0805,0.0148,1.2919,0.9988,0.005,0.999,0.5451,0.6325,0.1045,,
0.0898,mlp,rus,isotonic,0.6226,0.1388,-0.0014,0.9437,0.0033,0.0366,0.0056,0.0803,0.0181,0.0522,0.9988,0.0002,1.0,0.5526,0.6173,0.1,,
0.0898,mlp,rus,none,0.6241,0.1463,-2.3251,0.7387,0.3766,4.1936,0.3773,0.2328,-1.8488,2.2008,0.1927,0.5395,0.6325,1.0,0.0001,0.0043,,
0.0898,mlp,rus,platt,0.6241,0.1463,-0.0013,1.0442,0.0039,0.0438,0.0053,0.0802,0.0183,-0.0871,0.9989,0.0014,0.9998,0.5717,0.606,0.1034,,
0.0898,mlp,rus,prior,0.6241,0.1463,-0.009,0.7387,0.0134,0.1493,0.014,0.0807,0.0127,1.0521,0.9989,0.0055,0.999,0.5395,0.6325,0.1022,,
0.0898,mlp,smote,beta,0.5539,0.1103,-0.0014,1.0031,0.0029,0.0324,0.0046,0.0815,0.0035,-0.0416,0.9987,0.0,1.0,0.4923,0.5859,0.0453,,
0.0898,mlp,smote,intercept,0.5536,0.1101,-0.0774,0.0364,0.1351,1.5046,0.1317,0.1326,-0.6228,175.3371,0.9784,0.1219,0.9208,0.2093,0.8494,0.0462,,
0.0898,mlp,smote,isotonic,0.5536,0.1069,-0.0017,0.7875,0.0032,0.0351,0.0048,0.0815,0.0028,0.0582,0.9985,0.0005,0.9999,0.4948,0.5825,0.0454,,
0.0898,mlp,smote,none,0.5539,0.1103,-0.9888,0.035,0.1523,1.6957,0.1522,0.1474,-0.8035,176.4547,0.7688,0.1541,0.8969,0.2503,0.8121,0.0452,,
0.0898,mlp,smote,platt,0.5539,0.1103,-0.0015,1.0007,0.0034,0.038,0.0051,0.0815,0.0034,-0.0515,0.9987,0.0,1.0,0.5157,0.5625,0.045,,
0.0898,mlp,smote,prior,0.5529,0.1098,1.3273,0.0391,0.1145,1.2747,0.1162,0.116,-0.4198,183.6553,1.4885,0.0816,0.9496,0.1541,0.8969,0.047,,
0.0898,nb,adasyn,beta,0.6121,0.1348,-0.004,1.0218,0.0025,0.0277,0.0053,0.0806,0.0139,-0.2069,0.9964,0.0,1.0,0.56,0.6005,0.0932,,
0.0898,nb,adasyn,intercept,0.6121,0.1348,-0.0138,0.302,0.0493,0.5495,0.0492,0.0861,-0.0532,12.2109,0.9893,0.0258,0.991,0.4695,0.6897,0.0972,,
0.0898,nb,adasyn,isotonic,0.6112,0.1292,-0.0048,0.9192,0.0021,0.0237,0.0054,0.0807,0.013,-0.0578,0.9957,0.0004,0.9999,0.5351,0.625,0.0946,,
0.0898,nb,adasyn,none,0.6121,0.1348,-1.5283,0.302,0.1725,1.921,0.1718,0.1379,-0.6875,-8.4239,0.35,0.244,0.8635,0.8572,0.2511,0.0724,,
0.0898,nb,adasyn,platt,0.6121,0.1348,-0.0036,1.0259,0.0025,0.028,0.0054,0.0806,0.0138,-0.229,0.9967,0.0,1.0,0.5931,0.5681,0.0927,,
0.0898,nb,adasyn,prior,0.6121,0.1348,0.7729,0.3021,0.0505,0.5622,0.051,0.0836,-0.0227,40.5707,1.8985,0.0035,0.9992,0.2485,0.8609,0.0879,,
0.0898,nb,none,beta,0.631,0.1444,-0.0017,0.9969,0.0025,0.0284,0.0042,0.0802,0.0188,-0.0633,0.9985,0.0,1.0,0.5869,0.6078,0.1132,,
0.0898,nb,none,intercept,0.631,0.1444,-0.0091,0.4126,0.0406,0.452,0.0405,0.0841,-0.0287,9.3923,0.9927,0.0224,0.9936,0.4907,0.6971,0.1151,,
0.0898,nb,none,isotonic,0.6298,0.1384,-0.0014,0.9053,0.0031,0.034,0.0057,0.0803,0.0179,0.1197,0.9987,0.0007,0.9998,0.6083,0.5846,0.1119,,
0.0898,nb,none,none,0.631,0.1444,-0.2522,0.4126,0.046,0.512,0.0456,0.0864,-0.0574,1.556,0.8203,0.0386,0.9877,0.5667,0.6259,0.1128,,
0.0898,nb,none,platt,0.631,0.1444,-0.002,1.0042,0.0027,0.0298,0.0043,0.0802,0.019,-0.0677,0.9982,0.0,1.0,0.5769,0.6175,0.1134,,
0.0898,nb,ros,beta,0.6314,0.1457,-0.0018,1.0044,0.0029,0.0324,0.005,0.0802,0.0191,-0.0929,0.9984,0.0,1.0,0.5766,0.6169,0.113,,
0.0898,nb,ros,intercept,0.6314,0.1457,-0.0086,0.4036,0.0409,0.4555,0.0408,0.084,-0.0283,9.4693,0.9932,0.0227,0.9937,0.4893,0.6969,0.1141,,
0.0898,nb,ros,isotonic,0.6302,0.1387,-0.0017,0.9274,0.0028,0.0309,0.0051,0.0802,0.0184,0.0768,0.9985,0.0005,0.9999,0.5991,0.5936,0.1117,,
0.0898,nb,ros,none,0.6314,0.1457,-2.5719,0.4036,0.358,3.9871,0.3586,0.2451,-1.9992,42.8789,0.2003,0.5685,0.6254,0.9901,0.0236,0.0262,,
0.0898,nb,ros,platt,0.6314,0.1457,-0.0019,1.0091,0.0026,0.0293,0.0047,0.0802,0.0192,-0.1131,0.9983,0.0,1.0,0.5785,0.6136,0.1119,,
0.0898,nb,ros,prior,0.6314,0.1457,-0.2558,0.4036,0.0466,0.5187,0.0462,0.0865,-0.0581,1.5537,0.8182,0.0375,0.9875,0.5685,0.6254,0.1135,,
0.0898,nb,rus,beta,0.6266,0.1433,-0.0005,1.0174,0.0025,0.0282,0.005,0.0803,0.0179,-0.0681,0.9995,0.0,1.0,0.5808,0.6052,0.1082,,
0.0898,nb,rus,intercept,0.6266,0.1433,-0.0055,0.3839,0.0438,0.4881,0.0444,0.0847,-0.0367,10.7816,0.9956,0.028,0.992,0.4744,0.7003,0.1075,,
0.0898,nb,rus,isotonic,0.6259,0.1371,-0.0005,0.9378,0.0035,0.0392,0.0063,0.0803,0.0172,0.076,0.9996,0.0002,1.0,0.5674,0.6132,0.1065,,
0.0898,nb,rus,none,0.6266,0.1433,-2.6442,0.3839,0.3671,4.0877,0.3677,0.2539,-2.1069,51.1115,0.1963,0.5777,0.6089,0.9903,0.0237,0.0267,,
0.0898,nb,rus,platt,0.6266,0.1433,-0.0009,1.0242,0.0026,0.0287,0.0051,0.0803,0.018,-0.0869,0.9992,0.0,1.0,0.5745,0.6113,0.1082,,
0.0898,nb,rus,prior,0.6266,0.1433,-0.3281,0.3839,0.052,0.5789,0.0519,0.0884,-0.0821,0.9898,0.7771,0.0527,0.9827,0.5777,0.6089,0.1086,,
0.0898,nb,smote,beta,0.6149,0.136,-0.004,1.0207,0.0025,0.0277,0.0049,0.0805,0.0146,-0.2118,0.9964,0.0,1.0,0.5689,0.5982,0.0969,,
0.0898,nb,smote,intercept,0.6149,0.136,-0.0141,0.3016,0.0506,0.5634,0.0504,0.0865,-0.058,13.2939,0.9891,0.0305,0.9895,0.4658,0.6961,0.0993,,
0.0898,nb,smote,isotonic,0.6139,0.1305,-0.0041,0.9271,0.002,0.0228,0.005,0.0806,0.0138,-0.0503,0.9964,0.0002,0.9999,0.5643,0.6037,0.0981,,
0.0898,nb,smote,none,0.6149,0.136,-1.5467,0.3016,0.1728,1.9238,0.172,0.1391,-0.7019,-6.0741,0.35,0.2534,0.8596,0.8513,0.2607,0.0739,,
0.0898,nb,smote,platt,0.6149,0.136,-0.0034,1.0224,0.0025,0.0275,0.005,0.0806,0.0145,-0.2139,0.997,0.0,1.0,0.592,0.5744,0.0958,,
0.0898,nb,smote,prior,0.6149,0.136,0.7694,0.3017,0.0512,0.5705,0.052,0.0837,-0.0239,41.0479,1.8804,0.0056,0.9988,0.2534,0.8596,0.0903,,
0.0898,rf,adasyn,beta,0.6303,0.1479,-0.0015,0.9832,0.0022,0.0245,0.0041,0.0801,0.0199,0.051,0.9987,0.0009,0.9998,0.5645,0.6208,0.1083,,
0.0898,rf,adasyn,intercept,0.6303,0.1479,-0.001,1.0037,0.0028,0.0307,0.0043,0.0801,0.0201,-0.0972,0.9991,0.0,1.0,0.602,0.5855,0.1083,,
0.0898,rf,adasyn,isotonic,0.6293,0.1411,-0.0014,0.8961,0.0031,0.0346,0.005,0.0802,0.0187,0.2774,0.9987,0.002,0.9995,0.5587,0.6255,0.1088,,
0.0898,rf,adasyn,none,0.6303,0.1479,-0.738,1.0037,0.0782,0.871,0.0787,0.087,-0.064,-31.6311,0.5331,0.0019,0.9995,0.9589,0.0957,0.0545,,
0.0898,rf,adasyn,platt,0.6303,0.1479,-0.001,0.9906,0.0028,0.0311,0.0045,0.0801,0.0201,-0.063,0.9991,0.0,1.0,0.6009,0.5866,0.1083,,
0.0898,rf,adasyn,prior,0.6303,0.1479,1.5632,1.0037,0.0694,0.7727,0.0692,0.0858,-0.0498,74.6708,4.3627,0.0,1.0,0.0022,0.9995,0.0175,,
0.0898,rf,none,beta,0.6438,0.1675,-0.0022,0.9825,0.0036,0.0405,0.0047,0.0794,0.0288,-0.0685,0.9981,0.0014,0.9999,0.5654,0.6391,0.1209,,
0.0898,rf,none,intercept,0.6438,0.1675,-0.0007,1.1005,0.0053,0.0585,0.0067,0.0795,0.0277,-0.3924,0.9994,0.0,1.0,0.6039,0.6006,0.1186,,
0.0898,rf,none,isotonic,0.642,0.1589,-0.0022,0.9164,0.0036,0.0396,0.0047,0.0794,0.0281,0.1998,0.9981,0.0036,0.9995,0.518,0.6817,0.1223,,
0.0898,rf,none,none,0.6438,0.1675,-0.0087,1.1005,0.0055,0.0614,0.0068,0.0795,0.0277,-0.7368,0.9923,0.0,1.0,0.6099,0.5936,0.1178,,
0.0898,rf,none,platt,0.6438,0.1675,-0.0009,0.9984,0.0051,0.0572,0.0064,0.0794,0.0283,-0.167,0.9992,0.0,1.0,0.5959,0.6082,0.1187,,
0.0898,rf,ros,beta,0.6402,0.1608,-0.0028,0.9948,0.0025,0.0275,0.0043,0.0796,0.0261,-0.0709,0.9976,0.0012,0.9999,0.5614,0.6389,0.1181,,
0.0898,rf,ros,intercept,0.6402,0.1608,-0.0019,1.0491,0.0041,0.0455,0.0055,0.0796,0.0256,-0.2955,0.9983,0.0,1.0,0.6007,0.5987,0.1155,,
0.0898,rf,ros,isotonic,0.6391,0.1528,-0.003,0.9158,0.0033,0.0373,0.0054,0.0797,0.0247,0.1782,0.9973,0.0016,0.9997,0.5477,0.6482,0.1178,,
0.0898,rf,ros,none,0.6402,0.1608,-1.3585,1.0491,0.1776,1.9778,0.1785,0.1142,-0.3971,-55.4767,0.3348,0.0638,0.9843,0.9965,0.0109,0.0206,,
0.0898,rf,ros,platt,0.6402,0.1608,-0.0015,0.9997,0.0041,0.0462,0.0056,0.0796,0.0257,-0.1535,0.9987,0.0,1.0,0.5968,0.603,0.1159,,
0.0898,rf,ros,prior,0.6402,0.1608,0.9576,1.0491,0.0531,0.5908,0.0528,0.0831,-0.0171,42.8177,2.427,0.0,1.0,0.0638,0.9843,0.098,,
0.0898,rf,rus,beta,0.64,0.1557,-0.0028,0.9858,0.0031,0.0349,0.0053,0.0798,0.0238,-0.0975,0.9976,0.0,1.0,0.5848,0.616,0.1172,,
0.0898,rf,rus,intercept,0.64,0.1557,-0.0013,1.3026,0.0074,0.0821,0.009,0.0799,0.0221,-0.5355,0.9988,0.0,1.0,0.6137,0.5894,0.1174,,
0.0898,rf,rus,isotonic,0.6385,0.1483,-0.0028,0.9173,0.0044,0.0491,0.0066,0.0799,0.0228,0.1033,0.9975,0.0,1.0,0.5674,0.6321,0.1179,,
0.0898,rf,rus,none,0.64,0.1557,-2.2949,1.3026,0.3885,4.3267,0.3897,0.2347,-1.872,-9.5698,0.1873,0.5922,0.611,1.0,0.0,,,
0.0898,rf,rus,platt,0.64,0.1557,-0.0023,0.9946,0.003,0.0333,0.005,0.0798,0.0237,-0.1184,0.998,0.0,1.0,0.596,0.6074,0.1182,,
0.0898,rf,rus,prior,0.64,0.1557,0.0212,1.3026,0.0073,0.0813,0.0089,0.0799,0.0219,0.4417,1.0192,0.0,1.0,0.5922,0.611,0.1182,,
0.0898,rf,smote,beta,0.6321,0.1493,-0.0027,0.9761,0.0022,0.024,0.004,0.0801,0.0205,0.027,0.9976,0.0009,0.9998,0.5641,0.6236,0.1099,,
0.0898,rf,smote,intercept,0.6321,0.1493,-0.002,0.996,0.0028,0.0311,0.0043,0.08,0.0209,-0.1226,0.9983,0.0,1.0,0.601,0.5889,0.1097,,
0.0898,rf,smote,isotonic,0.6311,0.1429,-0.0025,0.8645,0.0037,0.0411,0.0039,0.0802,0.0193,0.273,0.9978,0.0017,0.9997,0.5263,0.658,0.1103,,
0.0898,rf,smote,none,0.6321,0.1493,-0.7385,0.996,0.0781,0.87,0.0786,0.0869,-0.0636,-31.5508,0.5332,0.0029,0.9994,0.9595,0.1002,0.0583,,
0.0898,rf,smote,platt,0.6321,0.1493,-0.0021,0.9846,0.0029,0.0328,0.0044,0.08,0.0208,-0.0977,0.9981,0.0,1.0,0.5996,0.59,0.1096,,
0.0898,rf,smote,prior,0.6321,0.1493,1.5776,0.996,0.0697,0.776,0.0695,0.0858,-0.05,75.4594,4.4196,0.0,1.0,0.0029,0.9994,0.0202,,
0.0898,rf,weighted,beta,0.6437,0.161,-0.004,0.9907,0.0022,0.0247,0.0045,0.0796,0.0266,-0.111,0.9965,0.0005,0.9999,0.5657,0.6392,0.1208,,
0.0898,rf,weighted,intercept,0.6437,0.161,-0.0025,1.1465,0.005,0.056,0.0065,0.0796,0.0257,-0.4863,0.9977,0.0,1.0,0.6035,0.5999,0.1179,,
0.0898,rf,weighted,isotonic,0.6429,0.1536,-0.0044,0.9254,0.0035,0.0392,0.0053,0.0796,0.0255,0.0918,0.9961,0.0005,0.9999,0.5378,0.6677,0.1237,,
0.0898,rf,weighted,none,0.6437,0.161,-1.4126,1.1465,0.1891,2.1053,0.1899,0.1179,-0.4427,-58.6226,0.321,0.0635,0.9838,0.9989,0.0046,0.0152,,
0.0898,rf,weighted,platt,0.6437,0.161,-0.0028,0.9924,0.0032,0.036,0.0052,0.0796,0.0264,-0.1681,0.9975,0.0,1.0,0.594,0.6113,0.1195,,
0.0898,rf,weighted,prior,0.6437,0.161,0.9035,1.1465,0.0512,0.5701,0.0509,0.083,-0.0149,40.1814,2.3094,0.0,1.0,0.0635,0.9838,0.0952,,
0.0898,svm,adasyn,beta,0.5583,0.1135,-0.0028,0.8989,0.0037,0.0412,0.0056,0.0814,0.0038,-0.0622,0.9975,0.0002,0.9999,0.4556,0.6337,0.0529,,
0.0898,svm,adasyn,intercept,0.5583,0.1135,-0.0428,0.0743,0.0982,1.0938,0.0981,0.1056,-0.2921,54.9653,0.977,0.0833,0.9523,0.3125,0.7644,0.0513,,
0.0898,svm,adasyn,isotonic,0.5582,0.1093,-0.0036,0.8201,0.0035,0.0393,0.0046,0.0814,0.0039,-0.0177,0.9968,0.0003,1.0,0.5234,0.5623,0.0504,,
0.0898,svm,adasyn,none,0.5583,0.1135,-0.8062,0.0734,0.125,1.3915,0.1249,0.1243,-0.5212,49.4026,0.642,0.1397,0.9111,0.4289,0.6581,0.0524,,
0.0898,svm,adasyn,platt,0.5583,0.1135,-0.003,0.8924,0.0046,0.051,0.0066,0.0815,0.0035,-0.1203,0.9973,0.0,1.0,0.5605,0.5252,0.049,,
0.0898,svm,adasyn,prior,0.5583,0.1135,1.495,0.0764,0.0798,0.889,0.0791,0.0907,-0.1098,92.2258,2.6156,0.0234,0.9895,0.1397,0.9111,0.0499,,
0.0898,svm,none,beta,0.572,0.1251,-0.0031,1.0286,0.0052,0.0583,0.0075,0.0811,0.0076,-0.1402,0.9972,0.0004,0.9999,0.4989,0.6079,0.0624,,
0.0898,svm,none,intercept,0.572,0.1251,-0.0022,0.944,0.0053,0.0593,0.007,0.0813,0.0058,0.2488,0.998,0.0035,0.9992,0.4858,0.6212,0.0631,,
0.0898,svm,none,isotonic,0.5708,0.1189,-0.0028,0.8247,0.0039,0.044,0.0057,0.0811,0.0073,0.0228,0.9975,0.0002,0.9999,0.4395,0.6638,0.0633,,
0.0898,svm,none,none,0.572,0.1251,0.0022,0.944,0.0053,0.0585,0.007,0.0813,0.0058,0.4372,1.002,0.0039,0.9992,0.4779,0.6293,0.0633,,
0.0898,svm,none,platt,0.572,0.1251,-0.003,1.043,0.0059,0.0661,0.0079,0.0812,0.007,-0.1086,0.9973,0.0012,0.9998,0.494,0.6136,0.063,,
0.0898,svm,ros,beta,0.5799,0.1202,-0.0029,0.9556,0.0027,0.0303,0.0047,0.0812,0.007,-0.0808,0.9974,0.0001,0.9999,0.5247,0.5907,0.067,,
0.0898,svm,ros,intercept,0.5799,0.1202,-0.0269,0.1363,0.0868,0.9667,0.0867,0.1003,-0.2277,43.0019,0.9843,0.0766,0.961,0.3522,0.7532,0.069,,
0.0898,svm,ros,isotonic,0.5787,0.1163,-0.0038,0.8032,0.0034,0.0377,0.0054,0.0812,0.0065,0.0094,0.9966,0.0002,0.9999,0.4957,0.6218,0.0693,,
0.0898,svm,ros,none,0.5799,0.1202,-1.5117,0.1363,0.1592,1.7731,0.1586,0.1473,-0.8022,38.0024,0.429,0.224,0.8541,0.6146,0.5006,0.066,,
0.0898,svm,ros,platt,0.5799,0.1202,-0.003,0.968,0.0023,0.0252,0.0043,0.0812,0.0071,-0.1154,0.9973,0.0,1.0,0.5503,0.5658,0.0668,,
0.0898,svm,ros,prior,0.5799,0.1202,0.8044,0.1363,0.0756,0.8419,0.0754,0.0914,-0.1183,62.5591,1.7069,0.0359,0.9836,0.224,0.8541,0.0621,,
0.0898,svm,rus,beta,0.6004,0.1295,-0.0009,0.9976,0.0023,0.0261,0.0045,0.0808,0.0115,-0.0528,0.9992,0.0,1.0,0.5624,0.5824,0.0838,,
0.0898,svm,rus,intercept,0.6004,0.1295,-0.0009,0.9246,0.0047,0.0524,0.0064,0.0808,0.011,0.1272,0.9992,0.0,1.0,0.5593,0.587,0.0847,,
0.0898,svm,rus,isotonic,0.5995,0.1248,-0.0012,0.9017,0.0033,0.0371,0.0049,0.0808,0.0108,0.0767,0.999,0.0001,1.0,0.5358,0.6079,0.0846,,
0.0898,svm,rus,none,0.6004,0.1295,-2.3138,0.9246,0.393,4.3766,0.3936,0.2404,-1.9411,-0.4609,0.1858,0.5688,0.5739,1.0,0.0,,,
0.0898,svm,rus,platt,0.6004,0.1295,-0.0004,1.0005,0.0029,0.0324,0.005,0.0808,0.0114,-0.0266,0.9996,0.0,1.0,0.5604,0.5855,0.0843,,
0.0898,svm,rus,prior,0.6004,0.1295,0.0023,0.9246,0.005,0.0558,0.0065,0.0808,0.011,0.2651,1.0023,0.0,1.0,0.5688,0.5739,0.0824,,
0.0898,svm,smote,beta,0.5597,0.1133,-0.0031,0.8969,0.0038,0.0427,0.0061,0.0814,0.0038,-0.0751,0.9972,0.0001,1.0,0.4674,0.6252,0.0546,,
0.0898,svm,smote,intercept,0.5597,0.1133,-0.0412,0.076,0.0982,1.0931,0.0976,0.1057,-0.2932,55.1056,0.9778,0.0801,0.9519,0.313,0.7651,0.0521,,
0.0898,svm,smote,isotonic,0.5587,0.1093,-0.0041,0.8037,0.0034,0.0379,0.0052,0.0814,0.0036,-0.0089,0.9963,0.0003,0.9999,0.5179,0.5684,0.0506,,
0.0898,svm,smote,none,0.5597,0.1133,-0.8022,0.0752,0.1241,1.3819,0.124,0.1241,-0.5183,49.4397,0.6429,0.14,0.911,0.43,0.6607,0.0545,,
0.0898,svm,smote,platt,0.5597,0.1133,-0.003,0.8984,0.0044,0.0485,0.0067,0.0814,0.0036,-0.123,0.9973,0.0,1.0,0.5622,0.5237,0.0492,,
0.0898,svm,smote,prior,0.5597,0.1133,1.5138,0.0781,0.08,0.8907,0.0792,0.0908,-0.1105,93.1119,2.6519,0.0215,0.9896,0.14,0.911,0.0501,,
0.0898,svm,weighted,beta,0.5908,0.1245,-0.0038,0.9619,0.0022,0.0242,0.0047,0.081,0.0092,-0.1414,0.9966,0.0,1.0,0.5602,0.572,0.0762,,
0.0898,svm,weighted,intercept,0.5908,0.1245,-0.0038,0.8597,0.0051,0.0567,0.0066,0.081,0.0088,0.0585,0.9966,0.0,1.0,0.5481,0.5849,0.0769,,
0.0898,svm,weighted,isotonic,0.5894,0.1198,-0.0039,0.7919,0.0028,0.0309,0.0044,0.0811,0.0081,0.0858,0.9965,0.0002,0.9999,0.4999,0.6301,0.077,,
0.0898,svm,weighted,none,0.5908,0.1245,-0.0149,0.8597,0.0052,0.0582,0.0066,0.081,0.0087,-0.4202,0.9867,0.0,1.0,0.5581,0.5743,0.0763,,
0.0898,svm,weighted,platt,0.5908,0.1245,-0.0034,0.9647,0.002,0.0228,0.0047,0.081,0.0092,-0.1205,0.997,0.0,1.0,0.5543,0.5782,0.0765,,
0.0898,svm,weighted,prior,0.5908,0.1245,2.3012,0.8597,0.0799,0.89,0.0799,0.0879,-0.0756,123.3932,9.0618,0.0,1.0,0.0,1.0,,,
0.0898,xgb,adasyn,beta,0.6278,0.158,-0.0031,0.9822,0.003,0.0334,0.0048,0.0798,0.0238,-0.0834,0.9973,0.0017,0.9998,0.5414,0.6356,0.1042,,
0.0898,xgb,adasyn,intercept,0.6278,0.158,-0.0024,0.9113,0.0062,0.069,0.0065,0.0798,0.0231,0.0219,0.9979,0.0,1.0,0.5707,0.6047,0.102,,
0.0898,xgb,adasyn,isotonic,0.6263,0.1505,-0.0028,0.904,0.0044,0.049,0.0062,0.0799,0.0226,0.1436,0.9975,0.0025,0.9997,0.5157,0.6633,0.108,,
0.0898,xgb,adasyn,none,0.6278,0.158,-0.2611,0.9113,0.023,0.2565,0.0234,0.0805,0.0148,-10.9359,0.796,0.0003,1.0,0.7472,0.4059,0.0897,,
0.0898,xgb,adasyn,platt,0.6278,0.158,-0.0024,0.9803,0.0054,0.0603,0.0061,0.0799,0.023,-0.1665,0.9979,0.0,1.0,0.5779,0.5992,0.1027,,
0.0898,xgb,adasyn,prior,0.6278,0.158,2.0401,0.9113,0.0769,0.8566,0.0768,0.087,-0.0647,103.9816,6.914,0.0,1.0,0.0004,1.0,0.0215,,
0.0898,xgb,none,beta,0.6456,0.1682,-0.0016,0.9946,0.0029,0.0324,0.0048,0.0793,0.0299,-0.0601,0.9986,0.0009,0.9999,0.5636,0.6456,0.1237,,
0.0898,xgb,none,intercept,0.6456,0.1682,-0.0016,0.8869,0.0043,0.0475,0.0057,0.0793,0.0293,0.514,0.9986,0.0029,0.9994,0.5513,0.6589,0.1252,,
0.0898,xgb,none,isotonic,0.644,0.1597,-0.0018,0.9276,0.0038,0.0419,0.0057,0.0794,0.0289,0.1908,0.9985,0.0046,0.9994,0.5495,0.6585,0.1249,,
0.0898,xgb,none,none,0.6456,0.1682,0.0074,0.8869,0.0043,0.0478,0.0056,0.0793,0.0293,0.8891,1.0065,0.0027,0.9994,0.5459,0.6647,0.1258,,
0.0898,xgb,none,platt,0.6456,0.1682,-0.0016,0.9971,0.0024,0.0266,0.0044,0.0793,0.0299,-0.0437,0.9986,0.0011,0.9997,0.5615,0.6478,0.1239,,
0.0898,xgb,ros,beta,0.6374,0.1618,-0.0041,0.982,0.0035,0.0388,0.0057,0.0796,0.0261,-0.0824,0.9964,0.0012,0.9998,0.5507,0.6492,0.1185,,
0.0898,xgb,ros,intercept,0.6374,0.1618,-0.0034,0.871,0.005,0.0556,0.0068,0.0796,0.0259,0.1911,0.997,0.0003,0.9999,0.5758,0.6223,0.1159,,
0.0898,xgb,ros,isotonic,0.6365,0.1545,-0.0035,0.9296,0.004,0.0448,0.0066,0.0797,0.0255,0.0949,0.9969,0.0009,0.9998,0.5306,0.6683,0.1198,,
0.0898,xgb,ros,none,0.6374,0.1618,-2.1809,0.871,0.3457,3.8498,0.3471,0.2085,-1.5511,-23.8408,0.2055,0.4811,0.7172,0.9989,0.0022,0.0056,,
0.0898,xgb,ros,platt,0.6374,0.1618,-0.0034,0.981,0.0047,0.0524,0.0065,0.0796,0.0259,-0.2031,0.997,0.0,1.0,0.5859,0.6116,0.115,,
0.0898,xgb,ros,prior,0.6374,0.1618,0.1352,0.871,0.0105,0.1174,0.0105,0.0797,0.025,6.067,1.1275,0.0,1.0,0.4811,0.7172,0.1236,,
0.0898,xgb,rus,beta,0.6356,0.1578,-0.001,1.0143,0.0033,0.0373,0.0055,0.0798,0.0243,-0.0738,0.9991,0.0,0.9999,0.5548,0.6325,0.1102,,
0.0898,xgb,rus,intercept,0.6356,0.1578,-0.0019,0.7347,0.0117,0.1306,0.0128,0.0801,0.0204,1.5489,0.9984,0.0049,0.9992,0.5299,0.6583,0.1122,,
0.0898,xgb,rus,isotonic,0.6341,0.1508,-0.0014,0.9388,0.004,0.0443,0.0053,0.0798,0.0233,0.1009,0.9988,0.0003,1.0,0.5178,0.6696,0.113,,
0.0898,xgb,rus,none,0.6356,0.1578,-2.3752,0.7347,0.3798,4.2295,0.3808,0.2363,-1.8907,10.5612,0.1908,0.5628,0.6249,0.9999,0.0005,0.0046,,
0.0898,xgb,rus,platt,0.6356,0.1578,-0.0019,1.0177,0.0027,0.0302,0.0053,0.0797,0.0245,-0.134,0.9983,0.0,1.0,0.5586,0.6295,0.1104,,
0.0898,xgb,rus,prior,0.6356,0.1578,-0.0592,0.7347,0.0124,0.1378,0.0134,0.0802,0.019,-0.7813,0.9503,0.0058,0.999,0.5628,0.6249,0.1099,,
0.0898,xgb,smote,beta,0.6277,0.1569,-0.0043,0.9817,0.0031,0.0345,0.0051,0.0798,0.0232,-0.1117,0.9963,0.0011,0.9998,0.5452,0.6326,0.1046,,
0.0898,xgb,smote,intercept,0.6277,0.1569,-0.0035,0.8971,0.0063,0.0698,0.0069,0.0799,0.0228,0.0376,0.997,0.0001,1.0,0.5725,0.6052,0.1033,,
0.0898,xgb,smote,isotonic,0.6266,0.1491,-0.0048,0.9048,0.0041,0.0459,0.007,0.0799,0.0222,0.089,0.9959,0.0015,0.9998,0.5621,0.6139,0.1034,,
0.0898,xgb,smote,none,0.6277,0.1569,-0.268,0.8971,0.0238,0.2646,0.0242,0.0806,0.0138,-11.1484,0.7914,0.0006,1.0,0.7513,0.4052,0.0917,,
0.0898,xgb,smote,platt,0.6277,0.1569,-0.0033,0.9835,0.0053,0.0585,0.0065,0.0799,0.0227,-0.1995,0.9971,0.0,1.0,0.5796,0.5979,0.1029,,
0.0898,xgb,smote,prior,0.6277,0.1569,2.0481,0.8971,0.077,0.8577,0.0769,0.087,-0.0649,104.4961,6.9622,0.0,1.0,0.0006,1.0,0.0151,,
0.0898,xgb,weighted,beta,0.6408,0.1635,-0.0041,0.9999,0.0029,0.0319,0.0046,0.0795,0.0274,-0.1543,0.9964,0.0009,0.9999,0.5561,0.6457,0.1194,,
0.0898,xgb,weighted,intercept,0.6408,0.1635,-0.0037,0.8747,0.0054,0.0598,0.0068,0.0795,0.0271,0.2111,0.9967,0.0005,0.9999,0.5785,0.624,0.1185,,
0.0898,xgb,weighted,isotonic,0.6387,0.1546,-0.0037,0.9289,0.0039,0.0437,0.0057,0.0796,0.0263,0.0711,0.9968,0.0005,0.9999,0.5316,0.6696,0.1216,,
0.0898,xgb,weighted,none,0.6408,0.1635,-2.1821,0.8747,0.3444,3.8351,0.3458,0.2079,-1.5439,-22.6873,0.2062,0.4821,0.7152,0.9995,0.0014,0.0058,,
0.0898,xgb,weighted,platt,0.6408,0.1635,-0.0035,1.002,0.0043,0.0484,0.0056,0.0795,0.0271,-0.2561,0.9969,0.0003,1.0,0.5901,0.6119,0.1176,,
0.0898,xgb,weighted,prior,0.6408,0.1635,0.134,0.8747,0.0104,0.1153,0.0101,0.0796,0.0262,6.0374,1.126,0.0003,1.0,0.4821,0.7152,0.1228,,
